// Generated by tools/fontconvert.c from assets/fonts/Anton-Regular.ttf at 64 px.
// Anton is licensed under the SIL Open Font License 1.1;
// see assets/fonts/Anton-OFL.txt. Do not edit by hand.
#pragma once

#include <M5Unified.h>

namespace tabulous {
namespace fontdata {

static const uint8_t Anton64Bitmaps[] = {
  0x00, 0xFF, 0xFF, 0xFF, 0xFF, 0xFF, 0xFF, 0xFF, 0xFF, 0xFF, 0xFF, 0xFF,
  0xFF, 0xDF, 0xFB, 0xFF,
  0x7F, 0xEF, 0xFD, 0xFF, 0xBF, 0xF3, 0xFE, 0x7F, 0xCF, 0xF9, 0xFF, 0x3F,
  0xE7, 0xFC, 0xFF, 0x9F,
  0xF3, 0xFE, 0x7F, 0xCF, 0xF9, 0xFF, 0x3F, 0xC7, 0xF8, 0xFF, 0x1F, 0xE3,
  0xFC, 0x7F, 0x87, 0xF0,
  0xFE, 0x1F, 0xC3, 0xF8, 0x7F, 0x0F, 0xE1, 0xFC, 0x3F, 0x80, 0x00, 0x00,
  0x00, 0x00, 0x00, 0x00,
  0x00, 0x07, 0xFF, 0xFF, 0xFF, 0xFF, 0xFF, 0xFF, 0xFF, 0xFF, 0xFF, 0xFF,
  0xFF, 0xFF, 0xFF, 0xE3,
  0xFF, 0xBF, 0xF1, 0xFF, 0xDF, 0xF8, 0xFF, 0xEF, 0xFC, 0x3F, 0xF7, 0xFE,
  0x1F, 0xFB, 0xFF, 0x0F,
  0xF9, 0xFF, 0x87, 0xFC, 0xFF, 0x83, 0xFE, 0x3F, 0xC1, 0xFF, 0x1F, 0xE0,
  0x7F, 0x8F, 0xF0, 0x3F,
  0xC7, 0xF8, 0x1F, 0xE3, 0xFC, 0x0F, 0xF1, 0xFE, 0x07, 0xF0, 0x7F, 0x03,
  0xF8, 0x3F, 0x01, 0xFC,
  0x1F, 0x80, 0x7E, 0x0F, 0xC0, 0x3F, 0x07, 0xE0, 0x1F, 0x83, 0xF0, 0x0F,
  0xC0, 0x00, 0x3F, 0xE0,
  0xFF, 0x80, 0x1F, 0xF0, 0x7F, 0xC0, 0x1F, 0xF0, 0x3F, 0xC0, 0x0F, 0xF8,
  0x3F, 0xE0, 0x07, 0xFC,
  0x1F, 0xF0, 0x03, 0xFE, 0x0F, 0xF8, 0x01, 0xFF, 0x07, 0xFC, 0x00, 0xFF,
  0x03, 0xFE, 0x00, 0xFF,
  0x83, 0xFE, 0x00, 0x7F, 0xC1, 0xFF, 0x00, 0x3F, 0xE0, 0xFF, 0x80, 0x1F,
  0xF0, 0x7F, 0xC0, 0x0F,
  0xF8, 0x3F, 0xE0, 0x0F, 0xF8, 0x3F, 0xE0, 0x07, 0xFC, 0x1F, 0xF0, 0x03,
  0xFE, 0x0F, 0xF8, 0x3F,
  0xFF, 0xFF, 0xFF, 0x9F, 0xFF, 0xFF, 0xFF, 0xCF, 0xFF, 0xFF, 0xFF, 0xE7,
  0xFF, 0xFF, 0xFF, 0xF3,
  0xFF, 0xFF, 0xFF, 0xF9, 0xFF, 0xFF, 0xFF, 0xFC, 0xFF, 0xFF, 0xFF, 0xFE,
  0x0F, 0xF8, 0x1F, 0xE0,
  0x07, 0xFC, 0x1F, 0xF0, 0x03, 0xFE, 0x0F, 0xF8, 0x01, 0xFF, 0x07, 0xFC,
  0x00, 0xFF, 0x83, 0xFE,
  0x0F, 0xFF, 0xFF, 0xFF, 0xE7, 0xFF, 0xFF, 0xFF, 0xF3, 0xFF, 0xFF, 0xFF,
  0xF9, 0xFF, 0xFF, 0xFF,
  0xFC, 0xFF, 0xFF, 0xFF, 0xFE, 0x7F, 0xFF, 0xFF, 0xFF, 0x3F, 0xFF, 0xFF,
  0xFF, 0x83, 0xFE, 0x0F,
  0xF8, 0x01, 0xFF, 0x07, 0xFC, 0x00, 0xFF, 0x83, 0xFE, 0x00, 0x7F, 0x81,
  0xFF, 0x00, 0x7F, 0xC1,
  0xFF, 0x00, 0x3F, 0xE0, 0xFF, 0x80, 0x1F, 0xF0, 0x7F, 0xC0, 0x0F, 0xF8,
  0x3F, 0xE0, 0x07, 0xF8,
  0x1F, 0xF0, 0x07, 0xFC, 0x1F, 0xF0, 0x03, 0xFE, 0x0F, 0xF8, 0x01, 0xFF,
  0x07, 0xFC, 0x00, 0xFF,
  0x83, 0xFE, 0x00, 0x7F, 0xC1, 0xFF, 0x00, 0x7F, 0xC0, 0xFF, 0x00, 0x3F,
  0xE0, 0xFF, 0x80, 0x00,
  0x00, 0x1F, 0x00, 0x00, 0x03, 0xE0, 0x00, 0x00, 0x7C, 0x00, 0x00, 0x0F,
  0x80, 0x00, 0x07, 0xFF,
  0x00, 0x07, 0xFF, 0xF8, 0x01, 0xFF, 0xFF, 0x80, 0x7F, 0xFF, 0xF8, 0x1F,
  0xFF, 0xFF, 0x87, 0xFF,
  0xFF, 0xF0, 0xFF, 0xFF, 0xFF, 0x3F, 0xFF, 0xFF, 0xE7, 0xFF, 0xFF, 0xFE,
  0xFF, 0xE3, 0xFF, 0xDF,
  0xF8, 0x3F, 0xFB, 0xFF, 0x07, 0xFF, 0x7F, 0xE0, 0xFF, 0xEF, 0xFE, 0x1F,
  0xFD, 0xFF, 0xC0, 0x00,
  0x3F, 0xFC, 0x00, 0x03, 0xFF, 0xC0, 0x00, 0x7F, 0xFC, 0x00, 0x07, 0xFF,
  0xC0, 0x00, 0xFF, 0xFC,
  0x00, 0x0F, 0xFF, 0xC0, 0x00, 0xFF, 0xFC, 0x00, 0x0F, 0xFF, 0xC0, 0x00,
  0xFF, 0xFC, 0x00, 0x0F,
  0xFF, 0xC0, 0x00, 0xFF, 0xFC, 0x00, 0x0F, 0xFF, 0xC0, 0x00, 0xFF, 0xFC,
  0x00, 0x0F, 0xFF, 0x80,
  0x00, 0xFF, 0xF8, 0x00, 0x0F, 0xFF, 0x00, 0x00, 0xFF, 0xFF, 0xFE, 0x0F,
  0xFF, 0xFF, 0xC1, 0xFF,
  0xFF, 0xF8, 0x3F, 0xFF, 0xFF, 0x07, 0xFF, 0xFF, 0xF0, 0xFF, 0xFF, 0xFE,
  0x1F, 0xFF, 0xFF, 0xFF,
  0xFF, 0xBF, 0xFF, 0xFF, 0xF7, 0xFF, 0xFF, 0xFE, 0xFF, 0xFF, 0xFF, 0x8F,
  0xFF, 0xFF, 0xF1, 0xFF,
  0xFF, 0xFC, 0x1F, 0xFF, 0xFF, 0x01, 0xFF, 0xFF, 0xC0, 0x1F, 0xFF, 0xF0,
  0x00, 0x7F, 0xF8, 0x00,
  0x01, 0xF0, 0x00, 0x00, 0x3E, 0x00, 0x00, 0x07, 0xC0, 0x00, 0x00, 0xF8,
  0x00, 0x00, 0x1F, 0x00,
  0x00, 0x00, 0x00, 0x00, 0x00, 0x0F, 0xFE, 0x00, 0x00, 0x00, 0x7F, 0xC0,
  0x00, 0x07, 0xFE, 0x00,
  0x00, 0x00, 0xFF, 0xF8, 0x00, 0x03, 0xFF, 0x00, 0x00, 0x01, 0xFF, 0xFF,
  0x00, 0x03, 0xFF, 0x80,
  0x00, 0x01, 0xFF, 0xFF, 0xC0, 0x01, 0xFF, 0x80, 0x00, 0x00, 0xFF, 0xFF,
  0xF0, 0x00, 0xFF, 0xC0,
  0x00, 0x00, 0xFF, 0xFF, 0xF8, 0x00, 0x7F, 0xE0, 0x00, 0x00, 0xFF, 0xFF,
  0xFE, 0x00, 0x7F, 0xE0,
  0x00, 0x00, 0x7F, 0xE3, 0xFF, 0x00, 0x3F, 0xF0, 0x00, 0x00, 0x3F, 0xE0,
  0xFF, 0x80, 0x1F, 0xF8,
  0x00, 0x00, 0x1F, 0xF0, 0x7F, 0xC0, 0x1F, 0xF8, 0x00, 0x00, 0x1F, 0xF8,
  0x3F, 0xF0, 0x0F, 0xFC,
  0x00, 0x00, 0x0F, 0xFC, 0x1F, 0xF8, 0x07, 0xFE, 0x00, 0x00, 0x07, 0xFE,
  0x0F, 0xFC, 0x07, 0xFF,
  0x00, 0x00, 0x03, 0xFF, 0x07, 0xFE, 0x03, 0xFF, 0x00, 0x00, 0x01, 0xFF,
  0x83, 0xFF, 0x01, 0xFF,
  0x80, 0x00, 0x00, 0xFF, 0xC1, 0xFF, 0x80, 0xFF, 0xC0, 0x00, 0x00, 0x7F,
  0xE0, 0xFF, 0xC0, 0xFF,
  0xC0, 0x00, 0x00, 0x3F, 0xF0, 0x7F, 0xE0, 0x7F, 0xE0, 0x00, 0x00, 0x1F,
  0xF8, 0x3F, 0xF0, 0x3F,
  0xF0, 0x0F, 0xF0, 0x0F, 0xFC, 0x1F, 0xF8, 0x3F, 0xF0, 0x3F, 0xFF, 0x07,
  0xFE, 0x0F, 0xFC, 0x1F,
  0xF8, 0x3F, 0xFF, 0xC3, 0xFF, 0x07, 0xFE, 0x0F, 0xFC, 0x3F, 0xFF, 0xF1,
  0xFF, 0x83, 0xFF, 0x0F,
  0xFE, 0x3F, 0xFF, 0xFC, 0xFF, 0xC1, 0xFF, 0x87, 0xFE, 0x3F, 0xFF, 0xFF,
  0x7F, 0xE0, 0xFF, 0xC3,
  0xFF, 0x1F, 0xFF, 0xFF, 0xBF, 0xF0, 0x7F, 0xE3, 0xFF, 0x8F, 0xF8, 0x7F,
  0xFF, 0xF8, 0x3F, 0xF1,
  0xFF, 0x8F, 0xF8, 0x1F, 0xFF, 0xFC, 0x1F, 0xF8, 0xFF, 0xC7, 0xFC, 0x0F,
  0xFB, 0xFE, 0x0F, 0xFC,
  0x7F, 0xE3, 0xFE, 0x07, 0xFD, 0xFF, 0x8F, 0xFC, 0x7F, 0xE1, 0xFF, 0x03,
  0xFE, 0xFF, 0xFF, 0xFE,
  0x3F, 0xF0, 0xFF, 0x81, 0xFF, 0x7F, 0xFF, 0xFF, 0x1F, 0xF8, 0x7F, 0xC0,
  0xFF, 0x9F, 0xFF, 0xFF,
  0x1F, 0xFC, 0x3F, 0xE0, 0x7F, 0xCF, 0xFF, 0xFF, 0x8F, 0xFC, 0x1F, 0xF0,
  0x3F, 0xE3, 0xFF, 0xFF,
  0x87, 0xFE, 0x0F, 0xF8, 0x1F, 0xF0, 0xFF, 0xFF, 0x87, 0xFF, 0x07, 0xFC,
  0x0F, 0xF8, 0x3F, 0xFF,
  0x83, 0xFF, 0x03, 0xFE, 0x07, 0xFC, 0x07, 0xFF, 0x01, 0xFF, 0x81, 0xFF,
  0x03, 0xFE, 0x00, 0x7E,
  0x00, 0xFF, 0xC0, 0xFF, 0x81, 0xFF, 0x00, 0x00, 0x00, 0xFF, 0xC0, 0x7F,
  0xC0, 0xFF, 0x80, 0x00,
  0x00, 0x7F, 0xE0, 0x3F, 0xE0, 0x7F, 0xC0, 0x00, 0x00, 0x3F, 0xF0, 0x1F,
  0xF0, 0x3F, 0xE0, 0x00,
  0x00, 0x3F, 0xF8, 0x0F, 0xF8, 0x1F, 0xF0, 0x00, 0x00, 0x1F, 0xF8, 0x07,
  0xFC, 0x0F, 0xF8, 0x00,
  0x00, 0x0F, 0xFC, 0x03, 0xFE, 0x07, 0xFC, 0x00, 0x00, 0x0F, 0xFE, 0x01,
  0xFF, 0x87, 0xFE, 0x00,
  0x00, 0x07, 0xFE, 0x00, 0xFF, 0xE7, 0xFF, 0x00, 0x00, 0x03, 0xFF, 0x00,
  0x3F, 0xFF, 0xFF, 0x80,
  0x00, 0x01, 0xFF, 0x80, 0x1F, 0xFF, 0xFF, 0x80, 0x00, 0x01, 0xFF, 0x80,
  0x0F, 0xFF, 0xFF, 0xC0,
  0x00, 0x00, 0xFF, 0xC0, 0x03, 0xFF, 0xFF, 0xC0, 0x00, 0x00, 0x7F, 0xE0,
  0x00, 0xFF, 0xFF, 0xC0,
  0x00, 0x00, 0x7F, 0xE0, 0x00, 0x3F, 0xFF, 0xE0, 0x00, 0x00, 0x3F, 0xF0,
  0x00, 0x0F, 0xFF, 0xC0,
  0x00, 0x00, 0x1F, 0xF8, 0x00, 0x01, 0xFF, 0x80, 0x00, 0x00, 0x00, 0x00,
  0x00, 0x00, 0x0C, 0x00,
  0x00, 0x00, 0x02, 0x00, 0x00, 0x00, 0xFF, 0xC0, 0x00, 0x03, 0xFF, 0xE0,
  0x00, 0x0F, 0xFF, 0xE0,
  0x00, 0x3F, 0xFF, 0xE0, 0x00, 0xFF, 0xFF, 0xE0, 0x01, 0xFF, 0xFF, 0xC0,
  0x07, 0xFF, 0xFF, 0x80,
  0x0F, 0xFF, 0xFF, 0x80, 0x1F, 0xF8, 0xFF, 0x00, 0x3F, 0xE1, 0xFE, 0x00,
  0x7F, 0xC3, 0xFC, 0x00,
  0xFF, 0xC7, 0xF8, 0x01, 0xFF, 0x8F, 0xF0, 0x03, 0xFF, 0x1F, 0xE0, 0x07,
  0xFF, 0x3F, 0xC0, 0x0F,
  0xFE, 0x7F, 0x80, 0x1F, 0xFD, 0xFF, 0x00, 0x1F, 0xFF, 0xFC, 0x00, 0x3F,
  0xFF, 0xF8, 0x00, 0x7F,
  0xFF, 0xF0, 0x00, 0x7F, 0xFF, 0xC0, 0x00, 0xFF, 0xFF, 0x00, 0x00, 0xFF,
  0xFC, 0x00, 0x01, 0xFF,
  0xF8, 0x00, 0x07, 0xFF, 0xC0, 0x00, 0x1F, 0xFF, 0x80, 0x00, 0x7F, 0xFF,
  0x01, 0x80, 0xFF, 0xFF,
  0x07, 0x03, 0xFF, 0xFE, 0x1F, 0x0F, 0xFF, 0xFC, 0x7F, 0x1F, 0xFF, 0xFC,
  0xFE, 0x7F, 0xFF, 0xFB,
  0xFE, 0xFF, 0xFF, 0xFF, 0xFD, 0xFF, 0x7F, 0xFF, 0xF3, 0xFE, 0xFF, 0xFF,
  0xCF, 0xFC, 0xFF, 0xFF,
  0x1F, 0xF9, 0xFF, 0xFE, 0x3F, 0xF1, 0xFF, 0xF8, 0x7F, 0xE3, 0xFF, 0xF0,
  0xFF, 0xC7, 0xFF, 0xC1,
  0xFF, 0x87, 0xFF, 0x83, 0xFF, 0x0F, 0xFE, 0x07, 0xFE, 0x0F, 0xFC, 0x0F,
  0xFC, 0x1F, 0xFC, 0x1F,
  0xF8, 0x1F, 0xF8, 0x3F, 0xF0, 0x3F, 0xF8, 0x3F, 0xE0, 0x7F, 0xF0, 0x7F,
  0xE1, 0xFF, 0xE0, 0xFF,
  0xFF, 0xFF, 0xE1, 0xFF, 0xFF, 0xFF, 0xC1, 0xFF, 0xFF, 0xFF, 0xC3, 0xFF,
  0xFF, 0xFF, 0x83, 0xFF,
  0xFF, 0xFF, 0x03, 0xFF, 0xFF, 0xFF, 0x03, 0xFF, 0xC7, 0xFE, 0x03, 0xFF,
  0x0F, 0xFE, 0x00, 0x20,
  0x00, 0x00, 0xFF, 0xEF, 0xFD, 0xFF, 0xBF, 0xF7, 0xFE, 0xFF, 0xDF, 0xFB,
  0xFE, 0x3F, 0xC7, 0xF8,
  0xFF, 0x1F, 0xE3, 0xFC, 0x7F, 0x87, 0xF0, 0xFC, 0x1F, 0x83, 0xF0, 0x7E,
  0x0F, 0xC0, 0x00, 0x1F,
  0x00, 0xFF, 0x03, 0xFF, 0x07, 0xFF, 0x0F, 0xFF, 0x1F, 0xFF, 0x3F, 0xFF,
  0x3F, 0xFF, 0x7F, 0xFF,
  0x7F, 0xF8, 0xFF, 0xF0, 0xFF, 0xF0, 0xFF, 0xE0, 0xFF, 0xE0, 0xFF, 0xE0,
  0xFF, 0xE0, 0xFF, 0xE0,
  0xFF, 0xE0, 0xFF, 0xE0, 0xFF, 0xE0, 0xFF, 0xE0, 0xFF, 0xE0, 0xFF, 0xE0,
  0xFF, 0xE0, 0xFF, 0xE0,
  0xFF, 0xE0, 0xFF, 0xE0, 0xFF, 0xE0, 0xFF, 0xE0, 0xFF, 0xE0, 0xFF, 0xE0,
  0xFF, 0xE0, 0xFF, 0xE0,
  0xFF, 0xE0, 0xFF, 0xE0, 0xFF, 0xE0, 0xFF, 0xE0, 0xFF, 0xE0, 0xFF, 0xE0,
  0xFF, 0xE0, 0xFF, 0xE0,
  0xFF, 0xE0, 0xFF, 0xE0, 0xFF, 0xE0, 0xFF, 0xE0, 0xFF, 0xE0, 0xFF, 0xE0,
  0xFF, 0xE0, 0xFF, 0xE0,
  0xFF, 0xE0, 0xFF, 0xE0, 0xFF, 0xF0, 0x7F, 0xF8, 0x7F, 0xFC, 0x3F, 0xFF,
  0x3F, 0xFF, 0x1F, 0xFF,
  0x1F, 0xFF, 0x0F, 0xFF, 0x07, 0xFF, 0x01, 0xFF, 0x00, 0xFF, 0x00, 0x1F,
  0xF8, 0x00, 0xFF, 0x00,
  0xFF, 0xC0, 0xFF, 0xE0, 0xFF, 0xF0, 0xFF, 0xF8, 0xFF, 0xF8, 0xFF, 0xFC,
  0xFF, 0xFC, 0x3F, 0xFE,
  0x1F, 0xFE, 0x0F, 0xFE, 0x0F, 0xFF, 0x0F, 0xFF, 0x0F, 0xFF, 0x0F, 0xFF,
  0x0F, 0xFF, 0x0F, 0xFF,
  0x0F, 0xFF, 0x0F, 0xFF, 0x0F, 0xFF, 0x0F, 0xFF, 0x0F, 0xFF, 0x0F, 0xFF,
  0x0F, 0xFF, 0x0F, 0xFF,
  0x0F, 0xFF, 0x0F, 0xFF, 0x0F, 0xFF, 0x0F, 0xFF, 0x0F, 0xFF, 0x0F, 0xFF,
  0x0F, 0xFF, 0x0F, 0xFF,
  0x0F, 0xFF, 0x0F, 0xFF, 0x0F, 0xFF, 0x0F, 0xFF, 0x0F, 0xFF, 0x0F, 0xFF,
  0x0F, 0xFF, 0x0F, 0xFF,
  0x0F, 0xFF, 0x0F, 0xFF, 0x0F, 0xFF, 0x0F, 0xFF, 0x0F, 0xFF, 0x0F, 0xFF,
  0x0F, 0xFF, 0x0F, 0xFF,
  0x0F, 0xFF, 0x0F, 0xFE, 0x0F, 0xFE, 0x1F, 0xFE, 0x7F, 0xFC, 0xFF, 0xFC,
  0xFF, 0xF8, 0xFF, 0xF8,
  0xFF, 0xF0, 0xFF, 0xE0, 0xFF, 0xC0, 0xFF, 0x80, 0xFE, 0x00, 0xF0, 0x00,
  0x00, 0x3F, 0x80, 0x00,
  0x07, 0xF0, 0x00, 0x00, 0xFE, 0x00, 0x00, 0x1F, 0xC0, 0x01, 0x83, 0xF8,
  0x30, 0x38, 0x3E, 0x0E,
  0x0F, 0xC7, 0xC7, 0xE1, 0xFC, 0xF9, 0xFC, 0x7F, 0xDF, 0x7F, 0xDF, 0xFF,
  0xFF, 0xFD, 0xFF, 0xFF,
  0xFE, 0x07, 0xFF, 0xFF, 0x00, 0x3F, 0xFF, 0x00, 0x01, 0xFF, 0xC0, 0x00,
  0xFF, 0xFE, 0x00, 0x7F,
  0xFF, 0xF0, 0x7F, 0xFF, 0xFF, 0x9F, 0xFF, 0xFF, 0xFD, 0xFF, 0x7D, 0xFF,
  0x3F, 0xCF, 0x9F, 0xC3,
  0xE1, 0xF0, 0xF8, 0x38, 0x3E, 0x0E, 0x06, 0x0F, 0xE0, 0xC0, 0x01, 0xFC,
  0x00, 0x00, 0x3F, 0x80,
  0x00, 0x07, 0xF0, 0x00, 0x00, 0xFE, 0x00, 0x00, 0x01, 0xFC, 0x00, 0x0F,
  0xE0, 0x00, 0x7F, 0x00,
  0x03, 0xF8, 0x00, 0x1F, 0xC0, 0x00, 0xFE, 0x00, 0x07, 0xF0, 0x1F, 0xFF,
  0xFF, 0xFF, 0xFF, 0xFF,
  0xFF, 0xFF, 0xFF, 0xFF, 0xFF, 0xFF, 0xFF, 0xFF, 0xFF, 0xFF, 0xFF, 0xFF,
  0xFC, 0x07, 0xF0, 0x00,
  0x3F, 0x80, 0x01, 0xFC, 0x00, 0x0F, 0xE0, 0x00, 0x7F, 0x00, 0x03, 0xF8,
  0x00, 0x1F, 0xC0, 0x00,
  0xFF, 0xFF, 0xFF, 0xFF, 0xFF, 0xFF, 0xFF, 0xFF, 0xFF, 0xFF, 0xFF, 0xFF,
  0xE1, 0xFC, 0x7F, 0x8F,
  0xE1, 0xFC, 0x3F, 0x8F, 0xE1, 0xFC, 0x3F, 0x00, 0xFF, 0xFF, 0xFF, 0xFF,
  0xFF, 0xFF, 0xFF, 0xFF,
  0xFF, 0xFF, 0xFF, 0xFF, 0xFF, 0xFF, 0xFF, 0xFF, 0xFF, 0xFF, 0xFF, 0xFF,
  0xFF, 0xFF, 0xFF, 0xFF,
  0xFF, 0xFF, 0xE0, 0x00, 0x07, 0xFF, 0x00, 0x0F, 0xFF, 0x00, 0x0F, 0xFF,
  0x00, 0x0F, 0xFE, 0x00,
  0x0F, 0xFE, 0x00, 0x1F, 0xFE, 0x00, 0x1F, 0xFE, 0x00, 0x1F, 0xFC, 0x00,
  0x1F, 0xFC, 0x00, 0x1F,
  0xFC, 0x00, 0x3F, 0xFC, 0x00, 0x3F, 0xF8, 0x00, 0x3F, 0xF8, 0x00, 0x3F,
  0xF8, 0x00, 0x7F, 0xF8,
  0x00, 0x7F, 0xF8, 0x00, 0x7F, 0xF0, 0x00, 0x7F, 0xF0, 0x00, 0xFF, 0xF0,
  0x00, 0xFF, 0xF0, 0x00,
  0xFF, 0xE0, 0x00, 0xFF, 0xE0, 0x00, 0xFF, 0xE0, 0x01, 0xFF, 0xE0, 0x01,
  0xFF, 0xC0, 0x01, 0xFF,
  0xC0, 0x01, 0xFF, 0xC0, 0x03, 0xFF, 0xC0, 0x03, 0xFF, 0xC0, 0x03, 0xFF,
  0x80, 0x03, 0xFF, 0x80,
  0x07, 0xFF, 0x80, 0x07, 0xFF, 0x80, 0x07, 0xFF, 0x00, 0x07, 0xFF, 0x00,
  0x07, 0xFF, 0x00, 0x0F,
  0xFF, 0x00, 0x0F, 0xFF, 0x00, 0x0F, 0xFE, 0x00, 0x0F, 0xFE, 0x00, 0x1F,
  0xFE, 0x00, 0x1F, 0xFE,
  0x00, 0x1F, 0xFC, 0x00, 0x1F, 0xFC, 0x00, 0x1F, 0xFC, 0x00, 0x3F, 0xFC,
  0x00, 0x3F, 0xF8, 0x00,
  0x3F, 0xF8, 0x00, 0x3F, 0xF8, 0x00, 0x7F, 0xF8, 0x00, 0x7F, 0xF8, 0x00,
  0x7F, 0xF0, 0x00, 0x7F,
  0xF0, 0x00, 0xFF, 0xF0, 0x00, 0xFF, 0xF0, 0x00, 0xFF, 0xE0, 0x00, 0x00,
  0x02, 0x00, 0x00, 0x03,
  0xFF, 0xC0, 0x00, 0xFF, 0xFF, 0x80, 0x0F, 0xFF, 0xFF, 0x00, 0xFF, 0xFF,
  0xFC, 0x0F, 0xFF, 0xFF,
  0xE0, 0x7F, 0xFF, 0xFF, 0x87, 0xFF, 0xFF, 0xFE, 0x3F, 0xFF, 0xFF, 0xF3,
  0xFF, 0xFF, 0xFF, 0x9F,
  0xFF, 0xFF, 0xFE, 0xFF, 0xF0, 0xFF, 0xF7, 0xFF, 0x07, 0xFF, 0xFF, 0xF8,
  0x3F, 0xFF, 0xFF, 0xC1,
  0xFF, 0xFF, 0xFE, 0x07, 0xFF, 0xFF, 0xF0, 0x3F, 0xFF, 0xFF, 0x81, 0xFF,
  0xFF, 0xFC, 0x0F, 0xFF,
  0xFF, 0xE0, 0x7F, 0xFF, 0xFF, 0x03, 0xFF, 0xFF, 0xF8, 0x1F, 0xFF, 0xFF,
  0xC0, 0xFF, 0xFF, 0xFE,
  0x07, 0xFF, 0xFF, 0xF0, 0x3F, 0xFF, 0xFF, 0x81, 0xFF, 0xFF, 0xFC, 0x0F,
  0xFF, 0xFF, 0xE0, 0x7F,
  0xFF, 0xFF, 0x03, 0xFF, 0xFF, 0xF8, 0x1F, 0xFF, 0xFF, 0xC0, 0xFF, 0xFF,
  0xFE, 0x07, 0xFF, 0xFF,
  0xF0, 0x3F, 0xFF, 0xFF, 0x81, 0xFF, 0xFF, 0xFC, 0x0F, 0xFF, 0xFF, 0xE0,
  0x7F, 0xFF, 0xFF, 0x03,
  0xFF, 0xFF, 0xF8, 0x1F, 0xFF, 0xFF, 0xC0, 0xFF, 0xFF, 0xFE, 0x07, 0xFF,
  0xFF, 0xF0, 0x3F, 0xFF,
  0xFF, 0x81, 0xFF, 0xFF, 0xFC, 0x0F, 0xFF, 0xFF, 0xE0, 0x7F, 0xFF, 0xFF,
  0x07, 0xFF, 0xFF, 0xF8,
  0x3F, 0xFD, 0xFF, 0xE1, 0xFF, 0xEF, 0xFF, 0xFF, 0xFF, 0x7F, 0xFF, 0xFF,
  0xF3, 0xFF, 0xFF, 0xFF,
  0x8F, 0xFF, 0xFF, 0xFC, 0x7F, 0xFF, 0xFF, 0xC1, 0xFF, 0xFF, 0xFC, 0x07,
  0xFF, 0xFF, 0xE0, 0x1F,
  0xFF, 0xFE, 0x00, 0x7F, 0xFF, 0xC0, 0x00, 0x7F, 0xF8, 0x00, 0x00, 0x18,
  0x00, 0x00, 0x00, 0x7F,
  0xC0, 0x1F, 0xF0, 0x0F, 0xFC, 0x07, 0xFF, 0x03, 0xFF, 0xC3, 0xFF, 0xF3,
  0xFF, 0xFF, 0xFF, 0xFF,
  0xFF, 0xFF, 0xFF, 0xFF, 0xFF, 0xFF, 0xFF, 0xFF, 0xFF, 0xFF, 0xFF, 0xFF,
  0x7F, 0xFF, 0x9F, 0xFF,
  0x87, 0xFF, 0x01, 0xFF, 0xC0, 0x7F, 0xF0, 0x1F, 0xFC, 0x07, 0xFF, 0x01,
  0xFF, 0xC0, 0x7F, 0xF0,
  0x1F, 0xFC, 0x07, 0xFF, 0x01, 0xFF, 0xC0, 0x7F, 0xF0, 0x1F, 0xFC, 0x07,
  0xFF, 0x01, 0xFF, 0xC0,
  0x7F, 0xF0, 0x1F, 0xFC, 0x07, 0xFF, 0x01, 0xFF, 0xC0, 0x7F, 0xF0, 0x1F,
  0xFC, 0x07, 0xFF, 0x01,
  0xFF, 0xC0, 0x7F, 0xF0, 0x1F, 0xFC, 0x07, 0xFF, 0x01, 0xFF, 0xC0, 0x7F,
  0xF0, 0x1F, 0xFC, 0x07,
  0xFF, 0x01, 0xFF, 0xC0, 0x7F, 0xF0, 0x1F, 0xFC, 0x07, 0xFF, 0x01, 0xFF,
  0xC0, 0x7F, 0xF0, 0x1F,
  0xFC, 0x07, 0xFF, 0x01, 0xFF, 0xC0, 0x7F, 0xF0, 0x1F, 0xFC, 0x07, 0xFF,
  0x00, 0x7F, 0xE0, 0x00,
  0x0F, 0xFF, 0xE0, 0x01, 0xFF, 0xFF, 0x80, 0x1F, 0xFF, 0xFF, 0x01, 0xFF,
  0xFF, 0xFC, 0x1F, 0xFF,
  0xFF, 0xE0, 0xFF, 0xFF, 0xFF, 0x8F, 0xFF, 0xFF, 0xFC, 0x7F, 0xFF, 0xFF,
  0xF3, 0xFF, 0xFF, 0xFF,
  0x9F, 0xFF, 0xFF, 0xFD, 0xFF, 0xF1, 0xFF, 0xFF, 0xFF, 0x07, 0xFF, 0xFF,
  0xF8, 0x3F, 0xFF, 0xFF,
  0xC1, 0xFF, 0xFF, 0xFE, 0x0F, 0xFF, 0xFF, 0xF0, 0x7F, 0xFF, 0xFF, 0x83,
  0xFF, 0xFF, 0xFC, 0x1F,
  0xFF, 0xFF, 0xE0, 0xFF, 0xFF, 0xFF, 0x07, 0xFF, 0x7F, 0xF8, 0x7F, 0xF8,
  0x00, 0x03, 0xFF, 0xC0,
  0x00, 0x1F, 0xFE, 0x00, 0x01, 0xFF, 0xE0, 0x00, 0x0F, 0xFF, 0x00, 0x00,
  0xFF, 0xF0, 0x00, 0x07,
  0xFF, 0x80, 0x00, 0x7F, 0xF8, 0x00, 0x07, 0xFF, 0xC0, 0x00, 0x3F, 0xFC,
  0x00, 0x03, 0xFF, 0xC0,
  0x00, 0x3F, 0xFC, 0x00, 0x03, 0xFF, 0xE0, 0x00, 0x1F, 0xFE, 0x00, 0x01,
  0xFF, 0xE0, 0x00, 0x1F,
  0xFE, 0x00, 0x01, 0xFF, 0xF0, 0x00, 0x1F, 0xFF, 0x00, 0x00, 0xFF, 0xF0,
  0x00, 0x0F, 0xFF, 0x00,
  0x00, 0xFF, 0xF0, 0x00, 0x07, 0xFF, 0x80, 0x00, 0x7F, 0xF8, 0x00, 0x03,
  0xFF, 0xC0, 0x00, 0x3F,
  0xFF, 0xFF, 0xF9, 0xFF, 0xFF, 0xFF, 0xCF, 0xFF, 0xFF, 0xFE, 0xFF, 0xFF,
  0xFF, 0xF7, 0xFF, 0xFF,
  0xFF, 0xBF, 0xFF, 0xFF, 0xFD, 0xFF, 0xFF, 0xFF, 0xEF, 0xFF, 0xFF, 0xFF,
  0x7F, 0xFF, 0xFF, 0xFB,
  0xFF, 0xFF, 0xFF, 0xDF, 0xFF, 0xFF, 0xFE, 0x00, 0x3F, 0xF0, 0x00, 0x0F,
  0xFF, 0xE0, 0x01, 0xFF,
  0xFF, 0xC0, 0x1F, 0xFF, 0xFF, 0x01, 0xFF, 0xFF, 0xFC, 0x0F, 0xFF, 0xFF,
  0xF0, 0xFF, 0xFF, 0xFF,
  0x87, 0xFF, 0xFF, 0xFE, 0x7F, 0xFF, 0xFF, 0xF3, 0xFF, 0xFF, 0xFF, 0x9F,
  0xFE, 0x3F, 0xFE, 0xFF,
  0xF0, 0xFF, 0xF7, 0xFF, 0x07, 0xFF, 0xBF, 0xF8, 0x3F, 0xFF, 0xFF, 0xC0,
  0xFF, 0xFF, 0xFE, 0x07,
  0xFF, 0x7F, 0xF0, 0x3F, 0xF8, 0x00, 0x03, 0xFF, 0xC0, 0x00, 0x1F, 0xFE,
  0x00, 0x01, 0xFF, 0xF0,
  0x00, 0x1F, 0xFF, 0x00, 0x07, 0xFF, 0xF8, 0x00, 0x3F, 0xFF, 0xC0, 0x01,
  0xFF, 0xFC, 0x00, 0x0F,
  0xFF, 0xC0, 0x00, 0x7F, 0xFC, 0x00, 0x03, 0xFF, 0xE0, 0x00, 0x1F, 0xFF,
  0x80, 0x00, 0xFF, 0xFE,
  0x00, 0x07, 0xFF, 0xF8, 0x00, 0x3F, 0xFF, 0xC0, 0x00, 0x3F, 0xFE, 0x00,
  0x00, 0xFF, 0xF8, 0x00,
  0x03, 0xFF, 0xC0, 0x00, 0x1F, 0xFF, 0xFF, 0xE0, 0xFF, 0xFF, 0xFF, 0x07,
  0xFF, 0xFF, 0xF8, 0x3F,
  0xFF, 0xFF, 0xC1, 0xFF, 0xFF, 0xFE, 0x0F, 0xFF, 0xFF, 0xF0, 0x7F, 0xFF,
  0xFF, 0x83, 0xFF, 0xFF,
  0xFC, 0x1F, 0xFF, 0xFF, 0xE0, 0xFF, 0xFF, 0xFF, 0x07, 0xFF, 0xFF, 0xF8,
  0x3F, 0xF9, 0xFF, 0xFF,
  0xFF, 0xCF, 0xFF, 0xFF, 0xFE, 0x7F, 0xFF, 0xFF, 0xF1, 0xFF, 0xFF, 0xFF,
  0x0F, 0xFF, 0xFF, 0xF8,
  0x3F, 0xFF, 0xFF, 0x81, 0xFF, 0xFF, 0xF8, 0x07, 0xFF, 0xFF, 0x80, 0x0F,
  0xFF, 0xF8, 0x00, 0x1F,
  0xFF, 0x00, 0x00, 0x06, 0x00, 0x00, 0x00, 0x3F, 0xFF, 0xE0, 0x00, 0xFF,
  0xFF, 0x80, 0x07, 0xFF,
  0xFE, 0x00, 0x1F, 0xFF, 0xF8, 0x00, 0x7F, 0xFF, 0xE0, 0x03, 0xFF, 0xFF,
  0x80, 0x0F, 0xFF, 0xFE,
  0x00, 0x3F, 0xFF, 0xF8, 0x00, 0xFF, 0xFF, 0xE0, 0x07, 0xFF, 0xFF, 0x80,
  0x1F, 0xFF, 0xFE, 0x00,
  0x7F, 0xBF, 0xF8, 0x01, 0xFE, 0xFF, 0xE0, 0x0F, 0xFB, 0xFF, 0x80, 0x3F,
  0xEF, 0xFE, 0x00, 0xFF,
  0xBF, 0xF8, 0x03, 0xFC, 0xFF, 0xE0, 0x1F, 0xF3, 0xFF, 0x80, 0x7F, 0xCF,
  0xFE, 0x01, 0xFF, 0x3F,
  0xF8, 0x0F, 0xF8, 0xFF, 0xE0, 0x3F, 0xE3, 0xFF, 0x80, 0xFF, 0x8F, 0xFE,
  0x03, 0xFE, 0x3F, 0xF8,
  0x1F, 0xF8, 0xFF, 0xE0, 0x7F, 0xC3, 0xFF, 0x81, 0xFF, 0x0F, 0xFE, 0x07,
  0xFC, 0x3F, 0xF8, 0x3F,
  0xF0, 0xFF, 0xE0, 0xFF, 0x83, 0xFF, 0x83, 0xFE, 0x0F, 0xFE, 0x0F, 0xF8,
  0x3F, 0xF8, 0x7F, 0xE0,
  0xFF, 0xE1, 0xFF, 0x03, 0xFF, 0x87, 0xFC, 0x0F, 0xFE, 0x3F, 0xF0, 0x3F,
  0xF8, 0xFF, 0xC0, 0xFF,
  0xE3, 0xFF, 0x03, 0xFF, 0x8F, 0xFF, 0xFF, 0xFF, 0xFF, 0xFF, 0xFF, 0xFF,
  0xFF, 0xFF, 0xFF, 0xFF,
  0xFF, 0xFF, 0xFF, 0xFF, 0xFF, 0xFF, 0xFF, 0xFF, 0xFF, 0xFF, 0xFF, 0xFF,
  0xFF, 0xFF, 0xFF, 0xFF,
  0xFF, 0xFF, 0xFF, 0xFF, 0xFF, 0xFF, 0xC0, 0x00, 0x3F, 0xF8, 0x00, 0x00,
  0xFF, 0xE0, 0x00, 0x03,
  0xFF, 0x80, 0x00, 0x0F, 0xFE, 0x00, 0x00, 0x3F, 0xF8, 0x00, 0x00, 0xFF,
  0xE0, 0x00, 0x03, 0xFF,
  0x80, 0x00, 0x0F, 0xFE, 0x00, 0x00, 0x3F, 0xF8, 0x3F, 0xFF, 0xFF, 0xF0,
  0xFF, 0xFF, 0xFF, 0xC3,
  0xFF, 0xFF, 0xFF, 0x0F, 0xFF, 0xFF, 0xFC, 0x3F, 0xFF, 0xFF, 0xF0, 0xFF,
  0xFF, 0xFF, 0xC3, 0xFF,
  0xFF, 0xFF, 0x0F, 0xFF, 0xFF, 0xFC, 0x3F, 0xFF, 0xFF, 0xF0, 0xFF, 0xFF,
  0xFF, 0xC3, 0xFF, 0x00,
  0x00, 0x0F, 0xFC, 0x00, 0x00, 0x3F, 0xF0, 0x00, 0x00, 0xFF, 0xC0, 0x00,
  0x03, 0xFF, 0x00, 0x00,
  0x0F, 0xFC, 0x00, 0x00, 0x3F, 0xF1, 0xFC, 0x00, 0xFF, 0xDF, 0xFC, 0x03,
  0xFF, 0xFF, 0xF8, 0x0F,
  0xFF, 0xFF, 0xF0, 0x3F, 0xFF, 0xFF, 0xE0, 0xFF, 0xFF, 0xFF, 0x83, 0xFF,
  0xFF, 0xFF, 0x0F, 0xFF,
  0xFF, 0xFC, 0x3F, 0xFF, 0xFF, 0xF0, 0xFF, 0xE1, 0xFF, 0xE3, 0xFF, 0x07,
  0xFF, 0x8F, 0xFC, 0x1F,
  0xFE, 0x3F, 0xF0, 0x3F, 0xF8, 0x00, 0x00, 0xFF, 0xE0, 0x00, 0x03, 0xFF,
  0x80, 0x00, 0x0F, 0xFE,
  0x00, 0x00, 0x3F, 0xF8, 0x00, 0x00, 0xFF, 0xF0, 0x00, 0x03, 0xFF, 0xFF,
  0xFC, 0x0F, 0xFF, 0xFF,
  0xF0, 0x3F, 0xFF, 0xFF, 0xC0, 0xFF, 0xEF, 0xFF, 0x03, 0xFF, 0xBF, 0xFC,
  0x0F, 0xFE, 0xFF, 0xF0,
  0x3F, 0xFB, 0xFF, 0xC0, 0xFF, 0xEF, 0xFF, 0x03, 0xFF, 0xBF, 0xFC, 0x0F,
  0xFE, 0xFF, 0xF0, 0x7F,
  0xF9, 0xFF, 0xE1, 0xFF, 0xE7, 0xFF, 0xFF, 0xFF, 0x1F, 0xFF, 0xFF, 0xFC,
  0x7F, 0xFF, 0xFF, 0xF1,
  0xFF, 0xFF, 0xFF, 0x83, 0xFF, 0xFF, 0xFE, 0x07, 0xFF, 0xFF, 0xF0, 0x1F,
  0xFF, 0xFF, 0xC0, 0x1F,
  0xFF, 0xFE, 0x00, 0x3F, 0xFF, 0xE0, 0x00, 0x3F, 0xFE, 0x00, 0x00, 0x03,
  0x00, 0x00, 0x00, 0x02,
  0x00, 0x00, 0x07, 0xFF, 0xC0, 0x00, 0xFF, 0xFF, 0x80, 0x0F, 0xFF, 0xFE,
  0x00, 0xFF, 0xFF, 0xF8,
  0x0F, 0xFF, 0xFF, 0xE0, 0xFF, 0xFF, 0xFF, 0x87, 0xFF, 0xFF, 0xFC, 0x7F,
  0xFF, 0xFF, 0xF3, 0xFF,
  0xFF, 0xFF, 0x9F, 0xFF, 0xFF, 0xFC, 0xFF, 0xE0, 0xFF, 0xEF, 0xFF, 0x07,
  0xFF, 0x7F, 0xF0, 0x3F,
  0xFB, 0xFF, 0x81, 0xFF, 0xDF, 0xFC, 0x0F, 0xFE, 0xFF, 0xE0, 0x7F, 0xF7,
  0xFF, 0x00, 0x00, 0x3F,
  0xF8, 0x00, 0x01, 0xFF, 0xC0, 0x00, 0x0F, 0xFE, 0x00, 0x00, 0x7F, 0xF0,
  0x00, 0x03, 0xFF, 0x87,
  0xF0, 0x1F, 0xFC, 0xFF, 0xE0, 0xFF, 0xEF, 0xFF, 0x87, 0xFF, 0xFF, 0xFE,
  0x3F, 0xFF, 0xFF, 0xF9,
  0xFF, 0xFF, 0xFF, 0xCF, 0xFF, 0xFF, 0xFF, 0x7F, 0xFF, 0xFF, 0xFB, 0xFF,
  0xFF, 0xFF, 0xDF, 0xFF,
  0xFF, 0xFE, 0xFF, 0xF8, 0xFF, 0xFF, 0xFF, 0x87, 0xFF, 0xFF, 0xF8, 0x1F,
  0xFF, 0xFF, 0xC0, 0xFF,
  0xFF, 0xFE, 0x07, 0xFF, 0xFF, 0xF0, 0x3F, 0xFF, 0xFF, 0x81, 0xFF, 0xFF,
  0xFC, 0x0F, 0xFF, 0xFF,
  0xE0, 0x7F, 0xFF, 0xFF, 0x03, 0xFF, 0xFF, 0xF8, 0x1F, 0xFF, 0xFF, 0xC0,
  0xFF, 0xFF, 0xFE, 0x07,
  0xFF, 0x7F, 0xF8, 0x7F, 0xFB, 0xFF, 0xC3, 0xFF, 0xDF, 0xFF, 0xFF, 0xFE,
  0x7F, 0xFF, 0xFF, 0xF3,
  0xFF, 0xFF, 0xFF, 0x1F, 0xFF, 0xFF, 0xF8, 0x7F, 0xFF, 0xFF, 0x83, 0xFF,
  0xFF, 0xFC, 0x0F, 0xFF,
  0xFF, 0xC0, 0x3F, 0xFF, 0xFC, 0x00, 0x7F, 0xFF, 0xC0, 0x00, 0xFF, 0xF8,
  0x00, 0x00, 0x38, 0x00,
  0x00, 0xFF, 0xFF, 0xFF, 0xFF, 0xFF, 0xFF, 0xFF, 0xFF, 0xFF, 0xFF, 0xFF,
  0xFF, 0xFF, 0xFF, 0xFF,
  0xFF, 0xFF, 0xFF, 0xFF, 0xFF, 0xFF, 0xFF, 0xFF, 0xFF, 0xFF, 0xFF, 0xFF,
  0xFF, 0xFF, 0xFF, 0xFF,
  0xFF, 0xFF, 0xFF, 0xFF, 0x00, 0x00, 0xFF, 0xE0, 0x00, 0x1F, 0xFE, 0x00,
  0x01, 0xFF, 0xE0, 0x00,
  0x3F, 0xFE, 0x00, 0x03, 0xFF, 0xC0, 0x00, 0x7F, 0xFC, 0x00, 0x07, 0xFF,
  0xC0, 0x00, 0x7F, 0xF8,
  0x00, 0x0F, 0xFF, 0x80, 0x00, 0xFF, 0xF0, 0x00, 0x1F, 0xFF, 0x00, 0x01,
  0xFF, 0xF0, 0x00, 0x1F,
  0xFE, 0x00, 0x03, 0xFF, 0xE0, 0x00, 0x3F, 0xFC, 0x00, 0x03, 0xFF, 0xC0,
  0x00, 0x7F, 0xFC, 0x00,
  0x07, 0xFF, 0x80, 0x00, 0xFF, 0xF8, 0x00, 0x0F, 0xFF, 0x00, 0x00, 0xFF,
  0xF0, 0x00, 0x1F, 0xFF,
  0x00, 0x01, 0xFF, 0xE0, 0x00, 0x1F, 0xFE, 0x00, 0x03, 0xFF, 0xE0, 0x00,
  0x3F, 0xFE, 0x00, 0x03,
  0xFF, 0xC0, 0x00, 0x3F, 0xFC, 0x00, 0x07, 0xFF, 0xC0, 0x00, 0x7F, 0xF8,
  0x00, 0x07, 0xFF, 0x80,
  0x00, 0x7F, 0xF8, 0x00, 0x0F, 0xFF, 0x80, 0x00, 0xFF, 0xF8, 0x00, 0x0F,
  0xFF, 0x00, 0x00, 0xFF,
  0xF0, 0x00, 0x0F, 0xFF, 0x00, 0x01, 0xFF, 0xF0, 0x00, 0x1F, 0xFF, 0x00,
  0x01, 0xFF, 0xF0, 0x00,
  0x1F, 0xFE, 0x00, 0x01, 0xFF, 0xE0, 0x00, 0x1F, 0xFE, 0x00, 0x01, 0xFF,
  0xE0, 0x00, 0x1F, 0xFE,
  0x00, 0x01, 0xFF, 0xE0, 0x00, 0x00, 0x02, 0x00, 0x00, 0x07, 0xFF, 0xE0,
  0x00, 0xFF, 0xFF, 0xC0,
  0x0F, 0xFF, 0xFF, 0x00, 0xFF, 0xFF, 0xFC, 0x0F, 0xFF, 0xFF, 0xF0, 0xFF,
  0xFF, 0xFF, 0x87, 0xFF,
  0xFF, 0xFE, 0x7F, 0xFF, 0xFF, 0xF3, 0xFF, 0xFF, 0xFF, 0xDF, 0xFF, 0xFF,
  0xFE, 0xFF, 0xF0, 0xFF,
  0xF7, 0xFF, 0x07, 0xFF, 0xFF, 0xF8, 0x3F, 0xFF, 0xFF, 0xC0, 0xFF, 0xFF,
  0xFE, 0x07, 0xFF, 0xFF,
  0xF0, 0x3F, 0xFF, 0xFF, 0x81, 0xFF, 0xDF, 0xFC, 0x1F, 0xFE, 0xFF, 0xF0,
  0xFF, 0xF7, 0xFF, 0x8F,
  0xFF, 0xBF, 0xFF, 0xFF, 0xF8, 0xFF, 0xFF, 0xFF, 0xC7, 0xFF, 0xFF, 0xFC,
  0x1F, 0xFF, 0xFF, 0xC0,
  0x3F, 0xFF, 0xFC, 0x03, 0xFF, 0xFF, 0xF0, 0x3F, 0xFF, 0xFF, 0xC3, 0xFF,
  0xFF, 0xFF, 0x1F, 0xFF,
  0xFF, 0xF9, 0xFF, 0xFF, 0xFF, 0xEF, 0xFF, 0x1F, 0xFF, 0x7F, 0xF0, 0x7F,
  0xFB, 0xFF, 0x83, 0xFF,
  0xDF, 0xFC, 0x0F, 0xFF, 0xFF, 0xE0, 0x7F, 0xFF, 0xFF, 0x03, 0xFF, 0xFF,
  0xF8, 0x1F, 0xFF, 0xFF,
  0xC0, 0xFF, 0xFF, 0xFE, 0x07, 0xFF, 0xFF, 0xF0, 0x3F, 0xFF, 0xFF, 0x81,
  0xFF, 0xFF, 0xFC, 0x0F,
  0xFE, 0xFF, 0xE0, 0x7F, 0xF7, 0xFF, 0x07, 0xFF, 0xBF, 0xFC, 0x3F, 0xFD,
  0xFF, 0xFF, 0xFF, 0xEF,
  0xFF, 0xFF, 0xFE, 0x7F, 0xFF, 0xFF, 0xF1, 0xFF, 0xFF, 0xFF, 0x8F, 0xFF,
  0xFF, 0xF8, 0x3F, 0xFF,
  0xFF, 0xC1, 0xFF, 0xFF, 0xFC, 0x07, 0xFF, 0xFF, 0xE0, 0x1F, 0xFF, 0xFC,
  0x00, 0x7F, 0xFF, 0xC0,
  0x00, 0xFF, 0xF8, 0x00, 0x00, 0x18, 0x00, 0x00, 0x00, 0x02, 0x00, 0x00,
  0x07, 0xFF, 0xC0, 0x00,
  0xFF, 0xFF, 0x80, 0x0F, 0xFF, 0xFE, 0x00, 0xFF, 0xFF, 0xF8, 0x0F, 0xFF,
  0xFF, 0xE0, 0xFF, 0xFF,
  0xFF, 0x87, 0xFF, 0xFF, 0xFC, 0x7F, 0xFF, 0xFF, 0xF3, 0xFF, 0xFF, 0xFF,
  0x9F, 0xFF, 0xFF, 0xFD,
  0xFF, 0xE1, 0xFF, 0xEF, 0xFF, 0x07, 0xFF, 0x7F, 0xF8, 0x3F, 0xFF, 0xFF,
  0xC1, 0xFF, 0xFF, 0xFE,
  0x0F, 0xFF, 0xFF, 0xF0, 0x7F, 0xFF, 0xFF, 0x83, 0xFF, 0xFF, 0xFC, 0x1F,
  0xFF, 0xFF, 0xE0, 0xFF,
  0xFF, 0xFF, 0x07, 0xFF, 0xFF, 0xF8, 0x3F, 0xFF, 0xFF, 0xC1, 0xFF, 0xFF,
  0xFE, 0x0F, 0xFF, 0xFF,
  0xF0, 0x7F, 0xFF, 0xFF, 0xC7, 0xFF, 0xFF, 0xFF, 0xFF, 0xFF, 0xFF, 0xFF,
  0xFF, 0xF7, 0xFF, 0xFF,
  0xFF, 0xBF, 0xFF, 0xFF, 0xFD, 0xFF, 0xFF, 0xFF, 0xE7, 0xFF, 0xFF, 0xFF,
  0x3F, 0xFF, 0xFF, 0xF8,
  0xFF, 0xFF, 0xFF, 0xC1, 0xFF, 0xDF, 0xFE, 0x03, 0xF8, 0xFF, 0xF0, 0x00,
  0x07, 0xFF, 0x80, 0x00,
  0x3F, 0xFC, 0x00, 0x01, 0xFF, 0xE0, 0x00, 0x0F, 0xFF, 0x00, 0x00, 0x7F,
  0xFB, 0xFF, 0x03, 0xFF,
  0xDF, 0xF8, 0x1F, 0xFC, 0xFF, 0xC0, 0xFF, 0xE7, 0xFE, 0x07, 0xFF, 0x3F,
  0xF8, 0x3F, 0xF9, 0xFF,
  0xC3, 0xFF, 0xCF, 0xFF, 0xFF, 0xFE, 0x7F, 0xFF, 0xFF, 0xE3, 0xFF, 0xFF,
  0xFF, 0x1F, 0xFF, 0xFF,
  0xF8, 0x7F, 0xFF, 0xFF, 0x83, 0xFF, 0xFF, 0xFC, 0x0F, 0xFF, 0xFF, 0xC0,
  0x3F, 0xFF, 0xFC, 0x00,
  0x7F, 0xFF, 0xC0, 0x00, 0xFF, 0xF0, 0x00, 0x00, 0x30, 0x00, 0x00, 0xFF,
  0xFF, 0xFF, 0xFF, 0xFF,
  0xFF, 0xFF, 0xFF, 0xFF, 0xFF, 0xFF, 0xFF, 0xE0, 0x00, 0x00, 0x00, 0x00,
  0x00, 0x00, 0x00, 0x00,
  0x00, 0x00, 0x00, 0x00, 0x00, 0x00, 0x00, 0x00, 0x00, 0x00, 0x00, 0x00,
  0xFF, 0xFF, 0xFF, 0xFF,
  0xFF, 0xFF, 0xFF, 0xFF, 0xFF, 0xFF, 0xFF, 0xFF, 0xE0, 0xFF, 0xEF, 0xFE,
  0xFF, 0xEF, 0xFE, 0xFF,
  0xEF, 0xFE, 0xFF, 0xEF, 0xFE, 0xFF, 0xE0, 0x00, 0x00, 0x00, 0x00, 0x00,
  0x00, 0x00, 0x00, 0x00,
  0x00, 0x00, 0x00, 0x00, 0x00, 0x00, 0x00, 0x00, 0x00, 0x00, 0x00, 0x0F,
  0xFF, 0xFF, 0xFF, 0xFF,
  0xFF, 0xFF, 0xFF, 0xFF, 0xFF, 0xFF, 0xFF, 0xFF, 0xFF, 0x0F, 0xE0, 0xFE,
  0x1F, 0xE1, 0xFC, 0x1F,
  0xC1, 0xFC, 0x3F, 0x83, 0xF8, 0x00, 0x00, 0x40, 0x00, 0x30, 0x00, 0x3C,
  0x00, 0x1F, 0x00, 0x1F,
  0xC0, 0x1F, 0xF0, 0x0F, 0xFC, 0x0F, 0xFF, 0x0F, 0xFF, 0xC7, 0xFF, 0xF7,
  0xFF, 0xFF, 0xFF, 0xFF,
  0xFF, 0xFF, 0x3F, 0xFF, 0x8F, 0xFF, 0x83, 0xFF, 0x80, 0xFF, 0x80, 0x3F,
  0x80, 0x0F, 0xF8, 0x03,
  0xFF, 0x80, 0xFF, 0xF0, 0x3F, 0xFF, 0x0F, 0xFF, 0xF3, 0xFF, 0xFF, 0x7F,
  0xFF, 0xC7, 0xFF, 0xF0,
  0xFF, 0xFC, 0x0F, 0xFF, 0x00, 0xFF, 0xC0, 0x1F, 0xF0, 0x01, 0xFC, 0x00,
  0x1F, 0x00, 0x03, 0xC0,
  0x00, 0x30, 0x00, 0x04, 0xFF, 0xFF, 0xFF, 0xFF, 0xFF, 0xFF, 0xFF, 0xFF,
  0xFF, 0xFF, 0xFF, 0xFF,
  0xFF, 0xFF, 0x00, 0x00, 0x00, 0x00, 0x00, 0x00, 0x00, 0x00, 0x00, 0x00,
  0xFF, 0xFF, 0xFF, 0xFF,
  0xFF, 0xFF, 0xFF, 0xFF, 0xFF, 0xFF, 0xFF, 0xFF, 0xFF, 0xFF, 0x80, 0x00,
  0x60, 0x00, 0x38, 0x00,
  0x1F, 0x00, 0x0F, 0xE0, 0x07, 0xF8, 0x03, 0xFF, 0x01, 0xFF, 0xE0, 0xFF,
  0xF8, 0x7F, 0xFF, 0x3F,
  0xFF, 0xFF, 0xFF, 0xF7, 0xFF, 0xF8, 0xFF, 0xFC, 0x1F, 0xFE, 0x03, 0xFF,
  0x00, 0xFF, 0x80, 0x1F,
  0xC0, 0x1F, 0xE0, 0x3F, 0xF0, 0x7F, 0xF8, 0xFF, 0xFC, 0xFF, 0xFF, 0xFF,
  0xFF, 0xFF, 0xFF, 0xFF,
  0xFF, 0x3F, 0xFE, 0x1F, 0xFE, 0x0F, 0xFC, 0x07, 0xF8, 0x03, 0xF8, 0x01,
  0xF0, 0x00, 0xE0, 0x00,
  0x60, 0x00, 0x20, 0x00, 0x00, 0x00, 0x02, 0x00, 0x00, 0x03, 0xFF, 0xF0,
  0x00, 0x3F, 0xFF, 0xF0,
  0x01, 0xFF, 0xFF, 0xE0, 0x0F, 0xFF, 0xFF, 0xC0, 0x7F, 0xFF, 0xFF, 0x83,
  0xFF, 0xFF, 0xFE, 0x0F,
  0xFF, 0xFF, 0xFC, 0x7F, 0xFF, 0xFF, 0xF1, 0xFF, 0xFF, 0xFF, 0xC7, 0xFF,
  0xFF, 0xFF, 0x9F, 0xFE,
  0x1F, 0xFE, 0x7F, 0xF0, 0x7F, 0xFB, 0xFF, 0xC0, 0xFF, 0xEF, 0xFF, 0x03,
  0xFF, 0xBF, 0xFC, 0x0F,
  0xFE, 0xFF, 0xF0, 0x3F, 0xFF, 0xFF, 0xC0, 0xFF, 0xFF, 0xFF, 0x03, 0xFF,
  0xFF, 0xFC, 0x0F, 0xFF,
  0xFF, 0xF0, 0x3F, 0xFB, 0xFF, 0xC1, 0xFF, 0xE0, 0x00, 0x07, 0xFF, 0x80,
  0x00, 0x1F, 0xFE, 0x00,
  0x00, 0x7F, 0xF8, 0x00, 0x03, 0xFF, 0xE0, 0x00, 0x1F, 0xFF, 0x00, 0x00,
  0x7F, 0xFC, 0x00, 0x07,
  0xFF, 0xF0, 0x00, 0xFF, 0xFF, 0x81, 0xFF, 0xFF, 0xFE, 0x07, 0xFF, 0xFF,
  0xF0, 0x1F, 0xFF, 0xFF,
  0x80, 0x7F, 0xFF, 0xFC, 0x01, 0xFF, 0xFF, 0xE0, 0x07, 0xFF, 0xFF, 0x00,
  0x1F, 0xFF, 0xF0, 0x00,
  0x7F, 0xFC, 0x00, 0x01, 0xFF, 0x80, 0x00, 0x07, 0xFE, 0x00, 0x00, 0x1F,
  0xF8, 0x00, 0x00, 0x7F,
  0xE0, 0x00, 0x01, 0xFF, 0x80, 0x00, 0x00, 0x00, 0x00, 0x00, 0x00, 0x00,
  0x00, 0x00, 0x00, 0x00,
  0x00, 0x00, 0x00, 0x00, 0x00, 0x00, 0x00, 0x00, 0x00, 0x1F, 0xFC, 0x00,
  0x00, 0x7F, 0xF0, 0x00,
  0x01, 0xFF, 0xC0, 0x00, 0x07, 0xFF, 0x00, 0x00, 0x1F, 0xFC, 0x00, 0x00,
  0x7F, 0xF0, 0x00, 0x01,
  0xFF, 0xC0, 0x00, 0x07, 0xFF, 0x00, 0x00, 0x1F, 0xFC, 0x00, 0x00, 0x00,
  0x00, 0x00, 0x20, 0x00,
  0x00, 0x00, 0x00, 0x01, 0xFF, 0xFE, 0x00, 0x00, 0x00, 0x00, 0xFF, 0xFF,
  0xFC, 0x00, 0x00, 0x00,
  0x3F, 0xFF, 0xFF, 0xF0, 0x00, 0x00, 0x0F, 0xFF, 0xFF, 0xFF, 0x80, 0x00,
  0x01, 0xFF, 0xFF, 0xFF,
  0xFE, 0x00, 0x00, 0x7F, 0xFF, 0xFF, 0xFF, 0xF0, 0x00, 0x0F, 0xFF, 0xFF,
  0xFF, 0xFF, 0x80, 0x01,
  0xFF, 0xFF, 0xFF, 0xFF, 0xFC, 0x00, 0x1F, 0xFF, 0x80, 0x03, 0xFF, 0xC0,
  0x03, 0xFF, 0xE0, 0x00,
  0x0F, 0xFE, 0x00, 0x7F, 0xF8, 0x00, 0x00, 0x3F, 0xF0, 0x07, 0xFF, 0x00,
  0x00, 0x01, 0xFF, 0x00,
  0xFF, 0xE0, 0x00, 0x00, 0x0F, 0xF8, 0x0F, 0xFC, 0x00, 0x00, 0x00, 0x7F,
  0x81, 0xFF, 0x80, 0x00,
  0x00, 0x07, 0xF8, 0x1F, 0xF8, 0x0F, 0xC3, 0xFC, 0x3F, 0xC3, 0xFF, 0x03,
  0xFE, 0x3F, 0xC3, 0xFC,
  0x3F, 0xE0, 0x7F, 0xF3, 0xFC, 0x3F, 0xC3, 0xFE, 0x07, 0xFF, 0xBF, 0xC1,
  0xFE, 0x7F, 0xE0, 0xFF,
  0xFF, 0xFC, 0x1F, 0xE7, 0xFC, 0x0F, 0xFF, 0xFF, 0xC1, 0xFE, 0x7F, 0xC1,
  0xFF, 0xFF, 0xFC, 0x1F,
  0xE7, 0xFC, 0x1F, 0xFC, 0x7F, 0xC1, 0xFE, 0x7F, 0xC1, 0xFF, 0x87, 0xFC,
  0x0F, 0xEF, 0xF8, 0x3F,
  0xF0, 0x7F, 0xC0, 0xFE, 0xFF, 0x83, 0xFF, 0x07, 0xFC, 0x0F, 0xEF, 0xF8,
  0x3F, 0xF0, 0x7F, 0xC0,
  0xFE, 0xFF, 0x83, 0xFF, 0x07, 0xFC, 0x0F, 0xFF, 0xF8, 0x3F, 0xF0, 0x7F,
  0xC0, 0xFE, 0xFF, 0x83,
  0xFF, 0x07, 0xFC, 0x0F, 0xEF, 0xF8, 0x3F, 0xF0, 0x7F, 0xC0, 0xFE, 0xFF,
  0x83, 0xFF, 0x07, 0xFC,
  0x0F, 0xEF, 0xF8, 0x3F, 0xF0, 0x7F, 0xC0, 0xFE, 0xFF, 0x83, 0xFF, 0x07,
  0xFC, 0x0F, 0xEF, 0xF8,
  0x3F, 0xF0, 0x7F, 0xC0, 0xFE, 0xFF, 0x83, 0xFF, 0x07, 0xFC, 0x1F, 0xEF,
  0xF8, 0x3F, 0xF0, 0xFF,
  0xC1, 0xFE, 0xFF, 0x81, 0xFF, 0x8F, 0xFC, 0x1F, 0xCF, 0xF8, 0x1F, 0xF8,
  0xFF, 0xC1, 0xFC, 0x7F,
  0xC1, 0xFF, 0xFF, 0xFE, 0x3F, 0xC7, 0xFC, 0x1F, 0xFF, 0xFF, 0xFF, 0xF8,
  0x7F, 0xC0, 0xFF, 0xFB,
  0xFF, 0xFF, 0x87, 0xFE, 0x0F, 0xFF, 0xBF, 0xFF, 0xF0, 0x3F, 0xE0, 0x7F,
  0xF1, 0xFF, 0xFF, 0x03,
  0xFE, 0x03, 0xFF, 0x0F, 0xFF, 0xE0, 0x3F, 0xF0, 0x1F, 0xE0, 0x7F, 0xF8,
  0x01, 0xFF, 0x00, 0x7C,
  0x01, 0xFE, 0x00, 0x1F, 0xF8, 0x00, 0x00, 0x00, 0x00, 0x00, 0xFF, 0xC0,
  0x00, 0x00, 0x00, 0x00,
  0x0F, 0xFE, 0x00, 0x00, 0x00, 0x00, 0x00, 0x7F, 0xF0, 0x00, 0x00, 0x00,
  0x00, 0x07, 0xFF, 0xC0,
  0x00, 0x00, 0x00, 0x00, 0x3F, 0xFF, 0x00, 0x00, 0x00, 0x00, 0x01, 0xFF,
  0xFE, 0x00, 0x30, 0x00,
  0x00, 0x0F, 0xFF, 0xFF, 0xFF, 0x00, 0x00, 0x00, 0x7F, 0xFF, 0xFF, 0xF0,
  0x00, 0x00, 0x01, 0xFF,
  0xFF, 0xFF, 0x00, 0x00, 0x00, 0x0F, 0xFF, 0xFF, 0xF0, 0x00, 0x00, 0x00,
  0x3F, 0xFF, 0xFF, 0x00,
  0x00, 0x00, 0x00, 0x7F, 0xFF, 0xF0, 0x00, 0x00, 0x00, 0x00, 0x7F, 0xFC,
  0x00, 0x00, 0x07, 0xFF,
  0xFF, 0x00, 0x3F, 0xFF, 0xF8, 0x01, 0xFF, 0xFF, 0xC0, 0x0F, 0xFF, 0xFE,
  0x00, 0x7F, 0xFF, 0xF0,
  0x03, 0xFF, 0xFF, 0x80, 0x1F, 0xFF, 0xFE, 0x00, 0xFF, 0xFF, 0xF0, 0x0F,
  0xFF, 0xFF, 0x80, 0x7F,
  0xFF, 0xFC, 0x03, 0xFF, 0x7F, 0xE0, 0x1F, 0xFB, 0xFF, 0x00, 0xFF, 0xDF,
  0xF8, 0x07, 0xFE, 0xFF,
  0xC0, 0x3F, 0xF7, 0xFE, 0x01, 0xFF, 0xBF, 0xF0, 0x0F, 0xFD, 0xFF, 0x80,
  0x7F, 0xEF, 0xFE, 0x07,
  0xFF, 0x7F, 0xF0, 0x3F, 0xF3, 0xFF, 0x81, 0xFF, 0x8F, 0xFC, 0x0F, 0xFC,
  0x7F, 0xE0, 0x7F, 0xE3,
  0xFF, 0x03, 0xFF, 0x1F, 0xF8, 0x1F, 0xF8, 0xFF, 0xC0, 0xFF, 0xC7, 0xFE,
  0x07, 0xFE, 0x3F, 0xF0,
  0x3F, 0xF1, 0xFF, 0x81, 0xFF, 0x8F, 0xFE, 0x1F, 0xFC, 0x7F, 0xF0, 0xFF,
  0xE3, 0xFF, 0x87, 0xFF,
  0x0F, 0xFC, 0x3F, 0xF8, 0x7F, 0xE1, 0xFF, 0x83, 0xFF, 0x0F, 0xFC, 0x1F,
  0xF8, 0x7F, 0xE0, 0xFF,
  0xC3, 0xFF, 0x07, 0xFE, 0x1F, 0xF8, 0x3F, 0xF0, 0xFF, 0xFF, 0xFF, 0x8F,
  0xFF, 0xFF, 0xFE, 0x7F,
  0xFF, 0xFF, 0xF3, 0xFF, 0xFF, 0xFF, 0x9F, 0xFF, 0xFF, 0xFC, 0xFF, 0xFF,
  0xFF, 0xE7, 0xFF, 0xFF,
  0xFF, 0x3F, 0xFF, 0xFF, 0xF9, 0xFF, 0xFF, 0xFF, 0xCF, 0xFC, 0x07, 0xFE,
  0x7F, 0xE0, 0x3F, 0xF3,
  0xFF, 0x01, 0xFF, 0xFF, 0xF8, 0x0F, 0xFF, 0xFF, 0xC0, 0x7F, 0xFF, 0xFE,
  0x03, 0xFF, 0xFF, 0xF0,
  0x0F, 0xFF, 0xFF, 0x80, 0x7F, 0xFF, 0xFC, 0x03, 0xFF, 0xFF, 0xFF, 0xF0,
  0x1F, 0xFF, 0xFF, 0x83,
  0xFF, 0xFF, 0xFC, 0x7F, 0xFF, 0xFF, 0x8F, 0xFF, 0xFF, 0xF9, 0xFF, 0xFF,
  0xFF, 0xBF, 0xFF, 0xFF,
  0xF7, 0xFF, 0xFF, 0xFE, 0xFF, 0xFF, 0xFF, 0xDF, 0xFC, 0x3F, 0xFF, 0xFF,
  0x83, 0xFF, 0xFF, 0xF0,
  0x7F, 0xFF, 0xFE, 0x0F, 0xFF, 0xFF, 0xC1, 0xFF, 0xFF, 0xF8, 0x3F, 0xFF,
  0xFF, 0x07, 0xFF, 0xFF,
  0xE0, 0xFF, 0xFF, 0xFC, 0x1F, 0xFF, 0xFF, 0x83, 0xFF, 0xFF, 0xF0, 0x7F,
  0xEF, 0xFE, 0x1F, 0xFD,
  0xFF, 0xFF, 0xFF, 0xBF, 0xFF, 0xFF, 0xE7, 0xFF, 0xFF, 0xF8, 0xFF, 0xFF,
  0xFE, 0x1F, 0xFF, 0xFF,
  0xC3, 0xFF, 0xFF, 0xFC, 0x7F, 0xFF, 0xFF, 0xCF, 0xFF, 0xFF, 0xFD, 0xFF,
  0xFF, 0xFF, 0xBF, 0xF8,
  0x7F, 0xFF, 0xFF, 0x07, 0xFF, 0xFF, 0xE0, 0xFF, 0xFF, 0xFC, 0x1F, 0xFF,
  0xFF, 0x81, 0xFF, 0xFF,
  0xF0, 0x3F, 0xFF, 0xFE, 0x07, 0xFF, 0xFF, 0xC0, 0xFF, 0xFF, 0xF8, 0x1F,
  0xFF, 0xFF, 0x03, 0xFF,
  0xFF, 0xE0, 0x7F, 0xFF, 0xFC, 0x0F, 0xFF, 0xFF, 0x81, 0xFF, 0xFF, 0xF0,
  0x7F, 0xFF, 0xFE, 0x0F,
  0xFF, 0xFF, 0xC3, 0xFF, 0xFF, 0xFF, 0xFF, 0xFF, 0xFF, 0xFF, 0xFE, 0xFF,
  0xFF, 0xFF, 0xDF, 0xFF,
  0xFF, 0xFB, 0xFF, 0xFF, 0xFE, 0x7F, 0xFF, 0xFF, 0xCF, 0xFF, 0xFF, 0xF1,
  0xFF, 0xFF, 0xFC, 0x3F,
  0xFF, 0xFF, 0x07, 0xFF, 0xFF, 0x80, 0x00, 0x04, 0x00, 0x00, 0x1F, 0xFC,
  0x00, 0x0F, 0xFF, 0xE0,
  0x07, 0xFF, 0xFF, 0x01, 0xFF, 0xFF, 0xF0, 0x3F, 0xFF, 0xFF, 0x0F, 0xFF,
  0xFF, 0xE1, 0xFF, 0xFF,
  0xFE, 0x7F, 0xFF, 0xFF, 0xCF, 0xFF, 0xFF, 0xFD, 0xFF, 0xFF, 0xFF, 0xFF,
  0xF8, 0xFF, 0xFF, 0xFE,
  0x0F, 0xFF, 0xFF, 0xC1, 0xFF, 0xFF, 0xF8, 0x3F, 0xFF, 0xFF, 0x07, 0xFF,
  0xFF, 0xE0, 0xFF, 0xFF,
  0xFC, 0x1F, 0xFF, 0xFF, 0x83, 0xFF, 0xFF, 0xF0, 0x7F, 0xFF, 0xFE, 0x0F,
  0xFF, 0xFF, 0xC1, 0xFF,
  0xFF, 0xF8, 0x3F, 0xFF, 0xFF, 0x00, 0x00, 0xFF, 0xE0, 0x00, 0x1F, 0xFC,
  0x00, 0x03, 0xFF, 0x80,
  0x00, 0x7F, 0xF0, 0x00, 0x0F, 0xFE, 0x00, 0x01, 0xFF, 0xC0, 0x00, 0x3F,
  0xF8, 0x00, 0x07, 0xFF,
  0x00, 0x00, 0xFF, 0xE0, 0x00, 0x1F, 0xFC, 0x1F, 0xFF, 0xFF, 0x83, 0xFF,
  0xFF, 0xF0, 0x7F, 0xFF,
  0xFE, 0x0F, 0xFF, 0xFF, 0xC1, 0xFF, 0xFF, 0xF8, 0x3F, 0xFF, 0xFF, 0x07,
  0xFF, 0xFF, 0xE0, 0xFF,
  0xFF, 0xFC, 0x1F, 0xFF, 0xFF, 0x83, 0xFF, 0xFF, 0xF0, 0x7F, 0xFF, 0xFE,
  0x0F, 0xFF, 0xFF, 0xC1,
  0xFF, 0xFF, 0xFC, 0x7F, 0xFF, 0xFF, 0xFF, 0xFF, 0x7F, 0xFF, 0xFF, 0xEF,
  0xFF, 0xFF, 0xF9, 0xFF,
  0xFF, 0xFF, 0x1F, 0xFF, 0xFF, 0xC1, 0xFF, 0xFF, 0xF8, 0x3F, 0xFF, 0xFE,
  0x03, 0xFF, 0xFF, 0x80,
  0x1F, 0xFF, 0xE0, 0x00, 0xFF, 0xF0, 0x00, 0x00, 0x80, 0x00, 0xFF, 0xFF,
  0xF0, 0x0F, 0xFF, 0xFF,
  0xC0, 0xFF, 0xFF, 0xFF, 0x0F, 0xFF, 0xFF, 0xF8, 0xFF, 0xFF, 0xFF, 0x8F,
  0xFF, 0xFF, 0xFC, 0xFF,
  0xFF, 0xFF, 0xCF, 0xFF, 0xFF, 0xFE, 0xFF, 0xFF, 0xFF, 0xEF, 0xFF, 0xFF,
  0xFE, 0xFF, 0xF1, 0xFF,
  0xEF, 0xFF, 0x0F, 0xFE, 0xFF, 0xF0, 0xFF, 0xEF, 0xFF, 0x0F, 0xFF, 0xFF,
  0xF0, 0xFF, 0xFF, 0xFF,
  0x0F, 0xFF, 0xFF, 0xF0, 0xFF, 0xFF, 0xFF, 0x0F, 0xFF, 0xFF, 0xF0, 0xFF,
  0xFF, 0xFF, 0x0F, 0xFF,
  0xFF, 0xF0, 0xFF, 0xFF, 0xFF, 0x0F, 0xFF, 0xFF, 0xF0, 0xFF, 0xFF, 0xFF,
  0x0F, 0xFF, 0xFF, 0xF0,
  0xFF, 0xFF, 0xFF, 0x0F, 0xFF, 0xFF, 0xF0, 0xFF, 0xFF, 0xFF, 0x0F, 0xFF,
  0xFF, 0xF0, 0xFF, 0xFF,
  0xFF, 0x0F, 0xFF, 0xFF, 0xF0, 0xFF, 0xFF, 0xFF, 0x0F, 0xFF, 0xFF, 0xF0,
  0xFF, 0xFF, 0xFF, 0x0F,
  0xFF, 0xFF, 0xF0, 0xFF, 0xFF, 0xFF, 0x0F, 0xFF, 0xFF, 0xF0, 0xFF, 0xFF,
  0xFF, 0x0F, 0xFF, 0xFF,
  0xF0, 0xFF, 0xFF, 0xFF, 0x0F, 0xFE, 0xFF, 0xF0, 0xFF, 0xEF, 0xFF, 0x0F,
  0xFE, 0xFF, 0xF0, 0xFF,
  0xEF, 0xFF, 0x0F, 0xFE, 0xFF, 0xF0, 0xFF, 0xEF, 0xFF, 0x1F, 0xFE, 0xFF,
  0xFF, 0xFF, 0xEF, 0xFF,
  0xFF, 0xFE, 0xFF, 0xFF, 0xFF, 0xCF, 0xFF, 0xFF, 0xFC, 0xFF, 0xFF, 0xFF,
  0x8F, 0xFF, 0xFF, 0xF8,
  0xFF, 0xFF, 0xFF, 0x0F, 0xFF, 0xFF, 0xE0, 0xFF, 0xFF, 0xFC, 0x0F, 0xFF,
  0xFF, 0x00, 0xFF, 0xFF,
  0xFD, 0xFF, 0xFF, 0xFB, 0xFF, 0xFF, 0xF7, 0xFF, 0xFF, 0xEF, 0xFF, 0xFF,
  0xDF, 0xFF, 0xFF, 0xBF,
  0xFF, 0xFF, 0x7F, 0xFF, 0xFE, 0xFF, 0xFF, 0xFD, 0xFF, 0xFF, 0xFB, 0xFF,
  0xFF, 0xF7, 0xFF, 0x80,
  0x0F, 0xFF, 0x00, 0x1F, 0xFE, 0x00, 0x3F, 0xFC, 0x00, 0x7F, 0xF8, 0x00,
  0xFF, 0xF0, 0x01, 0xFF,
  0xE0, 0x03, 0xFF, 0xC0, 0x07, 0xFF, 0x80, 0x0F, 0xFF, 0x00, 0x1F, 0xFE,
  0x00, 0x3F, 0xFF, 0xFF,
  0x7F, 0xFF, 0xFE, 0xFF, 0xFF, 0xFD, 0xFF, 0xFF, 0xFB, 0xFF, 0xFF, 0xF7,
  0xFF, 0xFF, 0xEF, 0xFF,
  0xFF, 0xDF, 0xFF, 0xFF, 0xBF, 0xFF, 0xFF, 0x7F, 0xFF, 0xFE, 0xFF, 0xF0,
  0x01, 0xFF, 0xE0, 0x03,
  0xFF, 0xC0, 0x07, 0xFF, 0x80, 0x0F, 0xFF, 0x00, 0x1F, 0xFE, 0x00, 0x3F,
  0xFC, 0x00, 0x7F, 0xF8,
  0x00, 0xFF, 0xF0, 0x01, 0xFF, 0xE0, 0x03, 0xFF, 0xC0, 0x07, 0xFF, 0x80,
  0x0F, 0xFF, 0x00, 0x1F,
  0xFF, 0xFF, 0xFF, 0xFF, 0xFF, 0xFF, 0xFF, 0xFF, 0xFF, 0xFF, 0xFF, 0xFF,
  0xFF, 0xFF, 0xFF, 0xFF,
  0xFF, 0xFF, 0xFF, 0xFF, 0xFF, 0xFF, 0xFF, 0xFF, 0xFF, 0xFF, 0xFF, 0xFF,
  0xFF, 0xFF, 0xFF, 0xFF,
  0xFF, 0xFF, 0xFF, 0xFF, 0xFF, 0xFF, 0xFF, 0xFF, 0xFF, 0xFF, 0xFF, 0xFF,
  0xFF, 0xFF, 0xFF, 0xFF,
  0xFF, 0xFF, 0xFF, 0xFF, 0xFF, 0xFF, 0xFF, 0xFF, 0xFF, 0xFF, 0xFF, 0xFF,
  0xFF, 0xFF, 0xFC, 0x00,
  0xFF, 0xF0, 0x03, 0xFF, 0xC0, 0x0F, 0xFF, 0x00, 0x3F, 0xFC, 0x00, 0xFF,
  0xF0, 0x03, 0xFF, 0xC0,
  0x0F, 0xFF, 0x00, 0x3F, 0xFC, 0x00, 0xFF, 0xFF, 0xFF, 0xFF, 0xFF, 0xFF,
  0xFF, 0xFF, 0xFF, 0xFF,
  0xFF, 0xFF, 0xFF, 0xFF, 0xFF, 0xFF, 0xFF, 0xFF, 0xFF, 0xFF, 0xFF, 0xFF,
  0xFF, 0xFF, 0xFF, 0xFF,
  0xFF, 0xFF, 0xFF, 0xFF, 0xFF, 0xFC, 0x00, 0xFF, 0xF0, 0x03, 0xFF, 0xC0,
  0x0F, 0xFF, 0x00, 0x3F,
  0xFC, 0x00, 0xFF, 0xF0, 0x03, 0xFF, 0xC0, 0x0F, 0xFF, 0x00, 0x3F, 0xFC,
  0x00, 0xFF, 0xF0, 0x03,
  0xFF, 0xC0, 0x0F, 0xFF, 0x00, 0x3F, 0xFC, 0x00, 0xFF, 0xF0, 0x03, 0xFF,
  0xC0, 0x0F, 0xFF, 0x00,
  0x3F, 0xFC, 0x00, 0xFF, 0xF0, 0x03, 0xFF, 0xC0, 0x0F, 0xFF, 0x00, 0x3F,
  0xFC, 0x00, 0xFF, 0xF0,
  0x03, 0xFF, 0xC0, 0x0F, 0xFF, 0x00, 0x3F, 0xFC, 0x00, 0x00, 0x04, 0x00,
  0x00, 0x1F, 0xFE, 0x00,
  0x0F, 0xFF, 0xF0, 0x07, 0xFF, 0xFF, 0x01, 0xFF, 0xFF, 0xF0, 0x3F, 0xFF,
  0xFF, 0x0F, 0xFF, 0xFF,
  0xE3, 0xFF, 0xFF, 0xFE, 0x7F, 0xFF, 0xFF, 0xCF, 0xFF, 0xFF, 0xF9, 0xFF,
  0xFF, 0xFF, 0x7F, 0xF8,
  0x7F, 0xFF, 0xFE, 0x0F, 0xFF, 0xFF, 0xC1, 0xFF, 0xFF, 0xF8, 0x3F, 0xFF,
  0xFF, 0x07, 0xFF, 0xFF,
  0xE0, 0xFF, 0xFF, 0xFC, 0x1F, 0xFF, 0xFF, 0x83, 0xFF, 0xFF, 0xF0, 0x7F,
  0xFF, 0xFE, 0x00, 0x01,
  0xFF, 0xC0, 0x00, 0x3F, 0xF8, 0x00, 0x07, 0xFF, 0x00, 0x00, 0xFF, 0xE3,
  0xFF, 0xFF, 0xFC, 0x7F,
  0xFF, 0xFF, 0x8F, 0xFF, 0xFF, 0xF1, 0xFF, 0xFF, 0xFE, 0x3F, 0xFF, 0xFF,
  0xC7, 0xFF, 0xFF, 0xF8,
  0xFF, 0xFF, 0xFF, 0x1F, 0xFF, 0xFF, 0xE3, 0xFF, 0xFF, 0xFC, 0x7F, 0xFF,
  0xFF, 0x81, 0xFF, 0xFF,
  0xF0, 0x3F, 0xFF, 0xFE, 0x07, 0xFF, 0xFF, 0xC0, 0xFF, 0xFF, 0xF8, 0x1F,
  0xFF, 0xFF, 0x03, 0xFF,
  0xFF, 0xE0, 0x7F, 0xFF, 0xFC, 0x0F, 0xFF, 0xFF, 0x81, 0xFF, 0xFF, 0xF0,
  0x3F, 0xFF, 0xFE, 0x0F,
  0xFF, 0xFF, 0xC1, 0xFF, 0xFF, 0xFC, 0x3F, 0xFB, 0xFF, 0xFF, 0xFF, 0x7F,
  0xFF, 0xFF, 0xEF, 0xFF,
  0xFF, 0xFD, 0xFF, 0xFF, 0xFF, 0x9F, 0xFF, 0xFF, 0xF3, 0xFF, 0xFF, 0xFE,
  0x3F, 0xFF, 0xEF, 0xC3,
  0xFF, 0xF8, 0xF8, 0x3F, 0xFE, 0x1F, 0x01, 0xFF, 0x81, 0xE0, 0x03, 0x00,
  0x00, 0xFF, 0xE0, 0x7F,
  0xFF, 0xFE, 0x07, 0xFF, 0xFF, 0xE0, 0x7F, 0xFF, 0xFE, 0x07, 0xFF, 0xFF,
  0xE0, 0x7F, 0xFF, 0xFE,
  0x07, 0xFF, 0xFF, 0xE0, 0x7F, 0xFF, 0xFE, 0x07, 0xFF, 0xFF, 0xE0, 0x7F,
  0xFF, 0xFE, 0x07, 0xFF,
  0xFF, 0xE0, 0x7F, 0xFF, 0xFE, 0x07, 0xFF, 0xFF, 0xE0, 0x7F, 0xFF, 0xFE,
  0x07, 0xFF, 0xFF, 0xE0,
  0x7F, 0xFF, 0xFE, 0x07, 0xFF, 0xFF, 0xE0, 0x7F, 0xFF, 0xFE, 0x07, 0xFF,
  0xFF, 0xE0, 0x7F, 0xFF,
  0xFE, 0x07, 0xFF, 0xFF, 0xFF, 0xFF, 0xFF, 0xFF, 0xFF, 0xFF, 0xFF, 0xFF,
  0xFF, 0xFF, 0xFF, 0xFF,
  0xFF, 0xFF, 0xFF, 0xFF, 0xFF, 0xFF, 0xFF, 0xFF, 0xFF, 0xFF, 0xFF, 0xFF,
  0xFF, 0xFF, 0xFF, 0xFF,
  0xFF, 0xFF, 0xFF, 0xFF, 0xFF, 0xFF, 0xFF, 0xFF, 0xFF, 0xFF, 0xFE, 0x07,
  0xFF, 0xFF, 0xE0, 0x7F,
  0xFF, 0xFE, 0x07, 0xFF, 0xFF, 0xE0, 0x7F, 0xFF, 0xFE, 0x07, 0xFF, 0xFF,
  0xE0, 0x7F, 0xFF, 0xFE,
  0x07, 0xFF, 0xFF, 0xE0, 0x7F, 0xFF, 0xFE, 0x07, 0xFF, 0xFF, 0xE0, 0x7F,
  0xFF, 0xFE, 0x07, 0xFF,
  0xFF, 0xE0, 0x7F, 0xFF, 0xFE, 0x07, 0xFF, 0xFF, 0xE0, 0x7F, 0xFF, 0xFE,
  0x07, 0xFF, 0xFF, 0xE0,
  0x7F, 0xFF, 0xFE, 0x07, 0xFF, 0xFF, 0xE0, 0x7F, 0xFF, 0xFE, 0x07, 0xFF,
  0xFF, 0xE0, 0x7F, 0xFF,
  0xFE, 0x07, 0xFF, 0xFF, 0xE0, 0x7F, 0xFF, 0xFE, 0x07, 0xFF, 0xFF, 0xE0,
  0x7F, 0xFF, 0xFE, 0x07,
  0xFF, 0xFF, 0xFF, 0xFF, 0xFF, 0xFF, 0xFF, 0xFF, 0xFF, 0xFF, 0xFF, 0xFF,
  0xFF, 0xFF, 0xFF, 0xFF,
  0xFF, 0xFF, 0xFF, 0xFF, 0xFF, 0xFF, 0xFF, 0xFF, 0xFF, 0xFF, 0xFF, 0xFF,
  0xFF, 0xFF, 0xFF, 0xFF,
  0xFF, 0xFF, 0xFF, 0xFF, 0xFF, 0xFF, 0xFF, 0xFF, 0xFF, 0xFF, 0xFF, 0xFF,
  0xFF, 0xFF, 0xFF, 0xFF,
  0xFF, 0xFF, 0xFF, 0xFF, 0xFF, 0xFF, 0xFF, 0xFF, 0xFF, 0xFF, 0xFF, 0xFF,
  0xFF, 0xFF, 0xFF, 0xFF,
  0xFF, 0xFF, 0xFF, 0xFF, 0xFF, 0xFF, 0xFF, 0xFF, 0xFF, 0xFF, 0xFF, 0xFF,
  0xFF, 0xFF, 0x00, 0x00,
  0xFF, 0xE0, 0x00, 0x1F, 0xFC, 0x00, 0x03, 0xFF, 0x80, 0x00, 0x7F, 0xF0,
  0x00, 0x0F, 0xFE, 0x00,
  0x01, 0xFF, 0xC0, 0x00, 0x3F, 0xF8, 0x00, 0x07, 0xFF, 0x00, 0x00, 0xFF,
  0xE0, 0x00, 0x1F, 0xFC,
  0x00, 0x03, 0xFF, 0x80, 0x00, 0x7F, 0xF0, 0x00, 0x0F, 0xFE, 0x00, 0x01,
  0xFF, 0xC0, 0x00, 0x3F,
  0xF8, 0x00, 0x07, 0xFF, 0x00, 0x00, 0xFF, 0xE0, 0x00, 0x1F, 0xFC, 0x00,
  0x03, 0xFF, 0x80, 0x00,
  0x7F, 0xF0, 0x00, 0x0F, 0xFE, 0x00, 0x01, 0xFF, 0xC0, 0x00, 0x3F, 0xF8,
  0x00, 0x07, 0xFF, 0x00,
  0x00, 0xFF, 0xE0, 0x00, 0x1F, 0xFC, 0x00, 0x03, 0xFF, 0x80, 0x00, 0x7F,
  0xF0, 0x00, 0x0F, 0xFE,
  0x00, 0x01, 0xFF, 0xFF, 0xF8, 0x3F, 0xFF, 0xFF, 0x07, 0xFF, 0xFF, 0xE0,
  0xFF, 0xFF, 0xFC, 0x1F,
  0xFF, 0xFF, 0x83, 0xFF, 0xFF, 0xF0, 0x7F, 0xFF, 0xFE, 0x0F, 0xFF, 0xFF,
  0xC1, 0xFF, 0xFF, 0xF8,
  0x3F, 0xFF, 0xFF, 0x07, 0xFF, 0xFF, 0xE0, 0xFF, 0xFF, 0xFC, 0x1F, 0xFF,
  0xFF, 0x83, 0xFF, 0xFF,
  0xF0, 0x7F, 0xFF, 0xFE, 0x0F, 0xFF, 0xFF, 0xE3, 0xFF, 0xFF, 0xFF, 0xFF,
  0xFB, 0xFF, 0xFF, 0xFE,
  0x7F, 0xFF, 0xFF, 0xCF, 0xFF, 0xFF, 0xF0, 0xFF, 0xFF, 0xFE, 0x1F, 0xFF,
  0xFF, 0x81, 0xFF, 0xFF,
  0xE0, 0x1F, 0xFF, 0xF8, 0x00, 0xFF, 0xFE, 0x00, 0x07, 0xFF, 0x00, 0x00,
  0x06, 0x00, 0x00, 0xFF,
  0xE0, 0xFF, 0xF7, 0xFF, 0x07, 0xFF, 0x3F, 0xF8, 0x3F, 0xF9, 0xFF, 0xC1,
  0xFF, 0xCF, 0xFE, 0x1F,
  0xFC, 0x7F, 0xF0, 0xFF, 0xE3, 0xFF, 0x87, 0xFF, 0x1F, 0xFC, 0x3F, 0xF8,
  0xFF, 0xE3, 0xFF, 0x87,
  0xFF, 0x1F, 0xFC, 0x3F, 0xF8, 0xFF, 0xE1, 0xFF, 0xC7, 0xFF, 0x0F, 0xFE,
  0x3F, 0xF8, 0x7F, 0xF3,
  0xFF, 0x83, 0xFF, 0x9F, 0xFC, 0x1F, 0xFC, 0xFF, 0xE0, 0xFF, 0xE7, 0xFF,
  0x07, 0xFF, 0x7F, 0xF0,
  0x3F, 0xFB, 0xFF, 0x81, 0xFF, 0xDF, 0xFC, 0x0F, 0xFE, 0xFF, 0xE0, 0x7F,
  0xF7, 0xFE, 0x03, 0xFF,
  0xFF, 0xF0, 0x1F, 0xFF, 0xFF, 0x80, 0xFF, 0xFF, 0xFC, 0x07, 0xFF, 0xFF,
  0xC0, 0x3F, 0xFF, 0xFF,
  0x01, 0xFF, 0xFF, 0xF8, 0x0F, 0xFF, 0xFF, 0xC0, 0x7F, 0xFF, 0xFE, 0x03,
  0xFF, 0xBF, 0xF8, 0x1F,
  0xFD, 0xFF, 0xC0, 0xFF, 0xEF, 0xFE, 0x07, 0xFF, 0x7F, 0xF0, 0x3F, 0xF9,
  0xFF, 0x81, 0xFF, 0xCF,
  0xFE, 0x0F, 0xFE, 0x7F, 0xF0, 0x7F, 0xF3, 0xFF, 0x83, 0xFF, 0x9F, 0xFC,
  0x1F, 0xFC, 0x7F, 0xF0,
  0xFF, 0xE3, 0xFF, 0x87, 0xFF, 0x1F, 0xFC, 0x3F, 0xF8, 0xFF, 0xE1, 0xFF,
  0xC3, 0xFF, 0x8F, 0xFE,
  0x1F, 0xFC, 0x7F, 0xF0, 0xFF, 0xE3, 0xFF, 0x87, 0xFF, 0x1F, 0xFC, 0x3F,
  0xFC, 0xFF, 0xE0, 0xFF,
  0xE7, 0xFF, 0x07, 0xFF, 0x3F, 0xF8, 0x3F, 0xF9, 0xFF, 0xC1, 0xFF, 0xEF,
  0xFE, 0x07, 0xFF, 0x7F,
  0xF0, 0x3F, 0xFB, 0xFF, 0x81, 0xFF, 0xDF, 0xFC, 0x0F, 0xFF, 0xFF, 0xE0,
  0x01, 0xFF, 0xC0, 0x03,
  0xFF, 0x80, 0x07, 0xFF, 0x00, 0x0F, 0xFE, 0x00, 0x1F, 0xFC, 0x00, 0x3F,
  0xF8, 0x00, 0x7F, 0xF0,
  0x00, 0xFF, 0xE0, 0x01, 0xFF, 0xC0, 0x03, 0xFF, 0x80, 0x07, 0xFF, 0x00,
  0x0F, 0xFE, 0x00, 0x1F,
  0xFC, 0x00, 0x3F, 0xF8, 0x00, 0x7F, 0xF0, 0x00, 0xFF, 0xE0, 0x01, 0xFF,
  0xC0, 0x03, 0xFF, 0x80,
  0x07, 0xFF, 0x00, 0x0F, 0xFE, 0x00, 0x1F, 0xFC, 0x00, 0x3F, 0xF8, 0x00,
  0x7F, 0xF0, 0x00, 0xFF,
  0xE0, 0x01, 0xFF, 0xC0, 0x03, 0xFF, 0x80, 0x07, 0xFF, 0x00, 0x0F, 0xFE,
  0x00, 0x1F, 0xFC, 0x00,
  0x3F, 0xF8, 0x00, 0x7F, 0xF0, 0x00, 0xFF, 0xE0, 0x01, 0xFF, 0xC0, 0x03,
  0xFF, 0x80, 0x07, 0xFF,
  0x00, 0x0F, 0xFE, 0x00, 0x1F, 0xFC, 0x00, 0x3F, 0xF8, 0x00, 0x7F, 0xF0,
  0x00, 0xFF, 0xE0, 0x01,
  0xFF, 0xC0, 0x03, 0xFF, 0x80, 0x07, 0xFF, 0x00, 0x0F, 0xFE, 0x00, 0x1F,
  0xFC, 0x00, 0x3F, 0xF8,
  0x00, 0x7F, 0xFF, 0xFF, 0xFF, 0xFF, 0xFF, 0xFF, 0xFF, 0xFF, 0xFF, 0xFF,
  0xFF, 0xFF, 0xFF, 0xFF,
  0xFF, 0xFF, 0xFF, 0xFF, 0xFF, 0xFF, 0xFF, 0xFF, 0xFF, 0xFF, 0xFF, 0xFF,
  0xFF, 0x80, 0x3F, 0xFF,
  0xFF, 0xFF, 0xF0, 0x07, 0xFF, 0xFF, 0xFF, 0xFF, 0x00, 0xFF, 0xFF, 0xFF,
  0xFF, 0xE0, 0x1F, 0xFF,
  0xFF, 0xFF, 0xFC, 0x03, 0xFF, 0xFF, 0xFF, 0xFF, 0x80, 0x7F, 0xFF, 0xFF,
  0xFF, 0xF0, 0x0F, 0xFF,
  0xFF, 0xFF, 0xFE, 0x03, 0xFF, 0xFF, 0xFF, 0xFF, 0xC0, 0x7F, 0xFF, 0xFF,
  0xFF, 0xF8, 0x0F, 0xFF,
  0xFF, 0xFF, 0xFF, 0x81, 0xFF, 0xFF, 0xFF, 0xFF, 0xF0, 0x3F, 0xFF, 0xFF,
  0xFF, 0xFE, 0x07, 0xFF,
  0xFF, 0xFF, 0xFF, 0xC0, 0xFF, 0xFF, 0xFF, 0xFF, 0xF8, 0x3F, 0xFF, 0xFF,
  0xFF, 0xFF, 0x07, 0xFF,
  0xFF, 0xFF, 0xFF, 0xE0, 0xFF, 0xFF, 0xFF, 0xFB, 0xFE, 0x1F, 0xFF, 0xFF,
  0xFF, 0x7F, 0xC3, 0xFF,
  0xFF, 0xFF, 0xEF, 0xF8, 0x7F, 0xFF, 0xFF, 0xFD, 0xFF, 0x0F, 0xFF, 0xFF,
  0xFF, 0xBF, 0xE1, 0xFE,
  0xFF, 0xFF, 0xF7, 0xFC, 0x7F, 0xDF, 0xFF, 0xFE, 0x7F, 0x8F, 0xFB, 0xFF,
  0xFF, 0xCF, 0xF1, 0xFF,
  0x7F, 0xFF, 0xF9, 0xFF, 0x3F, 0xEF, 0xFF, 0xFF, 0x3F, 0xE7, 0xFD, 0xFF,
  0xFF, 0xE7, 0xFC, 0xFF,
  0x3F, 0xFF, 0xFC, 0xFF, 0x9F, 0xE7, 0xFF, 0xFF, 0x8F, 0xF7, 0xFC, 0xFF,
  0xFF, 0xF1, 0xFE, 0xFF,
  0x9F, 0xFF, 0xFE, 0x3F, 0xDF, 0xF3, 0xFF, 0xFF, 0xC7, 0xFF, 0xFE, 0x7F,
  0xFF, 0xF8, 0xFF, 0xFF,
  0x8F, 0xFF, 0xFF, 0x1F, 0xFF, 0xF1, 0xFF, 0xFF, 0xE1, 0xFF, 0xFE, 0x3F,
  0xFF, 0xFC, 0x3F, 0xFF,
  0xC7, 0xFF, 0xFF, 0x87, 0xFF, 0xF8, 0xFF, 0xFF, 0xF0, 0xFF, 0xFF, 0x1F,
  0xFF, 0xFE, 0x1F, 0xFF,
  0xE3, 0xFF, 0xFF, 0xC3, 0xFF, 0xF8, 0x7F, 0xFF, 0xF8, 0x3F, 0xFF, 0x0F,
  0xFF, 0xFF, 0x07, 0xFF,
  0xE1, 0xFF, 0xFF, 0xE0, 0xFF, 0xFC, 0x3F, 0xFF, 0xFC, 0x1F, 0xFF, 0x87,
  0xFF, 0xFF, 0x83, 0xFF,
  0xF0, 0xFF, 0xFF, 0xF0, 0x7F, 0xFC, 0x1F, 0xFF, 0xFE, 0x07, 0xFF, 0x83,
  0xFF, 0xFF, 0xC0, 0xFF,
  0xF0, 0x7F, 0xFF, 0xF8, 0x1F, 0xFE, 0x0F, 0xFF, 0xFF, 0x03, 0xFF, 0xC1,
  0xFF, 0xFF, 0xE0, 0x7F,
  0xF8, 0x3F, 0xFF, 0xFC, 0x0F, 0xFF, 0x07, 0xFF, 0xFF, 0x80, 0xFF, 0xC0,
  0xFF, 0xFF, 0xF0, 0x1F,
  0xF8, 0x1F, 0xFF, 0xFE, 0x03, 0xFF, 0x03, 0xFF, 0xFF, 0xF0, 0x7F, 0xFF,
  0xFE, 0x0F, 0xFF, 0xFF,
  0xC1, 0xFF, 0xFF, 0xF8, 0x3F, 0xFF, 0xFF, 0x87, 0xFF, 0xFF, 0xF0, 0xFF,
  0xFF, 0xFE, 0x1F, 0xFF,
  0xFF, 0xC3, 0xFF, 0xFF, 0xF8, 0x7F, 0xFF, 0xFF, 0x8F, 0xFF, 0xFF, 0xF1,
  0xFF, 0xFF, 0xFE, 0x3F,
  0xFF, 0xFF, 0xC7, 0xFF, 0xFF, 0xF8, 0xFF, 0xFF, 0xFF, 0x1F, 0xFF, 0xFF,
  0xF3, 0xFF, 0xFF, 0xFE,
  0x7F, 0xFF, 0xFF, 0xCF, 0xFF, 0xFF, 0xF9, 0xFF, 0xFF, 0xFF, 0x3F, 0xFF,
  0xFF, 0xF7, 0xFF, 0xFF,
  0xFE, 0xFF, 0xFF, 0xFF, 0xDF, 0xFF, 0xFF, 0xFB, 0xFF, 0xFF, 0xFF, 0x7F,
  0xFF, 0xFF, 0xFF, 0xFF,
  0xFF, 0xFF, 0xFF, 0xFF, 0xFF, 0xFF, 0xFF, 0xFF, 0xFF, 0xFF, 0xFF, 0xFF,
  0xFF, 0xFF, 0xFB, 0xFF,
  0xFF, 0xFF, 0x7F, 0xFF, 0xFF, 0xEF, 0xFF, 0xFF, 0xFD, 0xFF, 0xFF, 0xFF,
  0xBF, 0xFF, 0xFF, 0xF3,
  0xFF, 0xFF, 0xFE, 0x7F, 0xFF, 0xFF, 0xCF, 0xFF, 0xFF, 0xF9, 0xFF, 0xFF,
  0xFF, 0x3F, 0xFF, 0xFF,
  0xE3, 0xFF, 0xFF, 0xFC, 0x7F, 0xFF, 0xFF, 0x8F, 0xFF, 0xFF, 0xF1, 0xFF,
  0xFF, 0xFE, 0x3F, 0xFF,
  0xFF, 0xC3, 0xFF, 0xFF, 0xF8, 0x7F, 0xFF, 0xFF, 0x0F, 0xFF, 0xFF, 0xE1,
  0xFF, 0xFF, 0xFC, 0x3F,
  0xFF, 0xFF, 0x83, 0xFF, 0xFF, 0xF0, 0x7F, 0xFF, 0xFE, 0x0F, 0xFF, 0xFF,
  0xC1, 0xFF, 0xFF, 0xF8,
  0x3F, 0xFF, 0xFF, 0x03, 0xFF, 0x00, 0x04, 0x00, 0x00, 0x3F, 0xFE, 0x00,
  0x0F, 0xFF, 0xF0, 0x07,
  0xFF, 0xFF, 0x01, 0xFF, 0xFF, 0xF0, 0x7F, 0xFF, 0xFF, 0x0F, 0xFF, 0xFF,
  0xE3, 0xFF, 0xFF, 0xFE,
  0x7F, 0xFF, 0xFF, 0xCF, 0xFF, 0xFF, 0xFB, 0xFF, 0xFF, 0xFF, 0xFF, 0xF8,
  0xFF, 0xFF, 0xFE, 0x0F,
  0xFF, 0xFF, 0xC1, 0xFF, 0xFF, 0xF8, 0x3F, 0xFF, 0xFF, 0x07, 0xFF, 0xFF,
  0xE0, 0xFF, 0xFF, 0xFC,
  0x1F, 0xFF, 0xFF, 0x83, 0xFF, 0xFF, 0xF0, 0x7F, 0xFF, 0xFE, 0x0F, 0xFF,
  0xFF, 0xC1, 0xFF, 0xFF,
  0xF8, 0x3F, 0xFF, 0xFF, 0x07, 0xFF, 0xFF, 0xE0, 0xFF, 0xFF, 0xFC, 0x1F,
  0xFF, 0xFF, 0x83, 0xFF,
  0xFF, 0xF0, 0x7F, 0xFF, 0xFE, 0x0F, 0xFF, 0xFF, 0xC1, 0xFF, 0xFF, 0xF8,
  0x3F, 0xFF, 0xFF, 0x07,
  0xFF, 0xFF, 0xE0, 0xFF, 0xFF, 0xFC, 0x1F, 0xFF, 0xFF, 0x83, 0xFF, 0xFF,
  0xF0, 0x7F, 0xFF, 0xFE,
  0x0F, 0xFF, 0xFF, 0xC1, 0xFF, 0xFF, 0xF8, 0x3F, 0xFF, 0xFF, 0x07, 0xFF,
  0xFF, 0xE0, 0xFF, 0xFF,
  0xFC, 0x1F, 0xFF, 0xFF, 0x83, 0xFF, 0xFF, 0xF0, 0x7F, 0xFF, 0xFE, 0x0F,
  0xFF, 0xFF, 0xC1, 0xFF,
  0xFF, 0xFC, 0x7F, 0xFB, 0xFF, 0xFF, 0xFF, 0x7F, 0xFF, 0xFF, 0xCF, 0xFF,
  0xFF, 0xF8, 0xFF, 0xFF,
  0xFE, 0x1F, 0xFF, 0xFF, 0xC1, 0xFF, 0xFF, 0xF0, 0x1F, 0xFF, 0xFE, 0x03,
  0xFF, 0xFF, 0x80, 0x1F,
  0xFF, 0xC0, 0x00, 0xFF, 0xE0, 0x00, 0x00, 0x80, 0x00, 0xFF, 0xFF, 0xE0,
  0x1F, 0xFF, 0xFF, 0x03,
  0xFF, 0xFF, 0xF8, 0x7F, 0xFF, 0xFF, 0x8F, 0xFF, 0xFF, 0xF1, 0xFF, 0xFF,
  0xFF, 0x3F, 0xFF, 0xFF,
  0xE7, 0xFF, 0xFF, 0xFE, 0xFF, 0xFF, 0xFF, 0xDF, 0xFF, 0xFF, 0xFB, 0xFF,
  0x87, 0xFF, 0xFF, 0xF0,
  0xFF, 0xFF, 0xFE, 0x0F, 0xFF, 0xFF, 0xC1, 0xFF, 0xFF, 0xF8, 0x3F, 0xFF,
  0xFF, 0x07, 0xFF, 0xFF,
  0xE0, 0xFF, 0xFF, 0xFC, 0x1F, 0xFF, 0xFF, 0x83, 0xFF, 0xFF, 0xF0, 0x7F,
  0xFF, 0xFE, 0x0F, 0xFF,
  0xFF, 0xC1, 0xFF, 0xFF, 0xF8, 0x7F, 0xFF, 0xFF, 0x1F, 0xFF, 0xFF, 0xFF,
  0xFF, 0xFF, 0xFF, 0xFF,
  0xFB, 0xFF, 0xFF, 0xFF, 0x7F, 0xFF, 0xFF, 0xEF, 0xFF, 0xFF, 0xF9, 0xFF,
  0xFF, 0xFF, 0x3F, 0xFF,
  0xFF, 0xC7, 0xFF, 0xFF, 0xF0, 0xFF, 0xFF, 0xFC, 0x1F, 0xFF, 0xFE, 0x03,
  0xFF, 0x80, 0x00, 0x7F,
  0xF0, 0x00, 0x0F, 0xFE, 0x00, 0x01, 0xFF, 0xC0, 0x00, 0x3F, 0xF8, 0x00,
  0x07, 0xFF, 0x00, 0x00,
  0xFF, 0xE0, 0x00, 0x1F, 0xFC, 0x00, 0x03, 0xFF, 0x80, 0x00, 0x7F, 0xF0,
  0x00, 0x0F, 0xFE, 0x00,
  0x01, 0xFF, 0xC0, 0x00, 0x3F, 0xF8, 0x00, 0x07, 0xFF, 0x00, 0x00, 0xFF,
  0xE0, 0x00, 0x1F, 0xFC,
  0x00, 0x03, 0xFF, 0x80, 0x00, 0x7F, 0xF0, 0x00, 0x0F, 0xFE, 0x00, 0x01,
  0xFF, 0xC0, 0x00, 0x3F,
  0xF8, 0x00, 0x07, 0xFF, 0x00, 0x00, 0x00, 0x04, 0x00, 0x00, 0x1F, 0xFE,
  0x00, 0x07, 0xFF, 0xF8,
  0x00, 0xFF, 0xFF, 0xE0, 0x1F, 0xFF, 0xFF, 0x03, 0xFF, 0xFF, 0xF0, 0x3F,
  0xFF, 0xFF, 0x87, 0xFF,
  0xFF, 0xF8, 0x7F, 0xFF, 0xFF, 0xCF, 0xFF, 0xFF, 0xFC, 0xFF, 0xFF, 0xFF,
  0xCF, 0xFE, 0x1F, 0xFE,
  0xFF, 0xE1, 0xFF, 0xEF, 0xFE, 0x0F, 0xFE, 0xFF, 0xE0, 0xFF, 0xEF, 0xFE,
  0x0F, 0xFE, 0xFF, 0xE0,
  0xFF, 0xEF, 0xFE, 0x0F, 0xFE, 0xFF, 0xE0, 0xFF, 0xEF, 0xFE, 0x0F, 0xFE,
  0xFF, 0xE0, 0xFF, 0xEF,
  0xFE, 0x0F, 0xFE, 0xFF, 0xE0, 0xFF, 0xEF, 0xFE, 0x0F, 0xFE, 0xFF, 0xE0,
  0xFF, 0xEF, 0xFE, 0x0F,
  0xFE, 0xFF, 0xE0, 0xFF, 0xEF, 0xFE, 0x0F, 0xFE, 0xFF, 0xE0, 0xFF, 0xEF,
  0xFE, 0x0F, 0xFE, 0xFF,
  0xE0, 0xFF, 0xEF, 0xFE, 0x0F, 0xFE, 0xFF, 0xE0, 0xFF, 0xEF, 0xFE, 0x0F,
  0xFE, 0xFF, 0xE0, 0xFF,
  0xEF, 0xFE, 0x0F, 0xFE, 0xFF, 0xE0, 0xFF, 0xEF, 0xFE, 0x0F, 0xFE, 0xFF,
  0xE0, 0xFF, 0xEF, 0xFE,
  0x0F, 0xFE, 0xFF, 0xE0, 0xFF, 0xEF, 0xFE, 0x0F, 0xFE, 0xFF, 0xE0, 0xFF,
  0xEF, 0xFE, 0x0F, 0xFE,
  0xFF, 0xE0, 0xFF, 0xEF, 0xFE, 0x1F, 0xFE, 0xFF, 0xE1, 0xFF, 0xCF, 0xFF,
  0xFF, 0xFC, 0xFF, 0xFF,
  0xFF, 0xC7, 0xFF, 0xFF, 0xFC, 0x7F, 0xFF, 0xFF, 0x83, 0xFF, 0xFF, 0xF8,
  0x3F, 0xFF, 0xFF, 0x01,
  0xFF, 0xFF, 0xF0, 0x0F, 0xFF, 0xFF, 0xC0, 0x7F, 0xFF, 0xFE, 0x01, 0xFF,
  0xFF, 0xF0, 0x00, 0xC7,
  0xFF, 0x00, 0x00, 0x3F, 0xE0, 0x00, 0x00, 0xFE, 0x00, 0x00, 0x07, 0xC0,
  0x00, 0x00, 0x1C, 0x00,
  0x00, 0x00, 0x80, 0xFF, 0xFF, 0xF8, 0x1F, 0xFF, 0xFF, 0xC3, 0xFF, 0xFF,
  0xFC, 0x7F, 0xFF, 0xFF,
  0xCF, 0xFF, 0xFF, 0xFD, 0xFF, 0xFF, 0xFF, 0xBF, 0xFF, 0xFF, 0xF7, 0xFF,
  0xFF, 0xFF, 0xFF, 0xFF,
  0xFF, 0xFF, 0xFF, 0xFF, 0xFF, 0xFF, 0xC3, 0xFF, 0xFF, 0xF8, 0x7F, 0xFF,
  0xFF, 0x0F, 0xFF, 0xFF,
  0xE1, 0xFF, 0xFF, 0xFC, 0x1F, 0xFF, 0xFF, 0x83, 0xFF, 0xFF, 0xF0, 0x7F,
  0xFF, 0xFE, 0x1F, 0xFF,
  0xFF, 0xC3, 0xFF, 0xFF, 0xF8, 0x7F, 0xFF, 0xFF, 0x1F, 0xFF, 0xFF, 0xFF,
  0xFF, 0xFF, 0xFF, 0xFF,
  0xF7, 0xFF, 0xFF, 0xFE, 0xFF, 0xFF, 0xFF, 0xDF, 0xFF, 0xFF, 0xF3, 0xFF,
  0xFF, 0xF8, 0x7F, 0xFF,
  0xFF, 0x0F, 0xFF, 0xFF, 0xF9, 0xFF, 0xFF, 0xFF, 0x3F, 0xFF, 0xFF, 0xF7,
  0xFF, 0x8F, 0xFE, 0xFF,
  0xF1, 0xFF, 0xDF, 0xFE, 0x1F, 0xFB, 0xFF, 0xC3, 0xFF, 0xFF, 0xF8, 0x7F,
  0xFF, 0xFF, 0x0F, 0xFF,
  0xFF, 0xE1, 0xFF, 0xFF, 0xFC, 0x3F, 0xFF, 0xFF, 0x87, 0xFF, 0xFF, 0xF0,
  0xFF, 0xFF, 0xFE, 0x1F,
  0xFF, 0xFF, 0xC3, 0xFF, 0xFF, 0xF8, 0x7F, 0xFF, 0xFF, 0x0F, 0xFF, 0xFF,
  0xE1, 0xFF, 0xFF, 0xFC,
  0x3F, 0xFF, 0xFF, 0x87, 0xFF, 0xFF, 0xF0, 0xFF, 0xFF, 0xFE, 0x1F, 0xFF,
  0xFF, 0xC3, 0xFF, 0xFF,
  0xF8, 0x7F, 0xFF, 0xFF, 0x0F, 0xFF, 0xFF, 0xE1, 0xFF, 0xFF, 0xFC, 0x3F,
  0xFF, 0xFF, 0x87, 0xFF,
  0x00, 0x04, 0x00, 0x00, 0x3F, 0xFC, 0x00, 0x0F, 0xFF, 0xE0, 0x07, 0xFF,
  0xFF, 0x01, 0xFF, 0xFF,
  0xF0, 0x3F, 0xFF, 0xFE, 0x0F, 0xFF, 0xFF, 0xE1, 0xFF, 0xFF, 0xFC, 0x7F,
  0xFF, 0xFF, 0xCF, 0xFF,
  0xFF, 0xF9, 0xFF, 0xFF, 0xFF, 0x3F, 0xF0, 0xFF, 0xFF, 0xFE, 0x0F, 0xFF,
  0xFF, 0xC1, 0xFF, 0xFF,
  0xF8, 0x3F, 0xFF, 0xFF, 0x07, 0xFF, 0xFF, 0xF0, 0xFF, 0xFF, 0xFF, 0x00,
  0x01, 0xFF, 0xF0, 0x00,
  0x3F, 0xFF, 0x00, 0x07, 0xFF, 0xF0, 0x00, 0x7F, 0xFF, 0x00, 0x0F, 0xFF,
  0xF0, 0x00, 0xFF, 0xFF,
  0x00, 0x1F, 0xFF, 0xF0, 0x01, 0xFF, 0xFF, 0x00, 0x1F, 0xFF, 0xF0, 0x01,
  0xFF, 0xFF, 0x00, 0x1F,
  0xFF, 0xE0, 0x01, 0xFF, 0xFE, 0x00, 0x1F, 0xFF, 0xE0, 0x01, 0xFF, 0xFC,
  0x00, 0x1F, 0xFF, 0xC0,
  0x01, 0xFF, 0xF8, 0x00, 0x1F, 0xFF, 0x80, 0x01, 0xFF, 0xFF, 0xFE, 0x1F,
  0xFF, 0xFF, 0xC3, 0xFF,
  0xFF, 0xF8, 0x3F, 0xFF, 0xFF, 0x07, 0xFF, 0xFF, 0xE0, 0xFF, 0xFF, 0xFC,
  0x1F, 0xFF, 0xFF, 0x83,
  0xFF, 0xFF, 0xF0, 0x7F, 0xFF, 0xFE, 0x0F, 0xFE, 0xFF, 0xC1, 0xFF, 0xDF,
  0xFC, 0x3F, 0xFB, 0xFF,
  0xFF, 0xFF, 0x7F, 0xFF, 0xFF, 0xCF, 0xFF, 0xFF, 0xF8, 0xFF, 0xFF, 0xFF,
  0x1F, 0xFF, 0xFF, 0xC1,
  0xFF, 0xFF, 0xF8, 0x3F, 0xFF, 0xFE, 0x03, 0xFF, 0xFF, 0x80, 0x1F, 0xFF,
  0xE0, 0x00, 0xFF, 0xF0,
  0x00, 0x00, 0x40, 0x00, 0xFF, 0xFF, 0xFF, 0xFF, 0xFF, 0xFF, 0xFF, 0xFF,
  0xFF, 0xFF, 0xFF, 0xFF,
  0xFF, 0xFF, 0xFF, 0xFF, 0xFF, 0xFF, 0xFF, 0xFF, 0xFF, 0xFF, 0xFF, 0xFF,
  0xFF, 0xFF, 0xFF, 0xFF,
  0xFF, 0xFF, 0xFF, 0xFF, 0xFF, 0x03, 0xFF, 0x80, 0x03, 0xFF, 0x80, 0x03,
  0xFF, 0x80, 0x03, 0xFF,
  0x80, 0x03, 0xFF, 0x80, 0x03, 0xFF, 0x80, 0x03, 0xFF, 0x80, 0x03, 0xFF,
  0x80, 0x03, 0xFF, 0x80,
  0x03, 0xFF, 0x80, 0x03, 0xFF, 0x80, 0x03, 0xFF, 0x80, 0x03, 0xFF, 0x80,
  0x03, 0xFF, 0x80, 0x03,
  0xFF, 0x80, 0x03, 0xFF, 0x80, 0x03, 0xFF, 0x80, 0x03, 0xFF, 0x80, 0x03,
  0xFF, 0x80, 0x03, 0xFF,
  0x80, 0x03, 0xFF, 0x80, 0x03, 0xFF, 0x80, 0x03, 0xFF, 0x80, 0x03, 0xFF,
  0x80, 0x03, 0xFF, 0x80,
  0x03, 0xFF, 0x80, 0x03, 0xFF, 0x80, 0x03, 0xFF, 0x80, 0x03, 0xFF, 0x80,
  0x03, 0xFF, 0x80, 0x03,
  0xFF, 0x80, 0x03, 0xFF, 0x80, 0x03, 0xFF, 0x80, 0x03, 0xFF, 0x80, 0x03,
  0xFF, 0x80, 0x03, 0xFF,
  0x80, 0x03, 0xFF, 0x80, 0x03, 0xFF, 0x80, 0x03, 0xFF, 0x80, 0x03, 0xFF,
  0x80, 0x03, 0xFF, 0x80,
  0x03, 0xFF, 0x80, 0x03, 0xFF, 0x80, 0x03, 0xFF, 0x80, 0x03, 0xFF, 0x80,
  0xFF, 0xC0, 0xFF, 0xFF,
  0xF8, 0x1F, 0xFF, 0xFF, 0x03, 0xFF, 0xFF, 0xE0, 0x7F, 0xFF, 0xFC, 0x0F,
  0xFF, 0xFF, 0x81, 0xFF,
  0xFF, 0xF0, 0x3F, 0xFF, 0xFE, 0x07, 0xFF, 0xFF, 0xC0, 0xFF, 0xFF, 0xF8,
  0x1F, 0xFF, 0xFF, 0x03,
  0xFF, 0xFF, 0xE0, 0x7F, 0xFF, 0xFC, 0x0F, 0xFF, 0xFF, 0x81, 0xFF, 0xFF,
  0xF0, 0x3F, 0xFF, 0xFE,
  0x07, 0xFF, 0xFF, 0xC0, 0xFF, 0xFF, 0xF8, 0x1F, 0xFF, 0xFF, 0x03, 0xFF,
  0xFF, 0xE0, 0x7F, 0xFF,
  0xFC, 0x0F, 0xFF, 0xFF, 0x81, 0xFF, 0xFF, 0xF0, 0x3F, 0xFF, 0xFE, 0x07,
  0xFF, 0xFF, 0xC0, 0xFF,
  0xFF, 0xF8, 0x1F, 0xFF, 0xFF, 0x03, 0xFF, 0xFF, 0xE0, 0x7F, 0xFF, 0xFC,
  0x0F, 0xFF, 0xFF, 0x81,
  0xFF, 0xFF, 0xF0, 0x3F, 0xFF, 0xFE, 0x07, 0xFF, 0xFF, 0xC0, 0xFF, 0xFF,
  0xF8, 0x1F, 0xFF, 0xFF,
  0x03, 0xFF, 0xFF, 0xE0, 0x7F, 0xFF, 0xFC, 0x0F, 0xFF, 0xFF, 0x81, 0xFF,
  0xFF, 0xF0, 0x3F, 0xFF,
  0xFE, 0x07, 0xFF, 0xFF, 0xC0, 0xFF, 0xFF, 0xF8, 0x1F, 0xFF, 0xFF, 0x83,
  0xFF, 0x7F, 0xF0, 0x7F,
  0xEF, 0xFE, 0x0F, 0xFD, 0xFF, 0xC3, 0xFF, 0xBF, 0xFF, 0xFF, 0xF3, 0xFF,
  0xFF, 0xFE, 0x7F, 0xFF,
  0xFF, 0x8F, 0xFF, 0xFF, 0xF0, 0xFF, 0xFF, 0xFE, 0x1F, 0xFF, 0xFF, 0x81,
  0xFF, 0xFF, 0xE0, 0x1F,
  0xFF, 0xF8, 0x01, 0xFF, 0xFE, 0x00, 0x0F, 0xFF, 0x00, 0x00, 0x0C, 0x00,
  0x00, 0xFF, 0xC0, 0x3F,
  0xFF, 0xFC, 0x03, 0xFF, 0xFF, 0xC0, 0x3F, 0xFF, 0xFE, 0x07, 0xFF, 0xFF,
  0xE0, 0x7F, 0xFF, 0xFE,
  0x07, 0xFF, 0x7F, 0xE0, 0x7F, 0xF7, 0xFE, 0x07, 0xFE, 0x7F, 0xE0, 0x7F,
  0xE7, 0xFE, 0x07, 0xFE,
  0x7F, 0xE0, 0x7F, 0xE7, 0xFE, 0x07, 0xFE, 0x7F, 0xF0, 0x7F, 0xE7, 0xFF,
  0x07, 0xFE, 0x7F, 0xF0,
  0xFF, 0xE3, 0xFF, 0x0F, 0xFC, 0x3F, 0xF0, 0xFF, 0xC3, 0xFF, 0x0F, 0xFC,
  0x3F, 0xF0, 0xFF, 0xC3,
  0xFF, 0x0F, 0xFC, 0x3F, 0xF0, 0xFF, 0xC3, 0xFF, 0x0F, 0xFC, 0x3F, 0xF8,
  0xFF, 0xC1, 0xFF, 0x8F,
  0xF8, 0x1F, 0xF9, 0xFF, 0x81, 0xFF, 0x9F, 0xF8, 0x1F, 0xF9, 0xFF, 0x81,
  0xFF, 0x9F, 0xF8, 0x1F,
  0xF9, 0xFF, 0x81, 0xFF, 0x9F, 0xF8, 0x1F, 0xF9, 0xFF, 0x80, 0xFF, 0xDF,
  0xF0, 0x0F, 0xFD, 0xFF,
  0x00, 0xFF, 0xDF, 0xF0, 0x0F, 0xFD, 0xFF, 0x00, 0xFF, 0xFF, 0xF0, 0x0F,
  0xFF, 0xFF, 0x00, 0xFF,
  0xFF, 0xF0, 0x0F, 0xFF, 0xFF, 0x00, 0x7F, 0xFF, 0xF0, 0x07, 0xFF, 0xFE,
  0x00, 0x7F, 0xFF, 0xE0,
  0x07, 0xFF, 0xFE, 0x00, 0x7F, 0xFF, 0xE0, 0x07, 0xFF, 0xFE, 0x00, 0x7F,
  0xFF, 0xE0, 0x07, 0xFF,
  0xFE, 0x00, 0x7F, 0xFF, 0xE0, 0x03, 0xFF, 0xFC, 0x00, 0x3F, 0xFF, 0xC0,
  0x03, 0xFF, 0xFC, 0x00,
  0x3F, 0xFF, 0xC0, 0x03, 0xFF, 0xFC, 0x00, 0x3F, 0xFF, 0xC0, 0x03, 0xFF,
  0xFC, 0x00, 0x3F, 0xFF,
  0xC0, 0xFF, 0xE0, 0x7F, 0xE0, 0x7F, 0xFF, 0xFE, 0x07, 0xFE, 0x07, 0xFF,
  0xFF, 0xE0, 0xFF, 0xE0,
  0x7F, 0xEF, 0xFE, 0x0F, 0xFE, 0x07, 0xFE, 0xFF, 0xE0, 0xFF, 0xE0, 0xFF,
  0xEF, 0xFE, 0x0F, 0xFE,
  0x0F, 0xFE, 0x7F, 0xE0, 0xFF, 0xF0, 0xFF, 0xE7, 0xFE, 0x0F, 0xFF, 0x0F,
  0xFE, 0x7F, 0xE0, 0xFF,
  0xF0, 0xFF, 0xE7, 0xFE, 0x0F, 0xFF, 0x0F, 0xFE, 0x7F, 0xE0, 0xFF, 0xF0,
  0xFF, 0xE7, 0xFF, 0x0F,
  0xFF, 0x0F, 0xFE, 0x7F, 0xF0, 0xFF, 0xF0, 0xFF, 0xC7, 0xFF, 0x0F, 0xFF,
  0x0F, 0xFC, 0x7F, 0xF1,
  0xFF, 0xF0, 0xFF, 0xC7, 0xFF, 0x1F, 0xFF, 0x0F, 0xFC, 0x3F, 0xF1, 0xFF,
  0xF1, 0xFF, 0xC3, 0xFF,
  0x1F, 0xFF, 0x1F, 0xFC, 0x3F, 0xF1, 0xFF, 0xF9, 0xFF, 0xC3, 0xFF, 0x1F,
  0xFF, 0x9F, 0xFC, 0x3F,
  0xF1, 0xFF, 0xF9, 0xFF, 0xC3, 0xFF, 0x1F, 0xFF, 0x9F, 0xF8, 0x3F, 0xF9,
  0xFF, 0xF9, 0xFF, 0x83,
  0xFF, 0x9F, 0xFF, 0x9F, 0xF8, 0x3F, 0xF9, 0xFF, 0xF9, 0xFF, 0x81, 0xFF,
  0xBF, 0xFF, 0x9F, 0xF8,
  0x1F, 0xFB, 0xFF, 0xF9, 0xFF, 0x81, 0xFF, 0xBF, 0xFF, 0x9F, 0xF8, 0x1F,
  0xFB, 0xFF, 0xFB, 0xFF,
  0x81, 0xFF, 0xBF, 0xFF, 0xBF, 0xF8, 0x1F, 0xFB, 0xFF, 0xFB, 0xFF, 0x01,
  0xFF, 0xBF, 0xFF, 0xFF,
  0xF0, 0x1F, 0xFB, 0xFB, 0xFF, 0xFF, 0x01, 0xFF, 0xBF, 0xBF, 0xFF, 0xF0,
  0x1F, 0xFF, 0xFB, 0xFF,
  0xFF, 0x00, 0xFF, 0xFF, 0xBF, 0xFF, 0xF0, 0x0F, 0xFF, 0xF9, 0xFF, 0xFF,
  0x00, 0xFF, 0xFF, 0x9F,
  0xFF, 0xF0, 0x0F, 0xFF, 0xF9, 0xFF, 0xFF, 0x00, 0xFF, 0xFF, 0x9F, 0xFF,
  0xF0, 0x0F, 0xFF, 0xF9,
  0xFF, 0xFE, 0x00, 0xFF, 0xFF, 0x9F, 0xFF, 0xE0, 0x0F, 0xFF, 0xF1, 0xFF,
  0xFE, 0x00, 0xFF, 0xFF,
  0x1F, 0xFF, 0xE0, 0x07, 0xFF, 0xF1, 0xFF, 0xFE, 0x00, 0x7F, 0xFF, 0x1F,
  0xFF, 0xE0, 0x07, 0xFF,
  0xF0, 0xFF, 0xFE, 0x00, 0x7F, 0xFF, 0x0F, 0xFF, 0xE0, 0x07, 0xFF, 0xF0,
  0xFF, 0xFE, 0x00, 0x7F,
  0xFF, 0x0F, 0xFF, 0xC0, 0x07, 0xFF, 0xF0, 0xFF, 0xFC, 0x00, 0x7F, 0xFF,
  0x0F, 0xFF, 0xC0, 0x07,
  0xFF, 0xF0, 0xFF, 0xFC, 0x00, 0x7F, 0xFE, 0x0F, 0xFF, 0xC0, 0x03, 0xFF,
  0xE0, 0xFF, 0xFC, 0x00,
  0x3F, 0xFE, 0x0F, 0xFF, 0xC0, 0x7F, 0xF0, 0x7F, 0xF3, 0xFF, 0x83, 0xFF,
  0x8F, 0xFC, 0x1F, 0xFC,
  0x7F, 0xE0, 0xFF, 0xC3, 0xFF, 0x07, 0xFE, 0x1F, 0xFC, 0x7F, 0xF0, 0xFF,
  0xE3, 0xFF, 0x87, 0xFF,
  0x1F, 0xFC, 0x1F, 0xF8, 0xFF, 0xC0, 0xFF, 0xC7, 0xFE, 0x07, 0xFE, 0x3F,
  0xF0, 0x3F, 0xF1, 0xFF,
  0x81, 0xFF, 0xCF, 0xFC, 0x0F, 0xFE, 0xFF, 0xE0, 0x3F, 0xF7, 0xFE, 0x01,
  0xFF, 0xBF, 0xF0, 0x0F,
  0xFD, 0xFF, 0x80, 0x7F, 0xEF, 0xFC, 0x03, 0xFF, 0xFF, 0xE0, 0x0F, 0xFF,
  0xFF, 0x00, 0x7F, 0xFF,
  0xF0, 0x03, 0xFF, 0xFF, 0x80, 0x1F, 0xFF, 0xFC, 0x00, 0xFF, 0xFF, 0xE0,
  0x07, 0xFF, 0xFF, 0x00,
  0x1F, 0xFF, 0xF0, 0x00, 0xFF, 0xFF, 0x80, 0x07, 0xFF, 0xFC, 0x00, 0x7F,
  0xFF, 0xF0, 0x03, 0xFF,
  0xFF, 0x80, 0x1F, 0xFF, 0xFC, 0x00, 0xFF, 0xFF, 0xE0, 0x07, 0xFF, 0xFF,
  0x00, 0x7F, 0xFF, 0xFC,
  0x03, 0xFF, 0xFF, 0xE0, 0x1F, 0xFB, 0xFF, 0x00, 0xFF, 0xDF, 0xF8, 0x07,
  0xFE, 0xFF, 0xC0, 0x7F,
  0xF7, 0xFF, 0x03, 0xFF, 0xBF, 0xF8, 0x1F, 0xFC, 0xFF, 0xC0, 0xFF, 0xC7,
  0xFE, 0x07, 0xFE, 0x3F,
  0xF0, 0x7F, 0xF1, 0xFF, 0xC3, 0xFF, 0x8F, 0xFE, 0x1F, 0xFC, 0x7F, 0xF0,
  0xFF, 0xE1, 0xFF, 0x87,
  0xFE, 0x0F, 0xFC, 0x7F, 0xF0, 0x7F, 0xF3, 0xFF, 0x83, 0xFF, 0x9F, 0xFC,
  0x1F, 0xFC, 0xFF, 0xE0,
  0xFF, 0xE7, 0xFF, 0x07, 0xFF, 0x7F, 0xF0, 0x1F, 0xFF, 0xFF, 0x80, 0xFF,
  0xFF, 0xFC, 0x07, 0xFF,
  0xFF, 0xE0, 0x7F, 0xF7, 0xFE, 0x07, 0xFF, 0x7F, 0xF0, 0x7F, 0xF7, 0xFF,
  0x07, 0xFE, 0x7F, 0xF0,
  0x7F, 0xE3, 0xFF, 0x0F, 0xFE, 0x3F, 0xF0, 0xFF, 0xE3, 0xFF, 0x0F, 0xFC,
  0x3F, 0xF8, 0xFF, 0xC1,
  0xFF, 0x8F, 0xFC, 0x1F, 0xF8, 0xFF, 0xC1, 0xFF, 0x9F, 0xFC, 0x1F, 0xF9,
  0xFF, 0x81, 0xFF, 0x9F,
  0xF8, 0x0F, 0xFD, 0xFF, 0x80, 0xFF, 0xDF, 0xF8, 0x0F, 0xFD, 0xFF, 0x00,
  0xFF, 0xDF, 0xF0, 0x07,
  0xFF, 0xFF, 0x00, 0x7F, 0xFF, 0xF0, 0x07, 0xFF, 0xFE, 0x00, 0x7F, 0xFF,
  0xE0, 0x03, 0xFF, 0xFE,
  0x00, 0x3F, 0xFF, 0xE0, 0x03, 0xFF, 0xFE, 0x00, 0x3F, 0xFF, 0xC0, 0x03,
  0xFF, 0xFC, 0x00, 0x1F,
  0xFF, 0xC0, 0x01, 0xFF, 0xFC, 0x00, 0x1F, 0xFF, 0x80, 0x01, 0xFF, 0xF8,
  0x00, 0x0F, 0xFF, 0x80,
  0x00, 0xFF, 0xF8, 0x00, 0x0F, 0xFF, 0x00, 0x00, 0xFF, 0xF0, 0x00, 0x07,
  0xFF, 0x00, 0x00, 0x7F,
  0xF0, 0x00, 0x07, 0xFF, 0x00, 0x00, 0x7F, 0xE0, 0x00, 0x07, 0xFE, 0x00,
  0x00, 0x7F, 0xE0, 0x00,
  0x07, 0xFE, 0x00, 0x00, 0x7F, 0xE0, 0x00, 0x07, 0xFE, 0x00, 0x00, 0x7F,
  0xE0, 0x00, 0x07, 0xFE,
  0x00, 0x00, 0x7F, 0xE0, 0x00, 0x07, 0xFE, 0x00, 0x00, 0x7F, 0xE0, 0x00,
  0x07, 0xFE, 0x00, 0x00,
  0x7F, 0xE0, 0x00, 0x07, 0xFE, 0x00, 0x00, 0x7F, 0xE0, 0x00, 0x07, 0xFE,
  0x00, 0x00, 0x7F, 0xE0,
  0x00, 0x07, 0xFE, 0x00, 0x7F, 0xFF, 0xFF, 0x7F, 0xFF, 0xFF, 0x7F, 0xFF,
  0xFF, 0x7F, 0xFF, 0xFF,
  0x7F, 0xFF, 0xFF, 0x7F, 0xFF, 0xFF, 0x7F, 0xFF, 0xFF, 0x7F, 0xFF, 0xFF,
  0x7F, 0xFF, 0xFF, 0x7F,
  0xFF, 0xFF, 0x00, 0x0F, 0xFF, 0x00, 0x0F, 0xFF, 0x00, 0x0F, 0xFE, 0x00,
  0x1F, 0xFE, 0x00, 0x1F,
  0xFC, 0x00, 0x1F, 0xFC, 0x00, 0x3F, 0xFC, 0x00, 0x3F, 0xF8, 0x00, 0x3F,
  0xF8, 0x00, 0x7F, 0xF8,
  0x00, 0x7F, 0xF0, 0x00, 0x7F, 0xF0, 0x00, 0xFF, 0xF0, 0x00, 0xFF, 0xE0,
  0x00, 0xFF, 0xE0, 0x01,
  0xFF, 0xE0, 0x01, 0xFF, 0xC0, 0x03, 0xFF, 0xC0, 0x03, 0xFF, 0xC0, 0x03,
  0xFF, 0x80, 0x07, 0xFF,
  0x80, 0x07, 0xFF, 0x00, 0x07, 0xFF, 0x00, 0x0F, 0xFF, 0x00, 0x0F, 0xFE,
  0x00, 0x0F, 0xFE, 0x00,
  0x1F, 0xFE, 0x00, 0x1F, 0xFC, 0x00, 0x1F, 0xFC, 0x00, 0x3F, 0xFC, 0x00,
  0x3F, 0xF8, 0x00, 0x3F,
  0xF8, 0x00, 0x7F, 0xF8, 0x00, 0x7F, 0xF0, 0x00, 0x7F, 0xF0, 0x00, 0xFF,
  0xF0, 0x00, 0xFF, 0xFF,
  0xFF, 0xFF, 0xFF, 0xFF, 0xFF, 0xFF, 0xFF, 0xFF, 0xFF, 0xFF, 0xFF, 0xFF,
  0xFF, 0xFF, 0xFF, 0xFF,
  0xFF, 0xFF, 0xFF, 0xFF, 0xFF, 0xFF, 0xFF, 0xFF, 0xFF, 0xFF, 0xFF, 0xFF,
  0xFF, 0xFF, 0xFF, 0xFF,
  0xFF, 0xFF, 0xFF, 0xFF, 0xFF, 0xFF, 0xFF, 0xFF, 0xFF, 0xFF, 0xFF, 0xFF,
  0xFF, 0xFF, 0xFF, 0xFF,
  0xF0, 0x3F, 0xF8, 0x1F, 0xFC, 0x0F, 0xFE, 0x07, 0xFF, 0x03, 0xFF, 0x81,
  0xFF, 0xC0, 0xFF, 0xE0,
  0x7F, 0xF0, 0x3F, 0xF8, 0x1F, 0xFC, 0x0F, 0xFE, 0x07, 0xFF, 0x03, 0xFF,
  0x81, 0xFF, 0xC0, 0xFF,
  0xE0, 0x7F, 0xF0, 0x3F, 0xF8, 0x1F, 0xFC, 0x0F, 0xFE, 0x07, 0xFF, 0x03,
  0xFF, 0x81, 0xFF, 0xC0,
  0xFF, 0xE0, 0x7F, 0xF0, 0x3F, 0xF8, 0x1F, 0xFC, 0x0F, 0xFE, 0x07, 0xFF,
  0x03, 0xFF, 0x81, 0xFF,
  0xC0, 0xFF, 0xE0, 0x7F, 0xF0, 0x3F, 0xF8, 0x1F, 0xFC, 0x0F, 0xFE, 0x07,
  0xFF, 0x03, 0xFF, 0x81,
  0xFF, 0xC0, 0xFF, 0xE0, 0x7F, 0xF0, 0x3F, 0xF8, 0x1F, 0xFC, 0x0F, 0xFE,
  0x07, 0xFF, 0x03, 0xFF,
  0x81, 0xFF, 0xFF, 0xFF, 0xFF, 0xFF, 0xFF, 0xFF, 0xFF, 0xFF, 0xFF, 0xFF,
  0xFF, 0xFF, 0xFF, 0xFF,
  0xFF, 0xFF, 0xFF, 0xFF, 0xFF, 0xE0, 0x00, 0xFF, 0xF0, 0x00, 0xFF, 0xF0,
  0x00, 0x7F, 0xF0, 0x00,
  0x7F, 0xF0, 0x00, 0x7F, 0xF0, 0x00, 0x7F, 0xF8, 0x00, 0x3F, 0xF8, 0x00,
  0x3F, 0xF8, 0x00, 0x3F,
  0xF8, 0x00, 0x3F, 0xFC, 0x00, 0x3F, 0xFC, 0x00, 0x1F, 0xFC, 0x00, 0x1F,
  0xFC, 0x00, 0x1F, 0xFE,
  0x00, 0x1F, 0xFE, 0x00, 0x0F, 0xFE, 0x00, 0x0F, 0xFE, 0x00, 0x0F, 0xFE,
  0x00, 0x0F, 0xFF, 0x00,
  0x07, 0xFF, 0x00, 0x07, 0xFF, 0x00, 0x07, 0xFF, 0x00, 0x07, 0xFF, 0x80,
  0x07, 0xFF, 0x80, 0x03,
  0xFF, 0x80, 0x03, 0xFF, 0x80, 0x03, 0xFF, 0xC0, 0x03, 0xFF, 0xC0, 0x01,
  0xFF, 0xC0, 0x01, 0xFF,
  0xC0, 0x01, 0xFF, 0xC0, 0x01, 0xFF, 0xE0, 0x00, 0xFF, 0xE0, 0x00, 0xFF,
  0xE0, 0x00, 0xFF, 0xE0,
  0x00, 0xFF, 0xF0, 0x00, 0xFF, 0xF0, 0x00, 0x7F, 0xF0, 0x00, 0x7F, 0xF0,
  0x00, 0x7F, 0xF0, 0x00,
  0x7F, 0xF8, 0x00, 0x3F, 0xF8, 0x00, 0x3F, 0xF8, 0x00, 0x3F, 0xF8, 0x00,
  0x3F, 0xFC, 0x00, 0x1F,
  0xFC, 0x00, 0x1F, 0xFC, 0x00, 0x1F, 0xFC, 0x00, 0x1F, 0xFE, 0x00, 0x1F,
  0xFE, 0x00, 0x0F, 0xFE,
  0x00, 0x0F, 0xFE, 0x00, 0x0F, 0xFE, 0x00, 0x0F, 0xFF, 0x00, 0x07, 0xFF,
  0xFF, 0xFF, 0xFF, 0xFF,
  0xFF, 0xFF, 0xFF, 0xFF, 0xFF, 0xFF, 0xFF, 0xFF, 0xFF, 0xFF, 0xFF, 0xFF,
  0xFF, 0xFF, 0xFF, 0x81,
  0xFF, 0xC0, 0xFF, 0xE0, 0x7F, 0xF0, 0x3F, 0xF8, 0x1F, 0xFC, 0x0F, 0xFE,
  0x07, 0xFF, 0x03, 0xFF,
  0x81, 0xFF, 0xC0, 0xFF, 0xE0, 0x7F, 0xF0, 0x3F, 0xF8, 0x1F, 0xFC, 0x0F,
  0xFE, 0x07, 0xFF, 0x03,
  0xFF, 0x81, 0xFF, 0xC0, 0xFF, 0xE0, 0x7F, 0xF0, 0x3F, 0xF8, 0x1F, 0xFC,
  0x0F, 0xFE, 0x07, 0xFF,
  0x03, 0xFF, 0x81, 0xFF, 0xC0, 0xFF, 0xE0, 0x7F, 0xF0, 0x3F, 0xF8, 0x1F,
  0xFC, 0x0F, 0xFE, 0x07,
  0xFF, 0x03, 0xFF, 0x81, 0xFF, 0xC0, 0xFF, 0xE0, 0x7F, 0xF0, 0x3F, 0xF8,
  0x1F, 0xFC, 0x0F, 0xFE,
  0x07, 0xFF, 0x03, 0xFF, 0x81, 0xFF, 0xC0, 0xFF, 0xE0, 0x7F, 0xF0, 0x3F,
  0xF8, 0x1F, 0xFC, 0x0F,
  0xFF, 0xFF, 0xFF, 0xFF, 0xFF, 0xFF, 0xFF, 0xFF, 0xFF, 0xFF, 0xFF, 0xFF,
  0xFF, 0xFF, 0xFF, 0xFF,
  0xFF, 0xFF, 0xFF, 0xFF, 0x00, 0xFF, 0xF8, 0x00, 0x1F, 0xFF, 0x80, 0x01,
  0xFF, 0xF8, 0x00, 0x1F,
  0xFF, 0x80, 0x01, 0xFF, 0xFC, 0x00, 0x3F, 0xFF, 0xC0, 0x03, 0xFF, 0xFC,
  0x00, 0x3F, 0xFF, 0xC0,
  0x03, 0xFF, 0xFE, 0x00, 0x7F, 0xFF, 0xE0, 0x07, 0xFF, 0xFE, 0x00, 0x7F,
  0xFF, 0xF0, 0x07, 0xFF,
  0xFF, 0x00, 0xFF, 0xDF, 0xF0, 0x0F, 0xFD, 0xFF, 0x00, 0xFF, 0x9F, 0xF8,
  0x1F, 0xF9, 0xFF, 0x81,
  0xFF, 0x9F, 0xF8, 0x1F, 0xF9, 0xFF, 0x81, 0xFF, 0x9F, 0xFC, 0x3F, 0xF8,
  0xFF, 0xC3, 0xFF, 0x8F,
  0xFC, 0x3F, 0xF0, 0xFF, 0xC3, 0xFF, 0x0F, 0xFE, 0x7F, 0xF0, 0xFF, 0xE7,
  0xFF, 0x0F, 0xFE, 0x7F,
  0xF0, 0xFF, 0xE7, 0xFF, 0x07, 0xFF, 0xFF, 0xF0, 0x7F, 0xF0, 0xFF, 0xFF,
  0xFF, 0xFF, 0xFF, 0xFF,
  0xFF, 0xFF, 0xFF, 0xFF, 0xFF, 0xFF, 0xFF, 0xFF, 0xFF, 0xFF, 0xFF, 0xFF,
  0xE0, 0xC0, 0x01, 0xE0,
  0x03, 0xF0, 0x07, 0xF8, 0x0F, 0xFC, 0x1F, 0xFF, 0x3F, 0xFF, 0xFF, 0xFF,
  0xFF, 0xFF, 0xFF, 0xFF,
  0xFF, 0xF8, 0x3F, 0xF0, 0x03, 0xE0, 0x00, 0x02, 0x00, 0x00, 0x0F, 0xFF,
  0x80, 0x03, 0xFF, 0xFE,
  0x00, 0xFF, 0xFF, 0xF0, 0x1F, 0xFF, 0xFF, 0x81, 0xFF, 0xFF, 0xFC, 0x3F,
  0xFF, 0xFF, 0xE3, 0xFF,
  0xFF, 0xFE, 0x7F, 0xFF, 0xFF, 0xE7, 0xFF, 0x9F, 0xFF, 0x7F, 0xF0, 0xFF,
  0xF7, 0xFF, 0x0F, 0xFF,
  0x7F, 0xF0, 0x7F, 0xF7, 0xFF, 0x07, 0xFF, 0x7F, 0xF0, 0x7F, 0xF0, 0x00,
  0x07, 0xFF, 0x00, 0x00,
  0x7F, 0xF0, 0x00, 0x07, 0xFF, 0x00, 0x01, 0xFF, 0xF0, 0x00, 0xFF, 0xFF,
  0x00, 0x7F, 0xFF, 0xF0,
  0x1F, 0xFF, 0xFF, 0x07, 0xFF, 0xFF, 0xF0, 0xFF, 0xF7, 0xFF, 0x1F, 0xFC,
  0x7F, 0xF3, 0xFF, 0x87,
  0xFF, 0x3F, 0xF0, 0x7F, 0xF7, 0xFF, 0x07, 0xFF, 0x7F, 0xF0, 0x7F, 0xF7,
  0xFF, 0x07, 0xFF, 0x7F,
  0xF0, 0x7F, 0xFF, 0xFF, 0x07, 0xFF, 0xFF, 0xF0, 0x7F, 0xFF, 0xFF, 0x07,
  0xFF, 0xFF, 0xF0, 0x7F,
  0xFF, 0xFF, 0x07, 0xFF, 0xFF, 0xF0, 0x7F, 0xFF, 0xFF, 0x0F, 0xFF, 0xFF,
  0xF0, 0xFF, 0xF7, 0xFF,
  0x9F, 0xFF, 0x7F, 0xFF, 0xFF, 0xF7, 0xFF, 0xFF, 0xFF, 0x7F, 0xFF, 0xFF,
  0xF3, 0xFF, 0xF7, 0xFF,
  0x3F, 0xFF, 0x7F, 0xF1, 0xFF, 0xE7, 0xFF, 0x0F, 0xFE, 0x7F, 0xF0, 0x7F,
  0x87, 0xFF, 0x00, 0x40,
  0x00, 0x00, 0xFF, 0xF0, 0x00, 0x0F, 0xFF, 0x00, 0x00, 0xFF, 0xF0, 0x00,
  0x0F, 0xFF, 0x00, 0x00,
  0xFF, 0xF0, 0x00, 0x0F, 0xFF, 0x00, 0x00, 0xFF, 0xF0, 0x00, 0x0F, 0xFF,
  0x00, 0x00, 0xFF, 0xF0,
  0x10, 0x0F, 0xFF, 0x1F, 0xF0, 0xFF, 0xF3, 0xFF, 0x8F, 0xFF, 0x7F, 0xFC,
  0xFF, 0xFF, 0xFF, 0xEF,
  0xFF, 0xFF, 0xFE, 0xFF, 0xFF, 0xFF, 0xEF, 0xFF, 0xFF, 0xFF, 0xFF, 0xFF,
  0xFF, 0xFF, 0xFF, 0x9F,
  0xFF, 0xFF, 0xF0, 0xFF, 0xFF, 0xFF, 0x07, 0xFF, 0xFF, 0xF0, 0x7F, 0xFF,
  0xFF, 0x07, 0xFF, 0xFF,
  0xF0, 0x7F, 0xFF, 0xFF, 0x07, 0xFF, 0xFF, 0xF0, 0x7F, 0xFF, 0xFF, 0x07,
  0xFF, 0xFF, 0xF0, 0x7F,
  0xFF, 0xFF, 0x07, 0xFF, 0xFF, 0xF0, 0x7F, 0xFF, 0xFF, 0x07, 0xFF, 0xFF,
  0xF0, 0x7F, 0xFF, 0xFF,
  0x07, 0xFF, 0xFF, 0xF0, 0x7F, 0xFF, 0xFF, 0x07, 0xFF, 0xFF, 0xF0, 0x7F,
  0xFF, 0xFF, 0x07, 0xFF,
  0xFF, 0xF0, 0x7F, 0xFF, 0xFF, 0x07, 0xFF, 0xFF, 0xF0, 0x7F, 0xFF, 0xFF,
  0x07, 0xFF, 0xFF, 0xF0,
  0x7F, 0xFF, 0xFF, 0x07, 0xFF, 0xFF, 0xF0, 0x7F, 0xFF, 0xFF, 0x07, 0xFF,
  0xFF, 0xF0, 0x7F, 0xFF,
  0xFF, 0x07, 0xFF, 0xFF, 0xF0, 0xFF, 0xFF, 0xFF, 0x9F, 0xFF, 0xFF, 0xFF,
  0xFF, 0xFF, 0xFF, 0xFF,
  0xFE, 0xFF, 0xFF, 0xFF, 0xEF, 0xFF, 0xFF, 0xFE, 0xFF, 0xFF, 0xFF, 0xCF,
  0xFF, 0x7F, 0xF8, 0xFF,
  0xF3, 0xFF, 0x8F, 0xFF, 0x1F, 0xE0, 0x00, 0x00, 0x30, 0x00, 0x00, 0x02,
  0x00, 0x00, 0x1F, 0xFF,
  0x00, 0x07, 0xFF, 0xFC, 0x00, 0xFF, 0xFF, 0xF0, 0x1F, 0xFF, 0xFF, 0x83,
  0xFF, 0xFF, 0xFC, 0x3F,
  0xFF, 0xFF, 0xC7, 0xFF, 0xFF, 0xFE, 0x7F, 0xFF, 0xFF, 0xE7, 0xFF, 0x9F,
  0xFE, 0x7F, 0xF0, 0xFF,
  0xFF, 0xFE, 0x0F, 0xFF, 0xFF, 0xE0, 0xFF, 0xFF, 0xFE, 0x0F, 0xFF, 0xFF,
  0xE0, 0xFF, 0xFF, 0xFE,
  0x0F, 0xFF, 0xFF, 0xE0, 0xFF, 0xFF, 0xFE, 0x0F, 0xFF, 0xFF, 0xE0, 0xFF,
  0xFF, 0xFE, 0x0F, 0xFF,
  0xFF, 0xE0, 0x00, 0x0F, 0xFE, 0x00, 0x00, 0xFF, 0xE0, 0x00, 0x0F, 0xFE,
  0x00, 0x00, 0xFF, 0xE0,
  0x00, 0x0F, 0xFE, 0x00, 0x00, 0xFF, 0xE0, 0x00, 0x0F, 0xFE, 0x00, 0x00,
  0xFF, 0xE0, 0xFF, 0xFF,
  0xFE, 0x0F, 0xFF, 0xFF, 0xE0, 0xFF, 0xFF, 0xFE, 0x0F, 0xFF, 0xFF, 0xE0,
  0xFF, 0xFF, 0xFE, 0x0F,
  0xFF, 0xFF, 0xE0, 0xFF, 0xFF, 0xFE, 0x0F, 0xFF, 0xFF, 0xE0, 0xFF, 0xFF,
  0xFE, 0x0F, 0xFF, 0xFF,
  0xF0, 0xFF, 0xF7, 0xFF, 0x9F, 0xFE, 0x7F, 0xFF, 0xFF, 0xE7, 0xFF, 0xFF,
  0xFE, 0x3F, 0xFF, 0xFF,
  0xC3, 0xFF, 0xFF, 0xFC, 0x1F, 0xFF, 0xFF, 0x80, 0xFF, 0xFF, 0xF0, 0x07,
  0xFF, 0xFC, 0x00, 0x0F,
  0xFF, 0x00, 0x00, 0x02, 0x00, 0x00, 0x00, 0x00, 0xFF, 0xF0, 0x00, 0x0F,
  0xFF, 0x00, 0x00, 0xFF,
  0xF0, 0x00, 0x0F, 0xFF, 0x00, 0x00, 0xFF, 0xF0, 0x00, 0x0F, 0xFF, 0x00,
  0x00, 0xFF, 0xF0, 0x00,
  0x0F, 0xFF, 0x00, 0x80, 0xFF, 0xF0, 0xFF, 0x8F, 0xFF, 0x1F, 0xFC, 0xFF,
  0xF3, 0xFF, 0xEF, 0xFF,
  0x3F, 0xFF, 0xFF, 0xF7, 0xFF, 0xFF, 0xFF, 0x7F, 0xFF, 0xFF, 0xFF, 0xFF,
  0xFF, 0xFF, 0xFF, 0xFF,
  0xFF, 0xFF, 0xFF, 0x1F, 0xFF, 0xFF, 0xF0, 0xFF, 0xFF, 0xFE, 0x0F, 0xFF,
  0xFF, 0xE0, 0xFF, 0xFF,
  0xFE, 0x0F, 0xFF, 0xFF, 0xE0, 0xFF, 0xFF, 0xFE, 0x0F, 0xFF, 0xFF, 0xE0,
  0xFF, 0xFF, 0xFE, 0x0F,
  0xFF, 0xFF, 0xE0, 0xFF, 0xFF, 0xFE, 0x0F, 0xFF, 0xFF, 0xE0, 0xFF, 0xFF,
  0xFE, 0x0F, 0xFF, 0xFF,
  0xE0, 0xFF, 0xFF, 0xFE, 0x0F, 0xFF, 0xFF, 0xE0, 0xFF, 0xFF, 0xFE, 0x0F,
  0xFF, 0xFF, 0xE0, 0xFF,
  0xFF, 0xFE, 0x0F, 0xFF, 0xFF, 0xE0, 0xFF, 0xFF, 0xFE, 0x0F, 0xFF, 0xFF,
  0xE0, 0xFF, 0xFF, 0xFE,
  0x0F, 0xFF, 0xFF, 0xE0, 0xFF, 0xFF, 0xFE, 0x0F, 0xFF, 0xFF, 0xE0, 0xFF,
  0xFF, 0xFE, 0x0F, 0xFF,
  0xFF, 0xE0, 0xFF, 0xFF, 0xFE, 0x0F, 0xFF, 0xFF, 0xF0, 0xFF, 0xFF, 0xFF,
  0x9F, 0xFF, 0xFF, 0xFF,
  0xFF, 0xF7, 0xFF, 0xFF, 0xFF, 0x7F, 0xFF, 0xFF, 0xF7, 0xFF, 0xFF, 0xFF,
  0x3F, 0xFF, 0xFF, 0xF3,
  0xFF, 0xEF, 0xFF, 0x1F, 0xFE, 0xFF, 0xF0, 0x7F, 0x8F, 0xFF, 0x00, 0x40,
  0x00, 0x00, 0x00, 0x04,
  0x00, 0x00, 0x1F, 0xFE, 0x00, 0x1F, 0xFF, 0xF0, 0x07, 0xFF, 0xFF, 0x81,
  0xFF, 0xFF, 0xF8, 0x7F,
  0xFF, 0xFF, 0x0F, 0xFF, 0xFF, 0xF3, 0xFF, 0xFF, 0xFE, 0x7F, 0xFF, 0xFF,
  0xFF, 0xFF, 0x3F, 0xFF,
  0xFF, 0xC3, 0xFF, 0xFF, 0xF0, 0x7F, 0xFF, 0xFE, 0x0F, 0xFF, 0xFF, 0xC1,
  0xFF, 0xFF, 0xF8, 0x3F,
  0xFF, 0xFF, 0x07, 0xFF, 0xFF, 0xE0, 0xFF, 0xFF, 0xFC, 0x1F, 0xFF, 0xFF,
  0x83, 0xFF, 0xFF, 0xF0,
  0x7F, 0xFF, 0xFF, 0xFF, 0xFF, 0xFF, 0xFF, 0xFF, 0xFF, 0xFF, 0xFF, 0xFF,
  0xFF, 0xFF, 0xFF, 0xFF,
  0xFF, 0xFF, 0xFF, 0xFF, 0xFF, 0xFF, 0xFF, 0x80, 0x00, 0x7F, 0xF0, 0x00,
  0x0F, 0xFE, 0x00, 0x01,
  0xFF, 0xC0, 0x00, 0x3F, 0xF8, 0x3F, 0xFF, 0xFF, 0x07, 0xFF, 0xFF, 0xE0,
  0xFF, 0xFF, 0xFC, 0x1F,
  0xFF, 0xFF, 0x83, 0xFF, 0xFF, 0xF0, 0x7F, 0xFF, 0xFE, 0x0F, 0xFF, 0xFF,
  0xC1, 0xFF, 0xFF, 0xFC,
  0x3F, 0xFB, 0xFF, 0xCF, 0xFF, 0x7F, 0xFF, 0xFF, 0xCF, 0xFF, 0xFF, 0xF8,
  0xFF, 0xFF, 0xFF, 0x1F,
  0xFF, 0xFF, 0xC1, 0xFF, 0xFF, 0xF0, 0x1F, 0xFF, 0xFE, 0x01, 0xFF, 0xFF,
  0x00, 0x0F, 0xFF, 0x80,
  0x00, 0x0E, 0x00, 0x00, 0x00, 0x40, 0x07, 0xFF, 0x0F, 0xFF, 0x1F, 0xFF,
  0x1F, 0xFF, 0x1F, 0xFF,
  0x3F, 0xFF, 0x3F, 0xFF, 0x3F, 0xFC, 0x3F, 0xF8, 0x3F, 0xF8, 0xFF, 0xFF,
  0xFF, 0xFF, 0xFF, 0xFF,
  0xFF, 0xFF, 0xFF, 0xFF, 0xFF, 0xFF, 0xFF, 0xFF, 0xFF, 0xFF, 0xFF, 0xFF,
  0x3F, 0xF8, 0x3F, 0xF8,
  0x3F, 0xF8, 0x3F, 0xF8, 0x3F, 0xF8, 0x3F, 0xF8, 0x3F, 0xF8, 0x3F, 0xF8,
  0x3F, 0xF8, 0x3F, 0xF8,
  0x3F, 0xF8, 0x3F, 0xF8, 0x3F, 0xF8, 0x3F, 0xF8, 0x3F, 0xF8, 0x3F, 0xF8,
  0x3F, 0xF8, 0x3F, 0xF8,
  0x3F, 0xF8, 0x3F, 0xF8, 0x3F, 0xF8, 0x3F, 0xF8, 0x3F, 0xF8, 0x3F, 0xF8,
  0x3F, 0xF8, 0x3F, 0xF8,
  0x3F, 0xF8, 0x3F, 0xF8, 0x3F, 0xF8, 0x3F, 0xF8, 0x3F, 0xF8, 0x3F, 0xF8,
  0x3F, 0xF8, 0x3F, 0xF8,
  0x3F, 0xF8, 0x3F, 0xF8, 0x3F, 0xF8, 0x00, 0x20, 0x00, 0x00, 0x1F, 0xF1,
  0xFF, 0xC3, 0xFF, 0xCF,
  0xFE, 0x1F, 0xFF, 0x7F, 0xF1, 0xFF, 0xFB, 0xFF, 0x9F, 0xFF, 0xDF, 0xFC,
  0xFF, 0xFF, 0xFF, 0xE7,
  0xFF, 0xFF, 0xFF, 0x3F, 0xFF, 0xFF, 0xFB, 0xFF, 0xE7, 0xFF, 0xDF, 0xFE,
  0x1F, 0xFE, 0xFF, 0xF0,
  0xFF, 0xF7, 0xFF, 0x83, 0xFF, 0xBF, 0xFC, 0x1F, 0xFD, 0xFF, 0xE0, 0xFF,
  0xEF, 0xFF, 0x07, 0xFF,
  0x7F, 0xF8, 0x3F, 0xFB, 0xFF, 0xC1, 0xFF, 0xDF, 0xFE, 0x0F, 0xFE, 0xFF,
  0xF0, 0x7F, 0xF7, 0xFF,
  0x83, 0xFF, 0xBF, 0xFC, 0x1F, 0xFD, 0xFF, 0xE0, 0xFF, 0xEF, 0xFF, 0x07,
  0xFF, 0x7F, 0xF8, 0x3F,
  0xFB, 0xFF, 0xC1, 0xFF, 0xDF, 0xFE, 0x0F, 0xFE, 0xFF, 0xF0, 0x7F, 0xF7,
  0xFF, 0x83, 0xFF, 0xBF,
  0xFC, 0x1F, 0xFD, 0xFF, 0xE0, 0xFF, 0xEF, 0xFF, 0x0F, 0xFF, 0x7F, 0xF8,
  0x7F, 0xFB, 0xFF, 0xFF,
  0xFF, 0xCF, 0xFF, 0xFF, 0xFE, 0x7F, 0xFF, 0xFF, 0xF3, 0xFF, 0xFF, 0xFF,
  0x8F, 0xFF, 0xFF, 0xFC,
  0x7F, 0xFE, 0xFF, 0xE1, 0xFF, 0xF7, 0xFF, 0x07, 0xFF, 0x3F, 0xF8, 0x0F,
  0xE1, 0xFF, 0xC0, 0x00,
  0x0F, 0xFE, 0x00, 0x00, 0x7F, 0xF0, 0x00, 0x07, 0xFF, 0x80, 0x00, 0x3F,
  0xFC, 0x30, 0x03, 0xFF,
  0xE3, 0xF0, 0x3F, 0xFE, 0x1F, 0xFF, 0xFF, 0xF1, 0xFF, 0xFF, 0xFF, 0x9F,
  0xFF, 0xFF, 0xF8, 0xFF,
  0xFF, 0xFF, 0x8F, 0xFF, 0xFF, 0xFC, 0x1F, 0xFF, 0xFF, 0x80, 0x3F, 0xFF,
  0xF0, 0x00, 0x3F, 0xFC,
  0x00, 0xFF, 0xF0, 0x00, 0x0F, 0xFF, 0x00, 0x00, 0xFF, 0xF0, 0x00, 0x0F,
  0xFF, 0x00, 0x00, 0xFF,
  0xF0, 0x00, 0x0F, 0xFF, 0x00, 0x00, 0xFF, 0xF0, 0x00, 0x0F, 0xFF, 0x00,
  0x00, 0xFF, 0xF0, 0x20,
  0x0F, 0xFF, 0x1F, 0xF0, 0xFF, 0xF3, 0xFF, 0x8F, 0xFF, 0x7F, 0xFC, 0xFF,
  0xFF, 0xFF, 0xEF, 0xFF,
  0xFF, 0xFE, 0xFF, 0xFF, 0xFF, 0xEF, 0xFF, 0xFF, 0xFF, 0xFF, 0xFF, 0xFF,
  0xFF, 0xFF, 0x8F, 0xFF,
  0xFF, 0xF0, 0xFF, 0xFF, 0xFF, 0x07, 0xFF, 0xFF, 0xF0, 0x7F, 0xFF, 0xFF,
  0x07, 0xFF, 0xFF, 0xF0,
  0x7F, 0xFF, 0xFF, 0x07, 0xFF, 0xFF, 0xF0, 0x7F, 0xFF, 0xFF, 0x07, 0xFF,
  0xFF, 0xF0, 0x7F, 0xFF,
  0xFF, 0x07, 0xFF, 0xFF, 0xF0, 0x7F, 0xFF, 0xFF, 0x07, 0xFF, 0xFF, 0xF0,
  0x7F, 0xFF, 0xFF, 0x07,
  0xFF, 0xFF, 0xF0, 0x7F, 0xFF, 0xFF, 0x07, 0xFF, 0xFF, 0xF0, 0x7F, 0xFF,
  0xFF, 0x07, 0xFF, 0xFF,
  0xF0, 0x7F, 0xFF, 0xFF, 0x07, 0xFF, 0xFF, 0xF0, 0x7F, 0xFF, 0xFF, 0x07,
  0xFF, 0xFF, 0xF0, 0x7F,
  0xFF, 0xFF, 0x07, 0xFF, 0xFF, 0xF0, 0x7F, 0xFF, 0xFF, 0x07, 0xFF, 0xFF,
  0xF0, 0x7F, 0xFF, 0xFF,
  0x07, 0xFF, 0xFF, 0xF0, 0x7F, 0xFF, 0xFF, 0x07, 0xFF, 0xFF, 0xF0, 0x7F,
  0xFF, 0xFF, 0x07, 0xFF,
  0xFF, 0xF0, 0x7F, 0xFF, 0xFF, 0x07, 0xFF, 0xFF, 0xF0, 0x7F, 0xFF, 0xFF,
  0x07, 0xFF, 0xFF, 0xF0,
  0x7F, 0xFF, 0xFF, 0x07, 0xFF, 0xFF, 0xFF, 0xFF, 0xFF, 0xFF, 0xFF, 0xFF,
  0xFF, 0xFF, 0xFF, 0xFF,
  0xFF, 0xE0, 0x00, 0x00, 0x00, 0x00, 0x01, 0xFF, 0xFF, 0xFF, 0xFF, 0xFF,
  0xFF, 0xFF, 0xFF, 0xFF,
  0xFF, 0xFF, 0xFF, 0xFF, 0xFF, 0xFF, 0xFF, 0xFF, 0xFF, 0xFF, 0xFF, 0xFF,
  0xFF, 0xFF, 0xFF, 0xFF,
  0xFF, 0xFF, 0xFF, 0xFF, 0xFF, 0xFF, 0xFF, 0xFF, 0xFF, 0xFF, 0xFF, 0xFF,
  0xFF, 0xFF, 0xFF, 0xFF,
  0xFF, 0xFF, 0xFF, 0xFF, 0xFF, 0xFF, 0xFF, 0xFF, 0xFF, 0xFF, 0xFF, 0xFF,
  0xFF, 0xFF, 0xFF, 0xFF,
  0xFF, 0xFF, 0xFF, 0xFF, 0xFF, 0xFF, 0xFF, 0xF0, 0x3F, 0xFC, 0xFF, 0xF3,
  0xFF, 0xCF, 0xFF, 0x3F,
  0xFC, 0xFF, 0xF3, 0xFF, 0xCF, 0xFF, 0x3F, 0xFC, 0x00, 0x00, 0x00, 0x00,
  0x00, 0x00, 0x00, 0xFF,
  0xF3, 0xFF, 0xCF, 0xFF, 0x3F, 0xFC, 0xFF, 0xF3, 0xFF, 0xCF, 0xFF, 0x3F,
  0xFC, 0xFF, 0xF3, 0xFF,
  0xCF, 0xFF, 0x3F, 0xFC, 0xFF, 0xF3, 0xFF, 0xCF, 0xFF, 0x3F, 0xFC, 0xFF,
  0xF3, 0xFF, 0xCF, 0xFF,
  0x3F, 0xFC, 0xFF, 0xF3, 0xFF, 0xCF, 0xFF, 0x3F, 0xFC, 0xFF, 0xF3, 0xFF,
  0xCF, 0xFF, 0x3F, 0xFC,
  0xFF, 0xF3, 0xFF, 0xCF, 0xFF, 0x3F, 0xFC, 0xFF, 0xF3, 0xFF, 0xCF, 0xFF,
  0x3F, 0xFC, 0xFF, 0xF3,
  0xFF, 0xCF, 0xFF, 0x3F, 0xFC, 0xFF, 0xF3, 0xFF, 0xCF, 0xFF, 0x3F, 0xFC,
  0xFF, 0xF3, 0xFF, 0xFF,
  0xFF, 0xFF, 0xFB, 0xFF, 0xEF, 0xFF, 0xBF, 0xFE, 0xFF, 0xF3, 0xFF, 0x8F,
  0xFC, 0x1F, 0xC0, 0xFF,
  0xE0, 0x00, 0x03, 0xFF, 0x80, 0x00, 0x0F, 0xFE, 0x00, 0x00, 0x3F, 0xF8,
  0x00, 0x00, 0xFF, 0xE0,
  0x00, 0x03, 0xFF, 0x80, 0x00, 0x0F, 0xFE, 0x00, 0x00, 0x3F, 0xF8, 0x00,
  0x00, 0xFF, 0xE0, 0x00,
  0x03, 0xFF, 0x81, 0xFF, 0xCF, 0xFE, 0x0F, 0xFF, 0x3F, 0xF8, 0x3F, 0xF8,
  0xFF, 0xE0, 0xFF, 0xE3,
  0xFF, 0x87, 0xFF, 0x8F, 0xFE, 0x1F, 0xFC, 0x3F, 0xF8, 0x7F, 0xF0, 0xFF,
  0xE3, 0xFF, 0xC3, 0xFF,
  0x8F, 0xFE, 0x0F, 0xFE, 0x3F, 0xF8, 0x3F, 0xF9, 0xFF, 0xE0, 0xFF, 0xE7,
  0xFF, 0x03, 0xFF, 0x9F,
  0xFC, 0x0F, 0xFE, 0xFF, 0xF0, 0x3F, 0xFB, 0xFF, 0x80, 0xFF, 0xEF, 0xFE,
  0x03, 0xFF, 0xFF, 0xF8,
  0x0F, 0xFF, 0xFF, 0xC0, 0x3F, 0xFF, 0xFF, 0x00, 0xFF, 0xFF, 0xFC, 0x03,
  0xFF, 0xFF, 0xE0, 0x0F,
  0xFF, 0xFF, 0xC0, 0x3F, 0xFF, 0xFF, 0x00, 0xFF, 0xFF, 0xFC, 0x03, 0xFF,
  0xFF, 0xF8, 0x0F, 0xFF,
  0xFF, 0xE0, 0x3F, 0xFB, 0xFF, 0x80, 0xFF, 0xEF, 0xFF, 0x03, 0xFF, 0xBF,
  0xFC, 0x0F, 0xFE, 0x7F,
  0xF0, 0x3F, 0xF9, 0xFF, 0xE0, 0xFF, 0xE7, 0xFF, 0x83, 0xFF, 0x8F, 0xFE,
  0x0F, 0xFE, 0x3F, 0xFC,
  0x3F, 0xF8, 0xFF, 0xF0, 0xFF, 0xE1, 0xFF, 0xC3, 0xFF, 0x87, 0xFF, 0x8F,
  0xFE, 0x1F, 0xFE, 0x3F,
  0xF8, 0x3F, 0xF8, 0xFF, 0xE0, 0xFF, 0xF3, 0xFF, 0x83, 0xFF, 0xCF, 0xFE,
  0x07, 0xFF, 0x3F, 0xF8,
  0x1F, 0xFE, 0xFF, 0xE0, 0x7F, 0xFB, 0xFF, 0x81, 0xFF, 0xEF, 0xFE, 0x03,
  0xFF, 0xFF, 0xF8, 0x0F,
  0xFF, 0xFF, 0xFF, 0xFF, 0xFF, 0xFF, 0xFF, 0xFF, 0xFF, 0xFF, 0xFF, 0xFF,
  0xFF, 0xFF, 0xFF, 0xFF,
  0xFF, 0xFF, 0xFF, 0xFF, 0xFF, 0xFF, 0xFF, 0xFF, 0xFF, 0xFF, 0xFF, 0xFF,
  0xFF, 0xFF, 0xFF, 0xFF,
  0xFF, 0xFF, 0xFF, 0xFF, 0xFF, 0xFF, 0xFF, 0xFF, 0xFF, 0xFF, 0xFF, 0xFF,
  0xFF, 0xFF, 0xFF, 0xFF,
  0xFF, 0xFF, 0xFF, 0xFF, 0xFF, 0xFF, 0xFF, 0xFF, 0xFF, 0xFF, 0xFF, 0xFF,
  0xFF, 0xFF, 0xFF, 0xFF,
  0xFF, 0xFF, 0xFF, 0xFF, 0xFF, 0xFF, 0xFF, 0xFF, 0xFF, 0xFF, 0xFF, 0xFF,
  0xFF, 0xFF, 0xFF, 0xFF,
  0xFF, 0xFF, 0xFF, 0xFF, 0xFF, 0x00, 0x00, 0x10, 0x00, 0x20, 0x0F, 0xFE,
  0x1F, 0xE0, 0x3F, 0xF0,
  0xFF, 0xE7, 0xFF, 0x87, 0xFF, 0x8F, 0xFE, 0x7F, 0xFC, 0xFF, 0xFC, 0xFF,
  0xEF, 0xFF, 0xDF, 0xFF,
  0xEF, 0xFE, 0xFF, 0xFF, 0xFF, 0xFE, 0xFF, 0xFF, 0xFF, 0xFF, 0xFF, 0xEF,
  0xFF, 0xFF, 0xFF, 0xFF,
  0xFF, 0xFF, 0xFF, 0xFF, 0xFF, 0xFF, 0xFF, 0xFF, 0x8F, 0xFF, 0xCF, 0xFF,
  0xFF, 0xF0, 0xFF, 0xF8,
  0x7F, 0xFF, 0xFF, 0x07, 0xFF, 0x07, 0xFF, 0xFF, 0xF0, 0x7F, 0xF0, 0x7F,
  0xFF, 0xFF, 0x07, 0xFF,
  0x07, 0xFF, 0xFF, 0xE0, 0x7F, 0xF0, 0x7F, 0xFF, 0xFE, 0x07, 0xFF, 0x07,
  0xFF, 0xFF, 0xE0, 0x7F,
  0xF0, 0x7F, 0xFF, 0xFE, 0x07, 0xFF, 0x07, 0xFF, 0xFF, 0xE0, 0x7F, 0xF0,
  0x7F, 0xFF, 0xFE, 0x07,
  0xFF, 0x07, 0xFF, 0xFF, 0xE0, 0x7F, 0xF0, 0x7F, 0xFF, 0xFE, 0x07, 0xFF,
  0x07, 0xFF, 0xFF, 0xE0,
  0x7F, 0xF0, 0x7F, 0xFF, 0xFE, 0x07, 0xFF, 0x07, 0xFF, 0xFF, 0xE0, 0x7F,
  0xF0, 0x7F, 0xFF, 0xFE,
  0x07, 0xFF, 0x07, 0xFF, 0xFF, 0xE0, 0x7F, 0xF0, 0x7F, 0xFF, 0xFE, 0x07,
  0xFF, 0x07, 0xFF, 0xFF,
  0xE0, 0x7F, 0xF0, 0x7F, 0xFF, 0xFE, 0x07, 0xFF, 0x07, 0xFF, 0xFF, 0xE0,
  0x7F, 0xF0, 0x7F, 0xFF,
  0xFE, 0x07, 0xFF, 0x07, 0xFF, 0xFF, 0xE0, 0x7F, 0xF0, 0x7F, 0xFF, 0xFE,
  0x07, 0xFF, 0x07, 0xFF,
  0xFF, 0xE0, 0x7F, 0xF0, 0x7F, 0xFF, 0xFE, 0x07, 0xFF, 0x07, 0xFF, 0xFF,
  0xE0, 0x7F, 0xF0, 0x7F,
  0xFF, 0xFE, 0x07, 0xFF, 0x07, 0xFF, 0xFF, 0xE0, 0x7F, 0xF0, 0x7F, 0xFF,
  0xFE, 0x07, 0xFF, 0x07,
  0xFF, 0xFF, 0xE0, 0x7F, 0xF0, 0x7F, 0xFF, 0xFE, 0x07, 0xFF, 0x07, 0xFF,
  0xFF, 0xE0, 0x7F, 0xF0,
  0x7F, 0xFF, 0xFE, 0x07, 0xFF, 0x07, 0xFF, 0xFF, 0xE0, 0x7F, 0xF0, 0x7F,
  0xFF, 0xFE, 0x07, 0xFF,
  0x07, 0xFF, 0xFF, 0xE0, 0x7F, 0xF0, 0x7F, 0xFF, 0xFE, 0x07, 0xFF, 0x07,
  0xFF, 0x00, 0x00, 0x20,
  0x0F, 0xFE, 0x1F, 0xE0, 0xFF, 0xE3, 0xFF, 0x8F, 0xFE, 0x7F, 0xFC, 0xFF,
  0xEF, 0xFF, 0xCF, 0xFE,
  0xFF, 0xFE, 0xFF, 0xEF, 0xFF, 0xEF, 0xFF, 0xFF, 0xFE, 0xFF, 0xFF, 0xFF,
  0xFF, 0xFF, 0x9F, 0xFF,
  0xFF, 0xF0, 0xFF, 0xFF, 0xFF, 0x07, 0xFF, 0xFF, 0xF0, 0x7F, 0xFF, 0xFE,
  0x07, 0xFF, 0xFF, 0xE0,
  0x7F, 0xFF, 0xFE, 0x07, 0xFF, 0xFF, 0xE0, 0x7F, 0xFF, 0xFE, 0x07, 0xFF,
  0xFF, 0xE0, 0x7F, 0xFF,
  0xFE, 0x07, 0xFF, 0xFF, 0xE0, 0x7F, 0xFF, 0xFE, 0x07, 0xFF, 0xFF, 0xE0,
  0x7F, 0xFF, 0xFE, 0x07,
  0xFF, 0xFF, 0xE0, 0x7F, 0xFF, 0xFE, 0x07, 0xFF, 0xFF, 0xE0, 0x7F, 0xFF,
  0xFE, 0x07, 0xFF, 0xFF,
  0xE0, 0x7F, 0xFF, 0xFE, 0x07, 0xFF, 0xFF, 0xE0, 0x7F, 0xFF, 0xFE, 0x07,
  0xFF, 0xFF, 0xE0, 0x7F,
  0xFF, 0xFE, 0x07, 0xFF, 0xFF, 0xE0, 0x7F, 0xFF, 0xFE, 0x07, 0xFF, 0xFF,
  0xE0, 0x7F, 0xFF, 0xFE,
  0x07, 0xFF, 0xFF, 0xE0, 0x7F, 0xFF, 0xFE, 0x07, 0xFF, 0xFF, 0xE0, 0x7F,
  0xFF, 0xFE, 0x07, 0xFF,
  0xFF, 0xE0, 0x7F, 0xFF, 0xFE, 0x07, 0xFF, 0xFF, 0xE0, 0x7F, 0xFF, 0xFE,
  0x07, 0xFF, 0xFF, 0xE0,
  0x7F, 0xFF, 0xFE, 0x07, 0xFF, 0x00, 0x04, 0x00, 0x00, 0x0F, 0xFF, 0x00,
  0x03, 0xFF, 0xFC, 0x00,
  0x7F, 0xFF, 0xE0, 0x0F, 0xFF, 0xFF, 0x01, 0xFF, 0xFF, 0xF8, 0x3F, 0xFF,
  0xFF, 0xC7, 0xFF, 0xFF,
  0xFC, 0x7F, 0xFF, 0xFF, 0xE7, 0xFF, 0x9F, 0xFE, 0xFF, 0xF0, 0xFF, 0xEF,
  0xFE, 0x0F, 0xFF, 0xFF,
  0xE0, 0xFF, 0xFF, 0xFE, 0x0F, 0xFF, 0xFF, 0xE0, 0xFF, 0xFF, 0xFE, 0x0F,
  0xFF, 0xFF, 0xE0, 0xFF,
  0xFF, 0xFE, 0x0F, 0xFF, 0xFF, 0xE0, 0xFF, 0xFF, 0xFE, 0x0F, 0xFF, 0xFF,
  0xE0, 0xFF, 0xFF, 0xFE,
  0x0F, 0xFF, 0xFF, 0xE0, 0xFF, 0xFF, 0xFE, 0x0F, 0xFF, 0xFF, 0xE0, 0xFF,
  0xFF, 0xFE, 0x0F, 0xFF,
  0xFF, 0xE0, 0xFF, 0xFF, 0xFE, 0x0F, 0xFF, 0xFF, 0xE0, 0xFF, 0xFF, 0xFE,
  0x0F, 0xFF, 0xFF, 0xE0,
  0xFF, 0xFF, 0xFE, 0x0F, 0xFF, 0xFF, 0xE0, 0xFF, 0xFF, 0xFE, 0x0F, 0xFF,
  0xFF, 0xE0, 0xFF, 0xFF,
  0xFE, 0x0F, 0xFF, 0xFF, 0xE0, 0xFF, 0xFF, 0xFE, 0x0F, 0xFF, 0xFF, 0xF0,
  0xFF, 0xEF, 0xFF, 0x9F,
  0xFE, 0x7F, 0xFF, 0xFF, 0xE7, 0xFF, 0xFF, 0xFE, 0x3F, 0xFF, 0xFF, 0xC3,
  0xFF, 0xFF, 0xF8, 0x1F,
  0xFF, 0xFF, 0x80, 0xFF, 0xFF, 0xF0, 0x07, 0xFF, 0xFC, 0x00, 0x1F, 0xFF,
  0x00, 0x00, 0x06, 0x00,
  0x00, 0x00, 0x00, 0x10, 0x0F, 0xFF, 0x1F, 0xF0, 0xFF, 0xF3, 0xFF, 0x8F,
  0xFF, 0x7F, 0xFC, 0xFF,
  0xFF, 0xFF, 0xEF, 0xFF, 0xFF, 0xFE, 0xFF, 0xFF, 0xFF, 0xEF, 0xFF, 0xFF,
  0xFF, 0xFF, 0xFF, 0xFF,
  0xFF, 0xFF, 0x9F, 0xFF, 0xFF, 0xF0, 0xFF, 0xFF, 0xFF, 0x0F, 0xFF, 0xFF,
  0xF0, 0x7F, 0xFF, 0xFF,
  0x07, 0xFF, 0xFF, 0xF0, 0x7F, 0xFF, 0xFF, 0x07, 0xFF, 0xFF, 0xF0, 0x7F,
  0xFF, 0xFF, 0x07, 0xFF,
  0xFF, 0xF0, 0x7F, 0xFF, 0xFF, 0x07, 0xFF, 0xFF, 0xF0, 0x7F, 0xFF, 0xFF,
  0x07, 0xFF, 0xFF, 0xF0,
  0x7F, 0xFF, 0xFF, 0x07, 0xFF, 0xFF, 0xF0, 0x7F, 0xFF, 0xFF, 0x07, 0xFF,
  0xFF, 0xF0, 0x7F, 0xFF,
  0xFF, 0x07, 0xFF, 0xFF, 0xF0, 0x7F, 0xFF, 0xFF, 0x07, 0xFF, 0xFF, 0xF0,
  0x7F, 0xFF, 0xFF, 0x07,
  0xFF, 0xFF, 0xF0, 0x7F, 0xFF, 0xFF, 0x07, 0xFF, 0xFF, 0xF0, 0x7F, 0xFF,
  0xFF, 0x07, 0xFF, 0xFF,
  0xF0, 0x7F, 0xFF, 0xFF, 0x0F, 0xFF, 0xFF, 0xF0, 0xFF, 0xFF, 0xFF, 0x9F,
  0xFF, 0xFF, 0xFF, 0xFF,
  0xFF, 0xFF, 0xFF, 0xFE, 0xFF, 0xFF, 0xFF, 0xEF, 0xFF, 0xFF, 0xFE, 0xFF,
  0xFF, 0xFF, 0xCF, 0xFF,
  0x7F, 0xF8, 0xFF, 0xF3, 0xFF, 0x0F, 0xFF, 0x1F, 0xE0, 0xFF, 0xF0, 0x20,
  0x0F, 0xFF, 0x00, 0x00,
  0xFF, 0xF0, 0x00, 0x0F, 0xFF, 0x00, 0x00, 0xFF, 0xF0, 0x00, 0x0F, 0xFF,
  0x00, 0x00, 0xFF, 0xF0,
  0x00, 0x0F, 0xFF, 0x00, 0x00, 0x00, 0x80, 0x00, 0x00, 0xFF, 0x8F, 0xFF,
  0x1F, 0xFC, 0xFF, 0xF3,
  0xFF, 0xEF, 0xFF, 0x3F, 0xFF, 0xFF, 0xF7, 0xFF, 0xFF, 0xFF, 0x7F, 0xFF,
  0xFF, 0xFF, 0xFF, 0xFF,
  0xFF, 0xFF, 0xFF, 0xFF, 0xFF, 0xFF, 0x1F, 0xFF, 0xFF, 0xF0, 0xFF, 0xFF,
  0xFE, 0x0F, 0xFF, 0xFF,
  0xE0, 0xFF, 0xFF, 0xFE, 0x0F, 0xFF, 0xFF, 0xE0, 0xFF, 0xFF, 0xFE, 0x0F,
  0xFF, 0xFF, 0xE0, 0xFF,
  0xFF, 0xFE, 0x0F, 0xFF, 0xFF, 0xE0, 0xFF, 0xFF, 0xFE, 0x0F, 0xFF, 0xFF,
  0xE0, 0xFF, 0xFF, 0xFE,
  0x0F, 0xFF, 0xFF, 0xE0, 0xFF, 0xFF, 0xFE, 0x0F, 0xFF, 0xFF, 0xE0, 0xFF,
  0xFF, 0xFE, 0x0F, 0xFF,
  0xFF, 0xE0, 0xFF, 0xFF, 0xFE, 0x0F, 0xFF, 0xFF, 0xE0, 0xFF, 0xFF, 0xFE,
  0x0F, 0xFF, 0xFF, 0xE0,
  0xFF, 0xFF, 0xFE, 0x0F, 0xFF, 0xFF, 0xE0, 0xFF, 0xFF, 0xFE, 0x0F, 0xFF,
  0xFF, 0xE0, 0xFF, 0xFF,
  0xFE, 0x0F, 0xFF, 0xFF, 0xE0, 0xFF, 0xFF, 0xFE, 0x0F, 0xFF, 0xFF, 0xF0,
  0xFF, 0xFF, 0xFF, 0x9F,
  0xFF, 0xFF, 0xFF, 0xFF, 0xF7, 0xFF, 0xFF, 0xFF, 0x7F, 0xFF, 0xFF, 0xF7,
  0xFF, 0xFF, 0xFF, 0x3F,
  0xFF, 0xFF, 0xF3, 0xFF, 0xEF, 0xFF, 0x1F, 0xFE, 0xFF, 0xF0, 0x7F, 0x8F,
  0xFF, 0x00, 0x40, 0xFF,
  0xF0, 0x00, 0x0F, 0xFF, 0x00, 0x00, 0xFF, 0xF0, 0x00, 0x0F, 0xFF, 0x00,
  0x00, 0xFF, 0xF0, 0x00,
  0x0F, 0xFF, 0x00, 0x00, 0xFF, 0xF0, 0x00, 0x0F, 0xFF, 0x00, 0x00, 0x1F,
  0xFF, 0x1F, 0xFF, 0xF3,
  0xFF, 0xFF, 0x7F, 0xFF, 0xFF, 0xFF, 0xFF, 0xFF, 0xFF, 0xFF, 0xFF, 0xFF,
  0xFF, 0xFF, 0xFF, 0xFF,
  0xFF, 0xFF, 0xFF, 0xF8, 0x0F, 0xFF, 0x00, 0xFF, 0xF0, 0x0F, 0xFF, 0x00,
  0xFF, 0xF0, 0x0F, 0xFF,
  0x00, 0xFF, 0xF0, 0x0F, 0xFF, 0x00, 0xFF, 0xF0, 0x0F, 0xFF, 0x00, 0xFF,
  0xF0, 0x0F, 0xFF, 0x00,
  0xFF, 0xF0, 0x0F, 0xFF, 0x00, 0xFF, 0xF0, 0x0F, 0xFF, 0x00, 0xFF, 0xF0,
  0x0F, 0xFF, 0x00, 0xFF,
  0xF0, 0x0F, 0xFF, 0x00, 0xFF, 0xF0, 0x0F, 0xFF, 0x00, 0xFF, 0xF0, 0x0F,
  0xFF, 0x00, 0xFF, 0xF0,
  0x0F, 0xFF, 0x00, 0xFF, 0xF0, 0x0F, 0xFF, 0x00, 0xFF, 0xF0, 0x0F, 0xFF,
  0x00, 0xFF, 0xF0, 0x0F,
  0xFF, 0x00, 0xFF, 0xF0, 0x0F, 0xFF, 0x00, 0xFF, 0xF0, 0x0F, 0xFF, 0x00,
  0xFF, 0xF0, 0x0F, 0xFF,
  0x00, 0x00, 0x02, 0x00, 0x00, 0x0F, 0xFF, 0x80, 0x03, 0xFF, 0xFE, 0x00,
  0xFF, 0xFF, 0xF0, 0x1F,
  0xFF, 0xFF, 0x83, 0xFF, 0xFF, 0xFC, 0x3F, 0xFF, 0xFF, 0xC7, 0xFF, 0xFF,
  0xFE, 0x7F, 0xFF, 0xFF,
  0xE7, 0xFF, 0x9F, 0xFE, 0x7F, 0xF0, 0xFF, 0xFF, 0xFF, 0x0F, 0xFF, 0xFF,
  0xF0, 0xFF, 0xFF, 0xFF,
  0x0F, 0xFF, 0xFF, 0xF0, 0xFF, 0xF7, 0xFF, 0x80, 0x00, 0x7F, 0xFE, 0x00,
  0x07, 0xFF, 0xF0, 0x00,
  0x7F, 0xFF, 0x80, 0x03, 0xFF, 0xFE, 0x00, 0x1F, 0xFF, 0xF0, 0x00, 0xFF,
  0xFF, 0x80, 0x0F, 0xFF,
  0xFE, 0x00, 0x3F, 0xFF, 0xF0, 0x01, 0xFF, 0xFF, 0x80, 0x0F, 0xFF, 0xF8,
  0x00, 0x7F, 0xFF, 0xC0,
  0x01, 0xFF, 0xFE, 0x00, 0x0F, 0xFF, 0xE0, 0x00, 0x7F, 0xFE, 0x00, 0x03,
  0xFF, 0xFF, 0xFE, 0x1F,
  0xFF, 0xFF, 0xE0, 0xFF, 0xFF, 0xFE, 0x0F, 0xFF, 0xFF, 0xE0, 0xFF, 0xFF,
  0xFE, 0x0F, 0xFF, 0xFF,
  0xE0, 0x7F, 0xFF, 0xFF, 0x0F, 0xFF, 0x7F, 0xF0, 0xFF, 0xF7, 0xFF, 0x9F,
  0xFF, 0x7F, 0xFF, 0xFF,
  0xE7, 0xFF, 0xFF, 0xFE, 0x3F, 0xFF, 0xFF, 0xC3, 0xFF, 0xFF, 0xFC, 0x1F,
  0xFF, 0xFF, 0x80, 0xFF,
  0xFF, 0xF0, 0x03, 0xFF, 0xFE, 0x00, 0x0F, 0xFF, 0x00, 0x00, 0x06, 0x00,
  0x00, 0x1F, 0xFC, 0x0F,
  0xFE, 0x07, 0xFF, 0x03, 0xFF, 0x81, 0xFF, 0xC0, 0xFF, 0xE0, 0x7F, 0xF0,
  0x3F, 0xF8, 0x1F, 0xFC,
  0x0F, 0xFE, 0x3F, 0xFF, 0xFF, 0xFF, 0xFF, 0xFF, 0xFF, 0xFF, 0xFF, 0xFF,
  0xFF, 0xFF, 0xFF, 0xFF,
  0xFF, 0xFF, 0xFF, 0xFF, 0xFF, 0xE3, 0xFF, 0x81, 0xFF, 0xC0, 0xFF, 0xE0,
  0x7F, 0xF0, 0x3F, 0xF8,
  0x1F, 0xFC, 0x0F, 0xFE, 0x07, 0xFF, 0x03, 0xFF, 0x81, 0xFF, 0xC0, 0xFF,
  0xE0, 0x7F, 0xF0, 0x3F,
  0xF8, 0x1F, 0xFC, 0x0F, 0xFE, 0x07, 0xFF, 0x03, 0xFF, 0x81, 0xFF, 0xC0,
  0xFF, 0xE0, 0x7F, 0xF0,
  0x3F, 0xF8, 0x1F, 0xFC, 0x0F, 0xFE, 0x07, 0xFF, 0x03, 0xFF, 0x81, 0xFF,
  0xC0, 0xFF, 0xE0, 0x7F,
  0xF0, 0x3F, 0xF8, 0x1F, 0xFF, 0x8F, 0xFF, 0xC7, 0xFF, 0xE3, 0xFF, 0xF0,
  0xFF, 0xF8, 0x7F, 0xFC,
  0x1F, 0xFE, 0x07, 0xFF, 0x00, 0x30, 0x00, 0xFF, 0xE0, 0x7F, 0xFF, 0xFE,
  0x07, 0xFF, 0xFF, 0xE0,
  0x7F, 0xFF, 0xFE, 0x07, 0xFF, 0xFF, 0xE0, 0x7F, 0xFF, 0xFE, 0x07, 0xFF,
  0xFF, 0xE0, 0x7F, 0xFF,
  0xFE, 0x07, 0xFF, 0xFF, 0xE0, 0x7F, 0xFF, 0xFE, 0x07, 0xFF, 0xFF, 0xE0,
  0x7F, 0xFF, 0xFE, 0x07,
  0xFF, 0xFF, 0xE0, 0x7F, 0xFF, 0xFE, 0x07, 0xFF, 0xFF, 0xE0, 0x7F, 0xFF,
  0xFE, 0x07, 0xFF, 0xFF,
  0xE0, 0x7F, 0xFF, 0xFE, 0x07, 0xFF, 0xFF, 0xE0, 0x7F, 0xFF, 0xFE, 0x07,
  0xFF, 0xFF, 0xE0, 0x7F,
  0xFF, 0xFE, 0x07, 0xFF, 0xFF, 0xE0, 0x7F, 0xFF, 0xFE, 0x07, 0xFF, 0xFF,
  0xE0, 0x7F, 0xFF, 0xFE,
  0x07, 0xFF, 0xFF, 0xE0, 0x7F, 0xFF, 0xFE, 0x07, 0xFF, 0xFF, 0xE0, 0x7F,
  0xFF, 0xFE, 0x07, 0xFF,
  0xFF, 0xE0, 0x7F, 0xFF, 0xFE, 0x07, 0xFF, 0xFF, 0xE0, 0x7F, 0xFF, 0xFE,
  0x07, 0xFF, 0xFF, 0xE0,
  0xFF, 0xFF, 0xFE, 0x0F, 0xFF, 0xFF, 0xF0, 0xFF, 0xFF, 0xFF, 0x0F, 0xFF,
  0xFF, 0xF9, 0xFF, 0xFF,
  0xFF, 0xFF, 0xFF, 0x7F, 0xFF, 0xFF, 0xF7, 0xFF, 0xFF, 0xFF, 0x7F, 0xFF,
  0xFF, 0xF3, 0xFF, 0xFF,
  0xFF, 0x3F, 0xFE, 0xFF, 0xF1, 0xFF, 0xCF, 0xFF, 0x0F, 0xFC, 0xFF, 0xF0,
  0x04, 0x00, 0x00, 0xFF,
  0xE0, 0x7F, 0xFF, 0xFE, 0x0F, 0xFF, 0xFF, 0xE0, 0xFF, 0xEF, 0xFE, 0x0F,
  0xFE, 0xFF, 0xE0, 0xFF,
  0xE7, 0xFE, 0x0F, 0xFE, 0x7F, 0xE0, 0xFF, 0xE7, 0xFF, 0x0F, 0xFE, 0x7F,
  0xF0, 0xFF, 0xC7, 0xFF,
  0x0F, 0xFC, 0x7F, 0xF0, 0xFF, 0xC3, 0xFF, 0x0F, 0xFC, 0x3F, 0xF1, 0xFF,
  0xC3, 0xFF, 0x1F, 0xFC,
  0x3F, 0xF1, 0xFF, 0x83, 0xFF, 0x1F, 0xF8, 0x3F, 0xF1, 0xFF, 0x83, 0xFF,
  0x1F, 0xF8, 0x1F, 0xF1,
  0xFF, 0x81, 0xFF, 0x9F, 0xF8, 0x1F, 0xF9, 0xFF, 0x01, 0xFF, 0x9F, 0xF0,
  0x1F, 0xFB, 0xFF, 0x01,
  0xFF, 0xBF, 0xF0, 0x0F, 0xFB, 0xFF, 0x00, 0xFF, 0xBF, 0xF0, 0x0F, 0xFB,
  0xFF, 0x00, 0xFF, 0xBF,
  0xE0, 0x0F, 0xFB, 0xFE, 0x00, 0xFF, 0xBF, 0xE0, 0x07, 0xFF, 0xFE, 0x00,
  0x7F, 0xFF, 0xE0, 0x07,
  0xFF, 0xFE, 0x00, 0x7F, 0xFF, 0xC0, 0x07, 0xFF, 0xFC, 0x00, 0x7F, 0xFF,
  0xC0, 0x03, 0xFF, 0xFC,
  0x00, 0x3F, 0xFF, 0xC0, 0x03, 0xFF, 0xFC, 0x00, 0x3F, 0xFF, 0x80, 0x03,
  0xFF, 0xF8, 0x00, 0x3F,
  0xFF, 0x80, 0x03, 0xFF, 0xF8, 0x00, 0x1F, 0xFF, 0x80, 0x01, 0xFF, 0xF8,
  0x00, 0x1F, 0xFF, 0x00,
  0x01, 0xFF, 0xF0, 0x00, 0xFF, 0xC0, 0xFF, 0xE0, 0xFF, 0xDF, 0xF0, 0x3F,
  0xF8, 0x3F, 0xF7, 0xFC,
  0x0F, 0xFE, 0x0F, 0xFD, 0xFF, 0x83, 0xFF, 0x83, 0xFF, 0x7F, 0xE1, 0xFF,
  0xE0, 0xFF, 0xDF, 0xF8,
  0x7F, 0xF8, 0x3F, 0xE7, 0xFE, 0x1F, 0xFE, 0x0F, 0xF9, 0xFF, 0x87, 0xFF,
  0xC3, 0xFE, 0x3F, 0xE1,
  0xFF, 0xF0, 0xFF, 0x8F, 0xF8, 0x7F, 0xFC, 0x7F, 0xE3, 0xFE, 0x1F, 0xFF,
  0x1F, 0xF8, 0xFF, 0x87,
  0xFF, 0xC7, 0xFE, 0x3F, 0xF1, 0xFF, 0xF1, 0xFF, 0x8F, 0xFC, 0xFF, 0xFC,
  0x7F, 0xC3, 0xFF, 0x3F,
  0xFF, 0x1F, 0xF0, 0xFF, 0xCF, 0xFF, 0xE7, 0xFC, 0x3F, 0xF3, 0xFF, 0xF9,
  0xFF, 0x07, 0xFC, 0xFF,
  0xFE, 0x7F, 0xC1, 0xFF, 0x3F, 0xFF, 0x9F, 0xF0, 0x7F, 0xCF, 0xFF, 0xEF,
  0xFC, 0x1F, 0xFB, 0xFF,
  0xFB, 0xFF, 0x07, 0xFE, 0xFF, 0xFE, 0xFF, 0x81, 0xFF, 0xFF, 0xFF, 0xBF,
  0xE0, 0x7F, 0xFF, 0xEF,
  0xFF, 0xF8, 0x1F, 0xFF, 0xFB, 0xFF, 0xFE, 0x03, 0xFF, 0xFE, 0xFF, 0xFF,
  0x80, 0xFF, 0xFF, 0xBF,
  0xFF, 0xE0, 0x3F, 0xFF, 0xCF, 0xFF, 0xF8, 0x0F, 0xFF, 0xF3, 0xFF, 0xFE,
  0x03, 0xFF, 0xFC, 0xFF,
  0xFF, 0x00, 0xFF, 0xFF, 0x3F, 0xFF, 0xC0, 0x3F, 0xFF, 0xC7, 0xFF, 0xF0,
  0x0F, 0xFF, 0xF1, 0xFF,
  0xFC, 0x01, 0xFF, 0xFC, 0x7F, 0xFF, 0x00, 0x7F, 0xFF, 0x1F, 0xFF, 0xC0,
  0x1F, 0xFF, 0xC7, 0xFF,
  0xF0, 0x07, 0xFF, 0xE1, 0xFF, 0xFC, 0x01, 0xFF, 0xF8, 0x7F, 0xFF, 0x00,
  0x7F, 0xFE, 0x1F, 0xFF,
  0x80, 0x1F, 0xFF, 0x83, 0xFF, 0xE0, 0x07, 0xFF, 0xE0, 0xFF, 0xF8, 0x01,
  0xFF, 0xF8, 0x3F, 0xFE,
  0x00, 0x3F, 0xFE, 0x0F, 0xFF, 0x80, 0x0F, 0xFF, 0x83, 0xFF, 0xE0, 0x03,
  0xFF, 0xE0, 0xFF, 0xF8,
  0x00, 0xFF, 0xF0, 0x3F, 0xFE, 0x00, 0x3F, 0xFC, 0x0F, 0xFF, 0x00, 0x7F,
  0xF8, 0x0F, 0xF9, 0xFF,
  0xC0, 0x7F, 0x8F, 0xFE, 0x03, 0xFC, 0x7F, 0xF8, 0x3F, 0xE1, 0xFF, 0xC1,
  0xFE, 0x0F, 0xFE, 0x0F,
  0xF0, 0x7F, 0xF8, 0xFF, 0x81, 0xFF, 0xC7, 0xF8, 0x0F, 0xFE, 0x3F, 0xC0,
  0x7F, 0xFB, 0xFC, 0x01,
  0xFF, 0xDF, 0xE0, 0x0F, 0xFF, 0xFF, 0x00, 0x7F, 0xFF, 0xF0, 0x01, 0xFF,
  0xFF, 0x80, 0x0F, 0xFF,
  0xFC, 0x00, 0x3F, 0xFF, 0xC0, 0x01, 0xFF, 0xFE, 0x00, 0x0F, 0xFF, 0xF0,
  0x00, 0x3F, 0xFF, 0x00,
  0x01, 0xFF, 0xF8, 0x00, 0x0F, 0xFF, 0xC0, 0x00, 0x3F, 0xFC, 0x00, 0x01,
  0xFF, 0xE0, 0x00, 0x1F,
  0xFF, 0x00, 0x00, 0xFF, 0xF8, 0x00, 0x07, 0xFF, 0xC0, 0x00, 0x7F, 0xFF,
  0x00, 0x03, 0xFF, 0xF8,
  0x00, 0x1F, 0xFF, 0xE0, 0x01, 0xFF, 0xFF, 0x00, 0x0F, 0xFF, 0xF8, 0x00,
  0x7F, 0xFF, 0xE0, 0x07,
  0xFF, 0xFF, 0x00, 0x3F, 0xFF, 0xF8, 0x01, 0xFF, 0xFF, 0xE0, 0x1F, 0xF7,
  0xFF, 0x00, 0xFF, 0x3F,
  0xF8, 0x0F, 0xF9, 0xFF, 0xE0, 0x7F, 0xC7, 0xFF, 0x03, 0xFC, 0x3F, 0xF8,
  0x3F, 0xE0, 0xFF, 0xE1,
  0xFF, 0x07, 0xFF, 0x0F, 0xF0, 0x3F, 0xFC, 0xFF, 0x80, 0xFF, 0xE7, 0xFC,
  0x07, 0xFF, 0x3F, 0xC0,
  0x3F, 0xFF, 0xFE, 0x00, 0xFF, 0xE0, 0xFF, 0xE0, 0x3F, 0xFB, 0xFF, 0x01,
  0xFF, 0xDF, 0xF8, 0x0F,
  0xFC, 0xFF, 0xE0, 0x7F, 0xE7, 0xFF, 0x03, 0xFF, 0x3F, 0xF8, 0x3F, 0xF8,
  0xFF, 0xC1, 0xFF, 0xC7,
  0xFE, 0x0F, 0xFE, 0x3F, 0xF0, 0x7F, 0xE1, 0xFF, 0x83, 0xFF, 0x0F, 0xFC,
  0x1F, 0xF8, 0x7F, 0xE0,
  0xFF, 0xC3, 0xFF, 0x07, 0xFE, 0x0F, 0xF8, 0x3F, 0xE0, 0x7F, 0xE3, 0xFF,
  0x03, 0xFF, 0x1F, 0xF8,
  0x1F, 0xF8, 0xFF, 0xC0, 0xFF, 0xC7, 0xFE, 0x07, 0xFE, 0x3F, 0xF0, 0x1F,
  0xF1, 0xFF, 0x00, 0xFF,
  0x8F, 0xF8, 0x07, 0xFC, 0x7F, 0xC0, 0x3F, 0xE3, 0xFE, 0x01, 0xFF, 0x1F,
  0xF0, 0x0F, 0xF9, 0xFF,
  0x80, 0x3F, 0xCF, 0xF8, 0x01, 0xFF, 0x7F, 0xC0, 0x0F, 0xFB, 0xFE, 0x00,
  0x7F, 0xDF, 0xF0, 0x03,
  0xFE, 0xFF, 0x80, 0x1F, 0xF7, 0xF8, 0x00, 0xFF, 0xBF, 0xC0, 0x03, 0xFD,
  0xFE, 0x00, 0x1F, 0xFF,
  0xF0, 0x00, 0xFF, 0xFF, 0x80, 0x07, 0xFF, 0xFC, 0x00, 0x3F, 0xFF, 0xC0,
  0x01, 0xFF, 0xFE, 0x00,
  0x07, 0xFF, 0xF0, 0x00, 0x3F, 0xFF, 0x80, 0x01, 0xFF, 0xFC, 0x00, 0x0F,
  0xFF, 0xE0, 0x00, 0x7F,
  0xFE, 0x00, 0x03, 0xFF, 0xF0, 0x00, 0x0F, 0xFF, 0x80, 0x00, 0x7F, 0xFC,
  0x00, 0x03, 0xFF, 0xE0,
  0x00, 0x1F, 0xFF, 0x00, 0x7F, 0xFF, 0xF0, 0x03, 0xFF, 0xFF, 0x80, 0x1F,
  0xFF, 0xFC, 0x00, 0xFF,
  0xFF, 0xE0, 0x07, 0xFF, 0xFE, 0x00, 0x3F, 0xFF, 0xE0, 0x01, 0xFF, 0xFE,
  0x00, 0x00, 0xFF, 0xFF,
  0xFF, 0xFF, 0xFF, 0xFF, 0xFF, 0xFF, 0xFF, 0xFF, 0xFF, 0xFF, 0xFF, 0xFF,
  0xFF, 0xFF, 0xFF, 0xFF,
  0xFF, 0xFF, 0xFF, 0xFF, 0xFF, 0xFF, 0xFF, 0xFE, 0x00, 0x3F, 0xF8, 0x00,
  0x7F, 0xF0, 0x00, 0xFF,
  0xE0, 0x03, 0xFF, 0x80, 0x07, 0xFF, 0x00, 0x1F, 0xFE, 0x00, 0x3F, 0xF8,
  0x00, 0x7F, 0xF0, 0x01,
  0xFF, 0xE0, 0x03, 0xFF, 0x80, 0x07, 0xFF, 0x00, 0x1F, 0xFE, 0x00, 0x3F,
  0xF8, 0x00, 0xFF, 0xF0,
  0x01, 0xFF, 0xC0, 0x03, 0xFF, 0x80, 0x0F, 0xFF, 0x00, 0x1F, 0xFC, 0x00,
  0x3F, 0xF8, 0x00, 0xFF,
  0xF0, 0x01, 0xFF, 0xC0, 0x07, 0xFF, 0x80, 0x0F, 0xFF, 0x00, 0x1F, 0xFC,
  0x00, 0x7F, 0xF8, 0x00,
  0xFF, 0xE0, 0x01, 0xFF, 0xC0, 0x07, 0xFF, 0x80, 0x0F, 0xFE, 0x00, 0x3F,
  0xFF, 0xFF, 0xFF, 0xFF,
  0xFF, 0xFF, 0xFF, 0xFF, 0xFF, 0xFF, 0xFF, 0xFF, 0xFF, 0xFF, 0xFF, 0xFF,
  0xFF, 0xFF, 0xFF, 0xFF,
  0xFF, 0xFF, 0xFF, 0xFF, 0xFF, 0x80, 0x00, 0x07, 0xF0, 0x07, 0xFF, 0x00,
  0xFF, 0xF0, 0x3F, 0xFF,
  0x03, 0xFF, 0xF0, 0x7F, 0xFF, 0x07, 0xFF, 0xF0, 0x7F, 0xFF, 0x07, 0xFF,
  0xF0, 0xFF, 0xF0, 0x0F,
  0xFE, 0x00, 0xFF, 0xE0, 0x0F, 0xFE, 0x00, 0xFF, 0xE0, 0x0F, 0xFE, 0x00,
  0xFF, 0xE0, 0x0F, 0xFE,
  0x00, 0xFF, 0xE0, 0x0F, 0xFE, 0x00, 0xFF, 0xE0, 0x0F, 0xFE, 0x00, 0xFF,
  0xE0, 0x0F, 0xFE, 0x00,
  0xFF, 0xE0, 0x0F, 0xFE, 0x00, 0xFF, 0xE0, 0x0F, 0xFE, 0x01, 0xFF, 0xE0,
  0x3F, 0xFC, 0x0F, 0xFF,
  0xC0, 0xFF, 0xF0, 0x0F, 0xFE, 0x00, 0xFF, 0x80, 0x0F, 0xFF, 0x00, 0xFF,
  0xF8, 0x07, 0xFF, 0xC0,
  0x1F, 0xFC, 0x00, 0xFF, 0xE0, 0x0F, 0xFE, 0x00, 0xFF, 0xE0, 0x0F, 0xFE,
  0x00, 0xFF, 0xE0, 0x0F,
  0xFE, 0x00, 0xFF, 0xE0, 0x0F, 0xFE, 0x00, 0xFF, 0xE0, 0x0F, 0xFE, 0x00,
  0xFF, 0xE0, 0x0F, 0xFE,
  0x00, 0xFF, 0xE0, 0x0F, 0xFE, 0x00, 0xFF, 0xE0, 0x0F, 0xFE, 0x00, 0xFF,
  0xE0, 0x0F, 0xFF, 0x00,
  0xFF, 0xFE, 0x07, 0xFF, 0xF0, 0x7F, 0xFF, 0x07, 0xFF, 0xF0, 0x3F, 0xFF,
  0x03, 0xFF, 0xF0, 0x1F,
  0xFF, 0x00, 0x7F, 0xF0, 0x00, 0x7F, 0xFF, 0xFF, 0xFF, 0xFF, 0xFF, 0xFF,
  0xFF, 0xFF, 0xFF, 0xFF,
  0xFF, 0xFF, 0xFF, 0xFF, 0xFF, 0xFF, 0xFF, 0xFF, 0xFF, 0xFF, 0xFF, 0xFF,
  0xFF, 0xFF, 0xFF, 0xFF,
  0xFF, 0xFF, 0xFF, 0xFF, 0xFF, 0xFF, 0xFF, 0xFF, 0xFF, 0xFF, 0xFF, 0xFF,
  0xFF, 0xFF, 0xFF, 0xFF,
  0xFF, 0xFF, 0xFF, 0xFF, 0xFF, 0xFF, 0xFF, 0xFF, 0xFF, 0xFF, 0xFF, 0xFF,
  0xFF, 0xFF, 0xFF, 0xFF,
  0xFF, 0xFF, 0xFF, 0xFF, 0xFF, 0xFF, 0xFF, 0xFF, 0xFF, 0xFF, 0xFF, 0xFF,
  0xFF, 0xFF, 0xFF, 0xFF,
  0xFF, 0xFF, 0xFF, 0xFF, 0xFF, 0xFF, 0xFE, 0x00, 0x0F, 0xFE, 0x00, 0xFF,
  0xF0, 0x0F, 0xFF, 0x80,
  0xFF, 0xFC, 0x0F, 0xFF, 0xE0, 0xFF, 0xFE, 0x0F, 0xFF, 0xE0, 0xFF, 0xFE,
  0x01, 0xFF, 0xF0, 0x0F,
  0xFF, 0x00, 0x7F, 0xF0, 0x07, 0xFF, 0x00, 0x7F, 0xF0, 0x07, 0xFF, 0x00,
  0x7F, 0xF0, 0x07, 0xFF,
  0x00, 0x7F, 0xF0, 0x07, 0xFF, 0x00, 0x7F, 0xF0, 0x07, 0xFF, 0x00, 0x7F,
  0xF0, 0x07, 0xFF, 0x00,
  0x7F, 0xF0, 0x07, 0xFF, 0x00, 0x7F, 0xF0, 0x07, 0xFF, 0x00, 0x7F, 0xF0,
  0x03, 0xFF, 0xC0, 0x3F,
  0xFF, 0x01, 0xFF, 0xF0, 0x07, 0xFF, 0x00, 0x3F, 0xF0, 0x0F, 0xFF, 0x01,
  0xFF, 0xF0, 0x3F, 0xFE,
  0x07, 0xFF, 0x80, 0x7F, 0xF0, 0x07, 0xFF, 0x00, 0x7F, 0xF0, 0x07, 0xFF,
  0x00, 0x7F, 0xF0, 0x07,
  0xFF, 0x00, 0x7F, 0xF0, 0x07, 0xFF, 0x00, 0x7F, 0xF0, 0x07, 0xFF, 0x00,
  0x7F, 0xF0, 0x07, 0xFF,
  0x00, 0x7F, 0xF0, 0x07, 0xFF, 0x00, 0x7F, 0xF0, 0x07, 0xFF, 0x00, 0x7F,
  0xF0, 0x0F, 0xFF, 0x07,
  0xFF, 0xE0, 0xFF, 0xFE, 0x0F, 0xFF, 0xE0, 0xFF, 0xFE, 0x0F, 0xFF, 0xC0,
  0xFF, 0xF8, 0x0F, 0xFF,
  0x00, 0xFF, 0xE0, 0x0F, 0xE0, 0x00, 0x07, 0xF8, 0x00, 0x80, 0xFF, 0xFC,
  0x0F, 0xCF, 0xFF, 0xFF,
  0xFE, 0x7F, 0xFF, 0xFF, 0xF7, 0xFF, 0xFF, 0xFF, 0x3F, 0xFF, 0xFF, 0xFB,
  0xFF, 0xFF, 0xFF, 0x9F,
  0xFF, 0xFF, 0xFC, 0x7C, 0x3F, 0xFF, 0xC0, 0xC0, 0x3F, 0xFC, 0x00, 0x00,
  0x3F, 0xC0,
};

static const lgfx::v1::GFXglyph Anton64Glyphs[] = {
  {      0,   1,   1,  15,    0,   -1 },  // 0x20
  {      1,  11,  56,  15,    2,  -56 },  // 0x21 '!'
  {     78,  25,  20,  27,    1,  -56 },  // 0x22 '"'
  {    141,  33,  51,  35,    1,  -51 },  // 0x23 '#'
  {    352,  27,  57,  30,    1,  -53 },  // 0x24 '$'
  {    545,  65,  57,  68,    1,  -56 },  // 0x25 '%'
  {   1009,  31,  58,  33,    1,  -57 },  // 0x26 '&'
  {   1234,  11,  20,  14,    1,  -56 },  // 0x27 '''
  {   1262,  16,  63,  19,    2,  -57 },  // 0x28 '('
  {   1388,  16,  64,  19,    1,  -58 },  // 0x29 ')'
  {   1516,  27,  27,  29,    1,  -50 },  // 0x2A '*'
  {   1608,  21,  21,  23,    1,  -31 },  // 0x2B '+'
  {   1664,  11,  17,  15,    2,   -9 },  // 0x2C ','
  {   1688,  16,   7,  20,    2,  -23 },  // 0x2D '-'
  {   1702,  11,   9,  15,    2,   -9 },  // 0x2E '.'
  {   1715,  24,  56,  26,    1,  -56 },  // 0x2F '/'
  {   1883,  29,  58,  32,    1,  -57 },  // 0x30 '0'
  {   2094,  18,  56,  21,    1,  -56 },  // 0x31 '1'
  {   2220,  29,  56,  32,    2,  -56 },  // 0x32 '2'
  {   2423,  29,  57,  32,    1,  -56 },  // 0x33 '3'
  {   2630,  30,  56,  32,    1,  -56 },  // 0x34 '4'
  {   2840,  30,  57,  32,    1,  -56 },  // 0x35 '5'
  {   3054,  29,  58,  32,    2,  -57 },  // 0x36 '6'
  {   3265,  28,  56,  32,    2,  -56 },  // 0x37 '7'
  {   3461,  29,  58,  32,    1,  -57 },  // 0x38 '8'
  {   3672,  29,  58,  32,    2,  -57 },  // 0x39 '9'
  {   3883,  11,  33,  15,    2,  -41 },  // 0x3A ':'
  {   3929,  12,  40,  16,    2,  -40 },  // 0x3B ';'
  {   3989,  18,  35,  21,    1,  -41 },  // 0x3C '<'
  {   4068,  16,  19,  20,    2,  -35 },  // 0x3D '='
  {   4106,  17,  35,  21,    2,  -41 },  // 0x3E '>'
  {   4181,  30,  57,  32,    1,  -57 },  // 0x3F '?'
  {   4395,  52,  62,  55,    2,  -57 },  // 0x40 '@'
  {   4798,  29,  56,  31,    1,  -56 },  // 0x41 'A'
  {   5001,  27,  56,  31,    2,  -56 },  // 0x42 'B'
  {   5190,  27,  58,  30,    2,  -57 },  // 0x43 'C'
  {   5386,  28,  56,  32,    2,  -56 },  // 0x44 'D'
  {   5582,  23,  56,  26,    2,  -56 },  // 0x45 'E'
  {   5743,  22,  56,  26,    2,  -56 },  // 0x46 'F'
  {   5897,  27,  58,  31,    2,  -57 },  // 0x47 'G'
  {   6093,  28,  56,  32,    2,  -56 },  // 0x48 'H'
  {   6289,  11,  56,  15,    2,  -56 },  // 0x49 'I'
  {   6366,  27,  57,  30,    1,  -56 },  // 0x4A 'J'
  {   6559,  29,  56,  30,    2,  -56 },  // 0x4B 'K'
  {   6762,  23,  56,  25,    2,  -56 },  // 0x4C 'L'
  {   6923,  43,  56,  48,    2,  -56 },  // 0x4D 'M'
  {   7224,  27,  56,  32,    2,  -56 },  // 0x4E 'N'
  {   7413,  27,  58,  31,    2,  -57 },  // 0x4F 'O'
  {   7609,  27,  56,  30,    2,  -56 },  // 0x50 'P'
  {   7798,  28,  63,  32,    2,  -57 },  // 0x51 'Q'
  {   8019,  27,  56,  31,    2,  -56 },  // 0x52 'R'
  {   8208,  27,  58,  30,    1,  -57 },  // 0x53 'S'
  {   8404,  24,  56,  25,    1,  -56 },  // 0x54 'T'
  {   8572,  27,  57,  30,    2,  -56 },  // 0x55 'U'
  {   8765,  28,  56,  30,    1,  -56 },  // 0x56 'V'
  {   8961,  44,  56,  46,    1,  -56 },  // 0x57 'W'
  {   9269,  29,  56,  31,    1,  -56 },  // 0x58 'X'
  {   9472,  28,  56,  29,    0,  -56 },  // 0x59 'Y'
  {   9668,  24,  56,  26,    1,  -56 },  // 0x5A 'Z'
  {   9836,  17,  64,  20,    2,  -58 },  // 0x5B '['
  {   9972,  24,  56,  26,    1,  -56 },  // 0x5C '\'
  {  10140,  17,  64,  20,    1,  -58 },  // 0x5D ']'
  {  10276,  28,  29,  30,    1,  -43 },  // 0x5E '^'
  {  10378,  21,   7,  23,    1,    4 },  // 0x5F '_'
  {  10397,  15,  13,  20,    2,  -62 },  // 0x60 '`'
  {  10422,  28,  49,  31,    1,  -48 },  // 0x61 'a'
  {  10594,  28,  57,  32,    2,  -56 },  // 0x62 'b'
  {  10794,  28,  49,  31,    2,  -48 },  // 0x63 'c'
  {  10966,  28,  57,  32,    2,  -56 },  // 0x64 'd'
  {  11166,  27,  49,  31,    2,  -48 },  // 0x65 'e'
  {  11332,  16,  57,  18,    1,  -57 },  // 0x66 'f'
  {  11446,  29,  56,  32,    1,  -48 },  // 0x67 'g'
  {  11649,  28,  56,  32,    2,  -56 },  // 0x68 'h'
  {  11845,  11,  60,  16,    2,  -60 },  // 0x69 'i'
  {  11928,  14,  68,  17,    1,  -60 },  // 0x6A 'j'
  {  12047,  30,  56,  31,    2,  -56 },  // 0x6B 'k'
  {  12257,  12,  56,  16,    2,  -56 },  // 0x6C 'l'
  {  12341,  44,  48,  49,    2,  -48 },  // 0x6D 'm'
  {  12605,  28,  48,  32,    2,  -48 },  // 0x6E 'n'
  {  12773,  28,  49,  32,    2,  -48 },  // 0x6F 'o'
  {  12945,  28,  56,  32,    2,  -48 },  // 0x70 'p'
  {  13141,  28,  56,  32,    2,  -48 },  // 0x71 'q'
  {  13337,  20,  48,  22,    2,  -48 },  // 0x72 'r'
  {  13457,  28,  49,  30,    1,  -48 },  // 0x73 's'
  {  13629,  17,  57,  20,    1,  -56 },  // 0x74 't'
  {  13751,  28,  48,  32,    2,  -47 },  // 0x75 'u'
  {  13919,  28,  47,  30,    1,  -47 },  // 0x76 'v'
  {  14084,  42,  47,  45,    1,  -47 },  // 0x77 'w'
  {  14331,  29,  47,  29,    0,  -47 },  // 0x78 'x'
  {  14502,  29,  55,  30,    0,  -47 },  // 0x79 'y'
  {  14702,  23,  47,  25,    1,  -47 },  // 0x7A 'z'
  {  14838,  20,  64,  22,    1,  -58 },  // 0x7B '{'
  {  14998,  10,  64,  14,    2,  -61 },  // 0x7C '|'
  {  15078,  20,  64,  22,    1,  -58 },  // 0x7D '}'
  {  15238,  29,  11,  32,    2,  -37 },  // 0x7E '~'
};

// const_cast because GFXfont predates const-correctness; nothing
// writes through these, and the arrays stay in flash.
inline const lgfx::v1::GFXfont Anton64(
    const_cast<uint8_t *>(Anton64Bitmaps),
    const_cast<lgfx::v1::GFXglyph *>(Anton64Glyphs),
    0x20, 0x7E, 96);

}  // namespace fontdata
}  // namespace tabulous
