// Generated by tools/fontconvert.c from assets/fonts/Anton-Regular.ttf at 96 px.
// Anton is licensed under the SIL Open Font License 1.1;
// see assets/fonts/Anton-OFL.txt. Do not edit by hand.
#pragma once

#include <M5Unified.h>

namespace tabulous {
namespace fontdata {

static const uint8_t Anton96Bitmaps[] = {
  0x00, 0xFF, 0xFF, 0xFF, 0xFF, 0xFF, 0xFF, 0xFF, 0xFF, 0xFF, 0xFF, 0xFF,
  0xFF, 0xFF, 0xFF, 0xFF,
  0xFF, 0xFF, 0xFF, 0xFF, 0xFF, 0xFF, 0xFF, 0xFF, 0xFF, 0xFF, 0xFF, 0xFF,
  0xFF, 0xFF, 0xFF, 0xFF,
  0xFF, 0xFF, 0xFE, 0x7F, 0xFE, 0x7F, 0xFE, 0x7F, 0xFE, 0x7F, 0xFE, 0x7F,
  0xFE, 0x7F, 0xFE, 0x7F,
  0xFE, 0x7F, 0xFE, 0x7F, 0xFE, 0x7F, 0xFE, 0x7F, 0xFE, 0x7F, 0xFE, 0x7F,
  0xFE, 0x7F, 0xFE, 0x7F,
  0xFE, 0x7F, 0xFE, 0x7F, 0xFE, 0x7F, 0xFC, 0x3F, 0xFC, 0x3F, 0xFC, 0x3F,
  0xFC, 0x3F, 0xFC, 0x3F,
  0xFC, 0x3F, 0xFC, 0x3F, 0xFC, 0x3F, 0xFC, 0x3F, 0xFC, 0x3F, 0xFC, 0x3F,
  0xFC, 0x3F, 0xFC, 0x3F,
  0xFC, 0x3F, 0xFC, 0x3F, 0xFC, 0x3F, 0xFC, 0x3F, 0xFC, 0x3F, 0xFC, 0x1F,
  0xF8, 0x1F, 0xF8, 0x1F,
  0xF8, 0x1F, 0xF8, 0x1F, 0xF8, 0x1F, 0xF8, 0x1F, 0xF8, 0x00, 0x00, 0x00,
  0x00, 0x00, 0x00, 0x00,
  0x00, 0x00, 0x00, 0x00, 0x00, 0x00, 0x00, 0x00, 0x00, 0xFF, 0xFF, 0xFF,
  0xFF, 0xFF, 0xFF, 0xFF,
  0xFF, 0xFF, 0xFF, 0xFF, 0xFF, 0xFF, 0xFF, 0xFF, 0xFF, 0xFF, 0xFF, 0xFF,
  0xFF, 0xFF, 0xFF, 0xFF,
  0xFF, 0xFF, 0xFF, 0xFF, 0xFF, 0xFF, 0xFF, 0x07, 0xFF, 0xFF, 0xFF, 0xF8,
  0x3F, 0xFF, 0xFF, 0xFF,
  0xC1, 0xFF, 0xFF, 0xFF, 0xFE, 0x0F, 0xFF, 0xF7, 0xFF, 0xF0, 0x7F, 0xFF,
  0xBF, 0xFF, 0x83, 0xFF,
  0xF9, 0xFF, 0xFC, 0x0F, 0xFF, 0xCF, 0xFF, 0xE0, 0x7F, 0xFE, 0x7F, 0xFE,
  0x03, 0xFF, 0xF3, 0xFF,
  0xF0, 0x1F, 0xFF, 0x8F, 0xFF, 0x80, 0xFF, 0xFC, 0x7F, 0xFC, 0x07, 0xFF,
  0xE3, 0xFF, 0xE0, 0x3F,
  0xFF, 0x1F, 0xFF, 0x00, 0xFF, 0xF0, 0xFF, 0xF8, 0x07, 0xFF, 0x87, 0xFF,
  0xC0, 0x3F, 0xFC, 0x3F,
  0xFC, 0x01, 0xFF, 0xE0, 0xFF, 0xE0, 0x0F, 0xFF, 0x07, 0xFF, 0x00, 0x7F,
  0xF8, 0x3F, 0xF8, 0x01,
  0xFF, 0xC1, 0xFF, 0xC0, 0x0F, 0xFE, 0x0F, 0xFE, 0x00, 0x7F, 0xF0, 0x7F,
  0xF0, 0x03, 0xFF, 0x01,
  0xFF, 0x80, 0x1F, 0xF8, 0x0F, 0xFC, 0x00, 0xFF, 0xC0, 0x7F, 0xC0, 0x03,
  0xFE, 0x03, 0xFE, 0x00,
  0x1F, 0xF0, 0x1F, 0xF0, 0x00, 0xFF, 0x80, 0xFF, 0x80, 0x07, 0xFC, 0x03,
  0xFC, 0x00, 0x3F, 0xE0,
  0x00, 0x03, 0xFF, 0xF0, 0x1F, 0xFF, 0x80, 0x01, 0xFF, 0xF0, 0x0F, 0xFF,
  0xC0, 0x00, 0xFF, 0xF8,
  0x07, 0xFF, 0xC0, 0x00, 0x7F, 0xFC, 0x03, 0xFF, 0xE0, 0x00, 0x3F, 0xFE,
  0x01, 0xFF, 0xF0, 0x00,
  0x3F, 0xFF, 0x01, 0xFF, 0xF8, 0x00, 0x1F, 0xFF, 0x00, 0xFF, 0xFC, 0x00,
  0x0F, 0xFF, 0x80, 0x7F,
  0xFC, 0x00, 0x07, 0xFF, 0xC0, 0x3F, 0xFE, 0x00, 0x03, 0xFF, 0xE0, 0x1F,
  0xFF, 0x00, 0x03, 0xFF,
  0xF0, 0x1F, 0xFF, 0x80, 0x01, 0xFF, 0xF8, 0x0F, 0xFF, 0xC0, 0x00, 0xFF,
  0xF8, 0x07, 0xFF, 0xC0,
  0x00, 0x7F, 0xFC, 0x03, 0xFF, 0xE0, 0x00, 0x3F, 0xFE, 0x01, 0xFF, 0xF0,
  0x00, 0x3F, 0xFF, 0x01,
  0xFF, 0xF8, 0x00, 0x1F, 0xFF, 0x80, 0xFF, 0xFC, 0x00, 0x0F, 0xFF, 0x80,
  0x7F, 0xFC, 0x00, 0x07,
  0xFF, 0xC0, 0x3F, 0xFE, 0x00, 0x03, 0xFF, 0xE0, 0x1F, 0xFF, 0x00, 0x03,
  0xFF, 0xF0, 0x0F, 0xFF,
  0x80, 0x01, 0xFF, 0xF8, 0x0F, 0xFF, 0xC0, 0x00, 0xFF, 0xF8, 0x07, 0xFF,
  0xC0, 0x3F, 0xFF, 0xFF,
  0xFF, 0xFF, 0xFF, 0x1F, 0xFF, 0xFF, 0xFF, 0xFF, 0xFF, 0x8F, 0xFF, 0xFF,
  0xFF, 0xFF, 0xFF, 0xC7,
  0xFF, 0xFF, 0xFF, 0xFF, 0xFF, 0xE3, 0xFF, 0xFF, 0xFF, 0xFF, 0xFF, 0xF1,
  0xFF, 0xFF, 0xFF, 0xFF,
  0xFF, 0xF8, 0xFF, 0xFF, 0xFF, 0xFF, 0xFF, 0xFC, 0x7F, 0xFF, 0xFF, 0xFF,
  0xFF, 0xFE, 0x3F, 0xFF,
  0xFF, 0xFF, 0xFF, 0xFF, 0x1F, 0xFF, 0xFF, 0xFF, 0xFF, 0xFF, 0x8F, 0xFF,
  0xFF, 0xFF, 0xFF, 0xFF,
  0xC0, 0x3F, 0xFE, 0x01, 0xFF, 0xF0, 0x00, 0x1F, 0xFF, 0x00, 0xFF, 0xF8,
  0x00, 0x1F, 0xFF, 0x80,
  0xFF, 0xFC, 0x00, 0x0F, 0xFF, 0x80, 0x7F, 0xFC, 0x00, 0x07, 0xFF, 0xC0,
  0x3F, 0xFE, 0x00, 0x03,
  0xFF, 0xE0, 0x1F, 0xFF, 0x00, 0xFF, 0xFF, 0xFF, 0xFF, 0xFF, 0xFC, 0x7F,
  0xFF, 0xFF, 0xFF, 0xFF,
  0xFE, 0x3F, 0xFF, 0xFF, 0xFF, 0xFF, 0xFF, 0x1F, 0xFF, 0xFF, 0xFF, 0xFF,
  0xFF, 0x8F, 0xFF, 0xFF,
  0xFF, 0xFF, 0xFF, 0xC7, 0xFF, 0xFF, 0xFF, 0xFF, 0xFF, 0xE3, 0xFF, 0xFF,
  0xFF, 0xFF, 0xFF, 0xF1,
  0xFF, 0xFF, 0xFF, 0xFF, 0xFF, 0xF8, 0xFF, 0xFF, 0xFF, 0xFF, 0xFF, 0xFC,
  0x7F, 0xFF, 0xFF, 0xFF,
  0xFF, 0xFE, 0x3F, 0xFF, 0xFF, 0xFF, 0xFF, 0xFF, 0x01, 0xFF, 0xF8, 0x0F,
  0xFF, 0xC0, 0x00, 0xFF,
  0xF8, 0x07, 0xFF, 0xE0, 0x00, 0x7F, 0xFC, 0x03, 0xFF, 0xE0, 0x00, 0x3F,
  0xFE, 0x01, 0xFF, 0xF0,
  0x00, 0x1F, 0xFF, 0x00, 0xFF, 0xF8, 0x00, 0x1F, 0xFF, 0x80, 0xFF, 0xFC,
  0x00, 0x0F, 0xFF, 0x80,
  0x7F, 0xFE, 0x00, 0x07, 0xFF, 0xC0, 0x3F, 0xFE, 0x00, 0x03, 0xFF, 0xE0,
  0x1F, 0xFF, 0x00, 0x01,
  0xFF, 0xF0, 0x0F, 0xFF, 0x80, 0x01, 0xFF, 0xF8, 0x0F, 0xFF, 0xC0, 0x00,
  0xFF, 0xF8, 0x07, 0xFF,
  0xE0, 0x00, 0x7F, 0xFC, 0x03, 0xFF, 0xE0, 0x00, 0x3F, 0xFE, 0x01, 0xFF,
  0xF0, 0x00, 0x1F, 0xFF,
  0x00, 0xFF, 0xF8, 0x00, 0x1F, 0xFF, 0x80, 0x7F, 0xFC, 0x00, 0x0F, 0xFF,
  0xC0, 0x7F, 0xFE, 0x00,
  0x07, 0xFF, 0xC0, 0x3F, 0xFE, 0x00, 0x03, 0xFF, 0xE0, 0x1F, 0xFF, 0x00,
  0x01, 0xFF, 0xF0, 0x0F,
  0xFF, 0x80, 0x01, 0xFF, 0xF8, 0x07, 0xFF, 0xC0, 0x00, 0xFF, 0xFC, 0x07,
  0xFF, 0xE0, 0x00, 0x7F,
  0xFC, 0x03, 0xFF, 0xE0, 0x00, 0x3F, 0xFE, 0x01, 0xFF, 0xF0, 0x00, 0x00,
  0x00, 0x00, 0xFF, 0x00,
  0x00, 0x00, 0x00, 0x7F, 0x80, 0x00, 0x00, 0x00, 0x3F, 0xC0, 0x00, 0x00,
  0x00, 0x1F, 0xE0, 0x00,
  0x00, 0x00, 0x0F, 0xF0, 0x00, 0x00, 0x00, 0x07, 0xF8, 0x00, 0x00, 0x00,
  0x1F, 0xFF, 0xC0, 0x00,
  0x00, 0x3F, 0xFF, 0xFC, 0x00, 0x00, 0x7F, 0xFF, 0xFF, 0x00, 0x00, 0xFF,
  0xFF, 0xFF, 0xE0, 0x00,
  0xFF, 0xFF, 0xFF, 0xF8, 0x00, 0xFF, 0xFF, 0xFF, 0xFE, 0x00, 0xFF, 0xFF,
  0xFF, 0xFF, 0x00, 0xFF,
  0xFF, 0xFF, 0xFF, 0xC0, 0x7F, 0xFF, 0xFF, 0xFF, 0xF0, 0x7F, 0xFF, 0xFF,
  0xFF, 0xF8, 0x3F, 0xFF,
  0xFF, 0xFF, 0xFE, 0x3F, 0xFF, 0xFF, 0xFF, 0xFF, 0x1F, 0xFF, 0xFF, 0xFF,
  0xFF, 0x8F, 0xFF, 0xFF,
  0xFF, 0xFF, 0xE7, 0xFF, 0xF8, 0x3F, 0xFF, 0xF7, 0xFF, 0xF8, 0x0F, 0xFF,
  0xFB, 0xFF, 0xFC, 0x07,
  0xFF, 0xFD, 0xFF, 0xFE, 0x01, 0xFF, 0xFE, 0xFF, 0xFF, 0x00, 0xFF, 0xFF,
  0x3F, 0xFF, 0x80, 0x7F,
  0xFF, 0x9F, 0xFF, 0xE0, 0x3F, 0xFF, 0xCF, 0xFF, 0xF8, 0x00, 0x00, 0x07,
  0xFF, 0xFE, 0x00, 0x00,
  0x01, 0xFF, 0xFF, 0x80, 0x00, 0x00, 0xFF, 0xFF, 0xE0, 0x00, 0x00, 0x7F,
  0xFF, 0xF8, 0x00, 0x00,
  0x1F, 0xFF, 0xFE, 0x00, 0x00, 0x07, 0xFF, 0xFF, 0x80, 0x00, 0x03, 0xFF,
  0xFF, 0xE0, 0x00, 0x00,
  0xFF, 0xFF, 0xF8, 0x00, 0x00, 0x3F, 0xFF, 0xFE, 0x00, 0x00, 0x0F, 0xFF,
  0xFF, 0x80, 0x00, 0x03,
  0xFF, 0xFF, 0xE0, 0x00, 0x00, 0xFF, 0xFF, 0xF8, 0x00, 0x00, 0x3F, 0xFF,
  0xFE, 0x00, 0x00, 0x0F,
  0xFF, 0xFF, 0x80, 0x00, 0x03, 0xFF, 0xFF, 0xE0, 0x00, 0x00, 0xFF, 0xFF,
  0xF8, 0x00, 0x00, 0x3F,
  0xFF, 0xFE, 0x00, 0x00, 0x0F, 0xFF, 0xFF, 0x80, 0x00, 0x03, 0xFF, 0xFF,
  0xC0, 0x00, 0x00, 0xFF,
  0xFF, 0xF0, 0x00, 0x00, 0x3F, 0xFF, 0xFC, 0x00, 0x00, 0x0F, 0xFF, 0xFE,
  0x00, 0x00, 0x03, 0xFF,
  0xFF, 0x80, 0x00, 0x00, 0xFF, 0xFF, 0xC0, 0x00, 0x00, 0x3F, 0xFF, 0xF7,
  0xFF, 0xF8, 0x1F, 0xFF,
  0xFB, 0xFF, 0xFC, 0x07, 0xFF, 0xFD, 0xFF, 0xFE, 0x01, 0xFF, 0xFE, 0xFF,
  0xFF, 0x00, 0xFF, 0xFF,
  0xFF, 0xFF, 0x80, 0x7F, 0xFF, 0xFF, 0xFF, 0xC0, 0x3F, 0xFF, 0xFF, 0xFF,
  0xF0, 0x1F, 0xFF, 0xFF,
  0xFF, 0xF8, 0x0F, 0xFF, 0xFF, 0xFF, 0xFE, 0x0F, 0xFF, 0xFF, 0xFF, 0xFF,
  0xFF, 0xFF, 0xFD, 0xFF,
  0xFF, 0xFF, 0xFF, 0xFE, 0x7F, 0xFF, 0xFF, 0xFF, 0xFF, 0x3F, 0xFF, 0xFF,
  0xFF, 0xFF, 0x9F, 0xFF,
  0xFF, 0xFF, 0xFF, 0x87, 0xFF, 0xFF, 0xFF, 0xFF, 0xC3, 0xFF, 0xFF, 0xFF,
  0xFF, 0xC0, 0xFF, 0xFF,
  0xFF, 0xFF, 0xE0, 0x7F, 0xFF, 0xFF, 0xFF, 0xE0, 0x1F, 0xFF, 0xFF, 0xFF,
  0xE0, 0x07, 0xFF, 0xFF,
  0xFF, 0xE0, 0x01, 0xFF, 0xFF, 0xFF, 0xE0, 0x00, 0x3F, 0xFF, 0xFF, 0xC0,
  0x00, 0x07, 0xFF, 0xFF,
  0x80, 0x00, 0x00, 0x7F, 0xFE, 0x00, 0x00, 0x00, 0x07, 0xF8, 0x00, 0x00,
  0x00, 0x03, 0xFC, 0x00,
  0x00, 0x00, 0x01, 0xFE, 0x00, 0x00, 0x00, 0x00, 0xFF, 0x00, 0x00, 0x00,
  0x00, 0x7F, 0x80, 0x00,
  0x00, 0x00, 0x3F, 0xC0, 0x00, 0x00, 0x00, 0x1F, 0xE0, 0x00, 0x00, 0x00,
  0x00, 0x00, 0x00, 0x00,
  0x00, 0x03, 0xFF, 0xF8, 0x00, 0x00, 0x00, 0x00, 0x03, 0xFF, 0x80, 0x00,
  0x00, 0x01, 0xFF, 0xFC,
  0x00, 0x00, 0x00, 0x00, 0x0F, 0xFF, 0xF8, 0x00, 0x00, 0x01, 0xFF, 0xFE,
  0x00, 0x00, 0x00, 0x00,
  0x1F, 0xFF, 0xFF, 0x00, 0x00, 0x00, 0xFF, 0xFE, 0x00, 0x00, 0x00, 0x00,
  0x3F, 0xFF, 0xFF, 0xC0,
  0x00, 0x00, 0x7F, 0xFF, 0x00, 0x00, 0x00, 0x00, 0x3F, 0xFF, 0xFF, 0xF8,
  0x00, 0x00, 0x3F, 0xFF,
  0x80, 0x00, 0x00, 0x00, 0x3F, 0xFF, 0xFF, 0xFC, 0x00, 0x00, 0x3F, 0xFF,
  0x80, 0x00, 0x00, 0x00,
  0x3F, 0xFF, 0xFF, 0xFF, 0x00, 0x00, 0x1F, 0xFF, 0xC0, 0x00, 0x00, 0x00,
  0x1F, 0xFF, 0xFF, 0xFF,
  0xC0, 0x00, 0x0F, 0xFF, 0xE0, 0x00, 0x00, 0x00, 0x1F, 0xFF, 0xFF, 0xFF,
  0xE0, 0x00, 0x0F, 0xFF,
  0xF0, 0x00, 0x00, 0x00, 0x0F, 0xFF, 0xFF, 0xFF, 0xF8, 0x00, 0x07, 0xFF,
  0xF0, 0x00, 0x00, 0x00,
  0x0F, 0xFF, 0xFF, 0xFF, 0xFC, 0x00, 0x03, 0xFF, 0xF8, 0x00, 0x00, 0x00,
  0x07, 0xFF, 0xF0, 0x7F,
  0xFF, 0x00, 0x03, 0xFF, 0xFC, 0x00, 0x00, 0x00, 0x03, 0xFF, 0xF0, 0x1F,
  0xFF, 0x80, 0x01, 0xFF,
  0xFC, 0x00, 0x00, 0x00, 0x03, 0xFF, 0xF0, 0x0F, 0xFF, 0xC0, 0x00, 0xFF,
  0xFE, 0x00, 0x00, 0x00,
  0x01, 0xFF, 0xF8, 0x07, 0xFF, 0xE0, 0x00, 0xFF, 0xFF, 0x00, 0x00, 0x00,
  0x00, 0xFF, 0xFC, 0x01,
  0xFF, 0xF0, 0x00, 0x7F, 0xFF, 0x00, 0x00, 0x00, 0x00, 0x7F, 0xFE, 0x00,
  0xFF, 0xFC, 0x00, 0x3F,
  0xFF, 0x80, 0x00, 0x00, 0x00, 0x3F, 0xFF, 0x00, 0x7F, 0xFE, 0x00, 0x1F,
  0xFF, 0xC0, 0x00, 0x00,
  0x00, 0x1F, 0xFF, 0x80, 0x3F, 0xFF, 0x00, 0x1F, 0xFF, 0xC0, 0x00, 0x00,
  0x00, 0x0F, 0xFF, 0xC0,
  0x1F, 0xFF, 0x80, 0x0F, 0xFF, 0xE0, 0x00, 0x00, 0x00, 0x07, 0xFF, 0xE0,
  0x0F, 0xFF, 0xC0, 0x07,
  0xFF, 0xF0, 0x00, 0x00, 0x00, 0x03, 0xFF, 0xF0, 0x07, 0xFF, 0xE0, 0x07,
  0xFF, 0xF0, 0x00, 0x00,
  0x00, 0x01, 0xFF, 0xF8, 0x03, 0xFF, 0xF0, 0x03, 0xFF, 0xF8, 0x00, 0x00,
  0x00, 0x00, 0xFF, 0xFC,
  0x01, 0xFF, 0xF8, 0x01, 0xFF, 0xFC, 0x00, 0x00, 0x00, 0x00, 0x7F, 0xFE,
  0x00, 0xFF, 0xFC, 0x01,
  0xFF, 0xFE, 0x00, 0x00, 0x00, 0x00, 0x3F, 0xFF, 0x00, 0x7F, 0xFE, 0x00,
  0xFF, 0xFE, 0x00, 0x00,
  0x00, 0x00, 0x1F, 0xFF, 0x80, 0x3F, 0xFF, 0x00, 0x7F, 0xFF, 0x00, 0x07,
  0xFE, 0x00, 0x0F, 0xFF,
  0xC0, 0x1F, 0xFF, 0x80, 0x7F, 0xFF, 0x80, 0x3F, 0xFF, 0xF0, 0x07, 0xFF,
  0xE0, 0x0F, 0xFF, 0xC0,
  0x3F, 0xFF, 0x80, 0x7F, 0xFF, 0xFE, 0x03, 0xFF, 0xF0, 0x07, 0xFF, 0xE0,
  0x1F, 0xFF, 0xC0, 0x7F,
  0xFF, 0xFF, 0x81, 0xFF, 0xF8, 0x03, 0xFF, 0xF0, 0x0F, 0xFF, 0xE0, 0x7F,
  0xFF, 0xFF, 0xE0, 0xFF,
  0xFC, 0x01, 0xFF, 0xF8, 0x0F, 0xFF, 0xE0, 0x7F, 0xFF, 0xFF, 0xF8, 0x7F,
  0xFE, 0x00, 0xFF, 0xFC,
  0x07, 0xFF, 0xF0, 0x7F, 0xFF, 0xFF, 0xFE, 0x3F, 0xFF, 0x00, 0x7F, 0xFE,
  0x03, 0xFF, 0xF8, 0x7F,
  0xFF, 0xFF, 0xFF, 0x9F, 0xFF, 0x80, 0x3F, 0xFF, 0x03, 0xFF, 0xF8, 0x3F,
  0xFF, 0xFF, 0xFF, 0xCF,
  0xFF, 0xC0, 0x1F, 0xFF, 0x81, 0xFF, 0xFC, 0x3F, 0xFF, 0xFF, 0xFF, 0xF7,
  0xFF, 0xE0, 0x0F, 0xFF,
  0xC0, 0xFF, 0xFE, 0x1F, 0xFF, 0xFF, 0xFF, 0xFB, 0xFF, 0xF0, 0x07, 0xFF,
  0xE0, 0xFF, 0xFF, 0x0F,
  0xFF, 0xE0, 0xFF, 0xFD, 0xFF, 0xF8, 0x03, 0xFF, 0xF0, 0x7F, 0xFF, 0x07,
  0xFF, 0xE0, 0x3F, 0xFF,
  0xFF, 0xFC, 0x01, 0xFF, 0xF0, 0x3F, 0xFF, 0x87, 0xFF, 0xE0, 0x1F, 0xFF,
  0xFF, 0xFE, 0x00, 0xFF,
  0xF8, 0x3F, 0xFF, 0xC3, 0xFF, 0xF0, 0x0F, 0xFF, 0xFF, 0xFF, 0x00, 0xFF,
  0xFC, 0x1F, 0xFF, 0xC1,
  0xFF, 0xF8, 0x07, 0xFF, 0xEF, 0xFF, 0xC0, 0x7F, 0xFE, 0x0F, 0xFF, 0xE0,
  0xFF, 0xFC, 0x03, 0xFF,
  0xF7, 0xFF, 0xF0, 0xFF, 0xFF, 0x0F, 0xFF, 0xF0, 0x7F, 0xFE, 0x01, 0xFF,
  0xFB, 0xFF, 0xFF, 0xFF,
  0xFF, 0x07, 0xFF, 0xF0, 0x3F, 0xFF, 0x00, 0xFF, 0xFC, 0xFF, 0xFF, 0xFF,
  0xFF, 0x83, 0xFF, 0xF8,
  0x1F, 0xFF, 0x80, 0x7F, 0xFE, 0x7F, 0xFF, 0xFF, 0xFF, 0xC1, 0xFF, 0xFC,
  0x0F, 0xFF, 0xC0, 0x3F,
  0xFF, 0x3F, 0xFF, 0xFF, 0xFF, 0xC1, 0xFF, 0xFC, 0x07, 0xFF, 0xE0, 0x1F,
  0xFF, 0x8F, 0xFF, 0xFF,
  0xFF, 0xE0, 0xFF, 0xFE, 0x03, 0xFF, 0xF0, 0x0F, 0xFF, 0xC3, 0xFF, 0xFF,
  0xFF, 0xE0, 0x7F, 0xFF,
  0x01, 0xFF, 0xF8, 0x07, 0xFF, 0xE0, 0xFF, 0xFF, 0xFF, 0xE0, 0x7F, 0xFF,
  0x80, 0xFF, 0xFC, 0x03,
  0xFF, 0xF0, 0x3F, 0xFF, 0xFF, 0xE0, 0x3F, 0xFF, 0x80, 0x7F, 0xFE, 0x01,
  0xFF, 0xF8, 0x0F, 0xFF,
  0xFF, 0xE0, 0x1F, 0xFF, 0xC0, 0x3F, 0xFF, 0x00, 0xFF, 0xFC, 0x03, 0xFF,
  0xFF, 0xE0, 0x1F, 0xFF,
  0xE0, 0x1F, 0xFF, 0x80, 0x7F, 0xFE, 0x00, 0x7F, 0xFF, 0x80, 0x0F, 0xFF,
  0xE0, 0x0F, 0xFF, 0xC0,
  0x3F, 0xFF, 0x00, 0x07, 0xFE, 0x00, 0x07, 0xFF, 0xF0, 0x07, 0xFF, 0xE0,
  0x1F, 0xFF, 0x80, 0x00,
  0x00, 0x00, 0x07, 0xFF, 0xF8, 0x03, 0xFF, 0xF0, 0x0F, 0xFF, 0xC0, 0x00,
  0x00, 0x00, 0x03, 0xFF,
  0xF8, 0x01, 0xFF, 0xF8, 0x07, 0xFF, 0xE0, 0x00, 0x00, 0x00, 0x01, 0xFF,
  0xFC, 0x00, 0xFF, 0xFC,
  0x03, 0xFF, 0xF0, 0x00, 0x00, 0x00, 0x00, 0xFF, 0xFE, 0x00, 0x7F, 0xFE,
  0x01, 0xFF, 0xF8, 0x00,
  0x00, 0x00, 0x00, 0xFF, 0xFE, 0x00, 0x3F, 0xFF, 0x00, 0xFF, 0xFC, 0x00,
  0x00, 0x00, 0x00, 0x7F,
  0xFF, 0x00, 0x1F, 0xFF, 0x80, 0x7F, 0xFE, 0x00, 0x00, 0x00, 0x00, 0x3F,
  0xFF, 0x80, 0x0F, 0xFF,
  0xC0, 0x3F, 0xFF, 0x00, 0x00, 0x00, 0x00, 0x3F, 0xFF, 0xC0, 0x07, 0xFF,
  0xE0, 0x1F, 0xFF, 0x80,
  0x00, 0x00, 0x00, 0x1F, 0xFF, 0xC0, 0x03, 0xFF, 0xF0, 0x0F, 0xFF, 0xC0,
  0x00, 0x00, 0x00, 0x0F,
  0xFF, 0xE0, 0x01, 0xFF, 0xF8, 0x07, 0xFF, 0xE0, 0x00, 0x00, 0x00, 0x0F,
  0xFF, 0xF0, 0x00, 0xFF,
  0xFC, 0x03, 0xFF, 0xF0, 0x00, 0x00, 0x00, 0x07, 0xFF, 0xF0, 0x00, 0x7F,
  0xFE, 0x01, 0xFF, 0xF8,
  0x00, 0x00, 0x00, 0x03, 0xFF, 0xF8, 0x00, 0x3F, 0xFF, 0x81, 0xFF, 0xFC,
  0x00, 0x00, 0x00, 0x03,
  0xFF, 0xFC, 0x00, 0x0F, 0xFF, 0xE1, 0xFF, 0xFE, 0x00, 0x00, 0x00, 0x01,
  0xFF, 0xFC, 0x00, 0x07,
  0xFF, 0xFF, 0xFF, 0xFE, 0x00, 0x00, 0x00, 0x00, 0xFF, 0xFE, 0x00, 0x03,
  0xFF, 0xFF, 0xFF, 0xFF,
  0x00, 0x00, 0x00, 0x00, 0x7F, 0xFF, 0x00, 0x00, 0xFF, 0xFF, 0xFF, 0xFF,
  0x00, 0x00, 0x00, 0x00,
  0x7F, 0xFF, 0x00, 0x00, 0x7F, 0xFF, 0xFF, 0xFF, 0x80, 0x00, 0x00, 0x00,
  0x3F, 0xFF, 0x80, 0x00,
  0x1F, 0xFF, 0xFF, 0xFF, 0x80, 0x00, 0x00, 0x00, 0x1F, 0xFF, 0xC0, 0x00,
  0x07, 0xFF, 0xFF, 0xFF,
  0xC0, 0x00, 0x00, 0x00, 0x1F, 0xFF, 0xC0, 0x00, 0x03, 0xFF, 0xFF, 0xFF,
  0xC0, 0x00, 0x00, 0x00,
  0x0F, 0xFF, 0xE0, 0x00, 0x00, 0xFF, 0xFF, 0xFF, 0xC0, 0x00, 0x00, 0x00,
  0x07, 0xFF, 0xF0, 0x00,
  0x00, 0x3F, 0xFF, 0xFF, 0xC0, 0x00, 0x00, 0x00, 0x07, 0xFF, 0xF8, 0x00,
  0x00, 0x07, 0xFF, 0xFF,
  0x80, 0x00, 0x00, 0x00, 0x03, 0xFF, 0xF8, 0x00, 0x00, 0x00, 0xFF, 0xFF,
  0x00, 0x00, 0x00, 0x00,
  0x00, 0x00, 0x00, 0x00, 0x00, 0x00, 0x0F, 0xFC, 0x00, 0x00, 0x00, 0x00,
  0xFF, 0x80, 0x00, 0x00,
  0x00, 0x07, 0xFF, 0xE0, 0x00, 0x00, 0x00, 0x3F, 0xFF, 0xF0, 0x00, 0x00,
  0x00, 0xFF, 0xFF, 0xF0,
  0x00, 0x00, 0x07, 0xFF, 0xFF, 0xF0, 0x00, 0x00, 0x0F, 0xFF, 0xFF, 0xF0,
  0x00, 0x00, 0x3F, 0xFF,
  0xFF, 0xF0, 0x00, 0x00, 0xFF, 0xFF, 0xFF, 0xF0, 0x00, 0x01, 0xFF, 0xFF,
  0xFF, 0xE0, 0x00, 0x07,
  0xFF, 0xFF, 0xFF, 0xE0, 0x00, 0x0F, 0xFF, 0xFF, 0xFF, 0xC0, 0x00, 0x3F,
  0xFF, 0xFF, 0xFF, 0xC0,
  0x00, 0x7F, 0xFF, 0x8F, 0xFF, 0x80, 0x00, 0xFF, 0xFE, 0x0F, 0xFF, 0x00,
  0x01, 0xFF, 0xFC, 0x1F,
  0xFE, 0x00, 0x03, 0xFF, 0xF8, 0x3F, 0xFC, 0x00, 0x07, 0xFF, 0xF0, 0x7F,
  0xF8, 0x00, 0x0F, 0xFF,
  0xE0, 0xFF, 0xF0, 0x00, 0x1F, 0xFF, 0xC1, 0xFF, 0xE0, 0x00, 0x3F, 0xFF,
  0x83, 0xFF, 0xC0, 0x00,
  0x7F, 0xFF, 0x87, 0xFF, 0x80, 0x00, 0xFF, 0xFF, 0x0F, 0xFF, 0x00, 0x01,
  0xFF, 0xFE, 0x1F, 0xFE,
  0x00, 0x01, 0xFF, 0xFE, 0x3F, 0xFC, 0x00, 0x03, 0xFF, 0xFC, 0x7F, 0xF8,
  0x00, 0x07, 0xFF, 0xF9,
  0xFF, 0xE0, 0x00, 0x07, 0xFF, 0xFB, 0xFF, 0xC0, 0x00, 0x0F, 0xFF, 0xFF,
  0xFF, 0x80, 0x00, 0x1F,
  0xFF, 0xFF, 0xFE, 0x00, 0x00, 0x1F, 0xFF, 0xFF, 0xFC, 0x00, 0x00, 0x3F,
  0xFF, 0xFF, 0xF0, 0x00,
  0x00, 0x7F, 0xFF, 0xFF, 0xE0, 0x00, 0x00, 0x7F, 0xFF, 0xFF, 0x80, 0x00,
  0x00, 0xFF, 0xFF, 0xFE,
  0x00, 0x00, 0x00, 0xFF, 0xFF, 0xF8, 0x00, 0x00, 0x01, 0xFF, 0xFF, 0xE0,
  0x00, 0x00, 0x07, 0xFF,
  0xFF, 0x80, 0x00, 0x00, 0x1F, 0xFF, 0xFE, 0x00, 0x00, 0x00, 0x7F, 0xFF,
  0xFC, 0x00, 0x00, 0x01,
  0xFF, 0xFF, 0xF8, 0x00, 0xC0, 0x03, 0xFF, 0xFF, 0xF8, 0x03, 0x80, 0x0F,
  0xFF, 0xFF, 0xF0, 0x0F,
  0x80, 0x3F, 0xFF, 0xFF, 0xE0, 0x3F, 0x80, 0xFF, 0xFF, 0xFF, 0xE0, 0xFF,
  0x01, 0xFF, 0xFF, 0xFF,
  0xC3, 0xFF, 0x07, 0xFF, 0xFF, 0xFF, 0xC7, 0xFF, 0x0F, 0xFF, 0xFF, 0xFF,
  0x9F, 0xFE, 0x1F, 0xFF,
  0xFF, 0xFF, 0x3F, 0xFE, 0x7F, 0xFF, 0xFF, 0xFF, 0xFF, 0xFE, 0xFF, 0xFD,
  0xFF, 0xFF, 0xFF, 0xF1,
  0xFF, 0xFB, 0xFF, 0xFF, 0xFF, 0xC3, 0xFF, 0xF3, 0xFF, 0xFF, 0xFF, 0x0F,
  0xFF, 0xC7, 0xFF, 0xFF,
  0xFE, 0x1F, 0xFF, 0x8F, 0xFF, 0xFF, 0xF8, 0x3F, 0xFF, 0x0F, 0xFF, 0xFF,
  0xE0, 0x7F, 0xFE, 0x1F,
  0xFF, 0xFF, 0xC0, 0xFF, 0xFC, 0x1F, 0xFF, 0xFF, 0x01, 0xFF, 0xF8, 0x3F,
  0xFF, 0xFE, 0x03, 0xFF,
  0xF0, 0x3F, 0xFF, 0xF8, 0x07, 0xFF, 0xE0, 0x7F, 0xFF, 0xF0, 0x0F, 0xFF,
  0xC0, 0xFF, 0xFF, 0xC0,
  0x1F, 0xFF, 0x80, 0xFF, 0xFF, 0x80, 0x3F, 0xFF, 0x01, 0xFF, 0xFE, 0x00,
  0x7F, 0xFE, 0x01, 0xFF,
  0xFE, 0x00, 0xFF, 0xFC, 0x03, 0xFF, 0xFC, 0x01, 0xFF, 0xF8, 0x07, 0xFF,
  0xFC, 0x03, 0xFF, 0xF0,
  0x07, 0xFF, 0xF8, 0x07, 0xFF, 0xE0, 0x0F, 0xFF, 0xF0, 0x0F, 0xFF, 0xE0,
  0x1F, 0xFF, 0xF0, 0x1F,
  0xFF, 0xC0, 0x3F, 0xFF, 0xE0, 0x1F, 0xFF, 0xC0, 0xFF, 0xFF, 0xE0, 0x3F,
  0xFF, 0xC3, 0xFF, 0xFF,
  0xC0, 0x7F, 0xFF, 0xFF, 0xFF, 0xFF, 0x80, 0xFF, 0xFF, 0xFF, 0xFF, 0xFF,
  0x80, 0xFF, 0xFF, 0xFF,
  0xFF, 0xFF, 0x01, 0xFF, 0xFF, 0xFF, 0xFF, 0xFF, 0x01, 0xFF, 0xFF, 0xFF,
  0xFF, 0xFE, 0x01, 0xFF,
  0xFF, 0xFF, 0xFF, 0xFC, 0x03, 0xFF, 0xFF, 0xFF, 0xFF, 0xFC, 0x03, 0xFF,
  0xFF, 0xF7, 0xFF, 0xF8,
  0x03, 0xFF, 0xFF, 0xC7, 0xFF, 0xF8, 0x03, 0xFF, 0xFF, 0x0F, 0xFF, 0xF0,
  0x01, 0xFF, 0xF8, 0x0F,
  0xFF, 0xF0, 0x00, 0x7F, 0x80, 0x00, 0x00, 0x00, 0xFF, 0xFF, 0xFF, 0xFF,
  0xFF, 0xFF, 0xFF, 0xFF,
  0x7F, 0xFF, 0x7F, 0xFF, 0x7F, 0xFF, 0x7F, 0xFF, 0x7F, 0xFE, 0x7F, 0xFE,
  0x3F, 0xFE, 0x3F, 0xFE,
  0x3F, 0xFE, 0x3F, 0xFE, 0x3F, 0xFE, 0x3F, 0xFE, 0x3F, 0xFC, 0x1F, 0xFC,
  0x1F, 0xFC, 0x1F, 0xFC,
  0x1F, 0xFC, 0x1F, 0xFC, 0x1F, 0xFC, 0x0F, 0xFC, 0x0F, 0xFC, 0x0F, 0xF8,
  0x0F, 0xF8, 0x0F, 0xF8,
  0x0F, 0xF8, 0x07, 0xF8, 0x00, 0x00, 0x3F, 0x00, 0x03, 0xFF, 0x00, 0x0F,
  0xFF, 0x00, 0x3F, 0xFF,
  0x00, 0x7F, 0xFF, 0x00, 0xFF, 0xFF, 0x01, 0xFF, 0xFF, 0x03, 0xFF, 0xFF,
  0x07, 0xFF, 0xFF, 0x0F,
  0xFF, 0xFF, 0x0F, 0xFF, 0xFF, 0x1F, 0xFF, 0xFF, 0x1F, 0xFF, 0xFF, 0x3F,
  0xFF, 0xF8, 0x3F, 0xFF,
  0xF0, 0x3F, 0xFF, 0xE0, 0x7F, 0xFF, 0xE0, 0x7F, 0xFF, 0xC0, 0x7F, 0xFF,
  0xC0, 0x7F, 0xFF, 0xC0,
  0x7F, 0xFF, 0xC0, 0x7F, 0xFF, 0xC0, 0xFF, 0xFF, 0xC0, 0xFF, 0xFF, 0xC0,
  0xFF, 0xFF, 0xC0, 0xFF,
  0xFF, 0xC0, 0xFF, 0xFF, 0xC0, 0xFF, 0xFF, 0xC0, 0xFF, 0xFF, 0xC0, 0xFF,
  0xFF, 0xC0, 0xFF, 0xFF,
  0xC0, 0xFF, 0xFF, 0xC0, 0xFF, 0xFF, 0xC0, 0xFF, 0xFF, 0xC0, 0xFF, 0xFF,
  0xC0, 0xFF, 0xFF, 0xC0,
  0xFF, 0xFF, 0xC0, 0xFF, 0xFF, 0xC0, 0xFF, 0xFF, 0xC0, 0xFF, 0xFF, 0xC0,
  0xFF, 0xFF, 0xC0, 0xFF,
  0xFF, 0xC0, 0xFF, 0xFF, 0xC0, 0xFF, 0xFF, 0xC0, 0xFF, 0xFF, 0xC0, 0xFF,
  0xFF, 0xC0, 0xFF, 0xFF,
  0xC0, 0xFF, 0xFF, 0xC0, 0xFF, 0xFF, 0xC0, 0xFF, 0xFF, 0xC0, 0xFF, 0xFF,
  0xC0, 0xFF, 0xFF, 0xC0,
  0xFF, 0xFF, 0xC0, 0xFF, 0xFF, 0xC0, 0xFF, 0xFF, 0xC0, 0xFF, 0xFF, 0xC0,
  0xFF, 0xFF, 0xC0, 0xFF,
  0xFF, 0xC0, 0xFF, 0xFF, 0xC0, 0xFF, 0xFF, 0xC0, 0xFF, 0xFF, 0xC0, 0xFF,
  0xFF, 0xC0, 0xFF, 0xFF,
  0xC0, 0xFF, 0xFF, 0xC0, 0xFF, 0xFF, 0xC0, 0xFF, 0xFF, 0xC0, 0xFF, 0xFF,
  0xC0, 0xFF, 0xFF, 0xC0,
  0xFF, 0xFF, 0xC0, 0xFF, 0xFF, 0xC0, 0xFF, 0xFF, 0xC0, 0x7F, 0xFF, 0xC0,
  0x7F, 0xFF, 0xC0, 0x7F,
  0xFF, 0xC0, 0x7F, 0xFF, 0xC0, 0x7F, 0xFF, 0xC0, 0x7F, 0xFF, 0xE0, 0x3F,
  0xFF, 0xE0, 0x3F, 0xFF,
  0xF0, 0x1F, 0xFF, 0xF8, 0x1F, 0xFF, 0xFE, 0x1F, 0xFF, 0xFF, 0x0F, 0xFF,
  0xFF, 0x07, 0xFF, 0xFF,
  0x07, 0xFF, 0xFF, 0x03, 0xFF, 0xFF, 0x01, 0xFF, 0xFF, 0x00, 0xFF, 0xFF,
  0x00, 0x7F, 0xFF, 0x00,
  0x3F, 0xFF, 0x00, 0x1F, 0xFF, 0x00, 0x07, 0xFF, 0x00, 0x01, 0xFF, 0x00,
  0x00, 0x1F, 0xFC, 0x00,
  0x00, 0xFF, 0xC0, 0x00, 0xFF, 0xF0, 0x00, 0xFF, 0xFC, 0x00, 0xFF, 0xFE,
  0x00, 0xFF, 0xFF, 0x00,
  0xFF, 0xFF, 0x80, 0xFF, 0xFF, 0xC0, 0xFF, 0xFF, 0xE0, 0xFF, 0xFF, 0xF0,
  0xFF, 0xFF, 0xF0, 0xFF,
  0xFF, 0xF8, 0xFF, 0xFF, 0xF8, 0xFF, 0xFF, 0xF8, 0x3F, 0xFF, 0xFC, 0x0F,
  0xFF, 0xFC, 0x07, 0xFF,
  0xFC, 0x07, 0xFF, 0xFE, 0x03, 0xFF, 0xFE, 0x03, 0xFF, 0xFE, 0x03, 0xFF,
  0xFE, 0x03, 0xFF, 0xFE,
  0x03, 0xFF, 0xFE, 0x03, 0xFF, 0xFF, 0x03, 0xFF, 0xFF, 0x03, 0xFF, 0xFF,
  0x03, 0xFF, 0xFF, 0x03,
  0xFF, 0xFF, 0x03, 0xFF, 0xFF, 0x03, 0xFF, 0xFF, 0x03, 0xFF, 0xFF, 0x03,
  0xFF, 0xFF, 0x03, 0xFF,
  0xFF, 0x03, 0xFF, 0xFF, 0x03, 0xFF, 0xFF, 0x03, 0xFF, 0xFF, 0x03, 0xFF,
  0xFF, 0x03, 0xFF, 0xFF,
  0x03, 0xFF, 0xFF, 0x03, 0xFF, 0xFF, 0x03, 0xFF, 0xFF, 0x03, 0xFF, 0xFF,
  0x03, 0xFF, 0xFF, 0x03,
  0xFF, 0xFF, 0x03, 0xFF, 0xFF, 0x03, 0xFF, 0xFF, 0x03, 0xFF, 0xFF, 0x03,
  0xFF, 0xFF, 0x03, 0xFF,
  0xFF, 0x03, 0xFF, 0xFF, 0x03, 0xFF, 0xFF, 0x03, 0xFF, 0xFF, 0x03, 0xFF,
  0xFF, 0x03, 0xFF, 0xFF,
  0x03, 0xFF, 0xFF, 0x03, 0xFF, 0xFF, 0x03, 0xFF, 0xFF, 0x03, 0xFF, 0xFF,
  0x03, 0xFF, 0xFF, 0x03,
  0xFF, 0xFF, 0x03, 0xFF, 0xFF, 0x03, 0xFF, 0xFF, 0x03, 0xFF, 0xFF, 0x03,
  0xFF, 0xFF, 0x03, 0xFF,
  0xFF, 0x03, 0xFF, 0xFF, 0x03, 0xFF, 0xFF, 0x03, 0xFF, 0xFF, 0x03, 0xFF,
  0xFF, 0x03, 0xFF, 0xFF,
  0x03, 0xFF, 0xFE, 0x03, 0xFF, 0xFE, 0x03, 0xFF, 0xFE, 0x03, 0xFF, 0xFE,
  0x03, 0xFF, 0xFE, 0x03,
  0xFF, 0xFE, 0x07, 0xFF, 0xFC, 0x07, 0xFF, 0xFC, 0x0F, 0xFF, 0xFC, 0x1F,
  0xFF, 0xF8, 0x7F, 0xFF,
  0xF8, 0xFF, 0xFF, 0xF0, 0xFF, 0xFF, 0xF0, 0xFF, 0xFF, 0xE0, 0xFF, 0xFF,
  0xE0, 0xFF, 0xFF, 0xC0,
  0xFF, 0xFF, 0x80, 0xFF, 0xFF, 0x00, 0xFF, 0xFE, 0x00, 0xFF, 0xFC, 0x00,
  0xFF, 0xF8, 0x00, 0xFF,
  0xE0, 0x00, 0xFF, 0x00, 0x00, 0xF8, 0x00, 0x00, 0x00, 0x03, 0xFF, 0x80,
  0x00, 0x00, 0x03, 0xFF,
  0x80, 0x00, 0x00, 0x01, 0xFF, 0x80, 0x00, 0x00, 0x01, 0xFF, 0x80, 0x00,
  0x00, 0x01, 0xFF, 0x80,
  0x00, 0x04, 0x01, 0xFF, 0x00, 0x20, 0x0E, 0x01, 0xFF, 0x00, 0x60, 0x0F,
  0x01, 0xFF, 0x01, 0xF0,
  0x1F, 0x80, 0xFF, 0x03, 0xF0, 0x1F, 0xE0, 0xFF, 0x07, 0xF8, 0x3F, 0xF0,
  0xFF, 0x1F, 0xF8, 0x3F,
  0xF8, 0xFF, 0x3F, 0xFC, 0x7F, 0xFE, 0xFF, 0x7F, 0xFC, 0xFF, 0xFF, 0xFF,
  0xFF, 0xFE, 0xFF, 0xFF,
  0xFF, 0xFF, 0xFF, 0x7F, 0xFF, 0xFF, 0xFF, 0xFC, 0x0F, 0xFF, 0xFF, 0xFF,
  0xE0, 0x01, 0xFF, 0xFF,
  0xFF, 0x80, 0x00, 0x7F, 0xFF, 0xFC, 0x00, 0x00, 0x0F, 0xFF, 0xF0, 0x00,
  0x00, 0x1F, 0xFF, 0xF0,
  0x00, 0x00, 0x7F, 0xFF, 0xFE, 0x00, 0x03, 0xFF, 0xFF, 0xFF, 0x80, 0x0F,
  0xFF, 0xFF, 0xFF, 0xE0,
  0x3F, 0xFF, 0xFF, 0xFF, 0xFC, 0xFF, 0xFF, 0xFF, 0xFF, 0xFF, 0xFF, 0xFF,
  0xFE, 0xFF, 0xFE, 0x7F,
  0xFC, 0xFF, 0x7F, 0xFC, 0x3F, 0xF8, 0xFF, 0x3F, 0xFC, 0x3F, 0xF0, 0xFF,
  0x0F, 0xF8, 0x1F, 0xC0,
  0xFF, 0x07, 0xF8, 0x1F, 0x81, 0xFF, 0x03, 0xF0, 0x0F, 0x01, 0xFF, 0x01,
  0xF0, 0x0E, 0x01, 0xFF,
  0x00, 0x60, 0x04, 0x01, 0xFF, 0x00, 0x20, 0x00, 0x01, 0xFF, 0x80, 0x00,
  0x00, 0x01, 0xFF, 0x80,
  0x00, 0x00, 0x01, 0xFF, 0x80, 0x00, 0x00, 0x03, 0xFF, 0x80, 0x00, 0x00,
  0x03, 0xFF, 0x80, 0x00,
  0x00, 0x3F, 0xF8, 0x00, 0x00, 0xFF, 0xE0, 0x00, 0x03, 0xFF, 0x80, 0x00,
  0x0F, 0xFE, 0x00, 0x00,
  0x3F, 0xF8, 0x00, 0x00, 0xFF, 0xE0, 0x00, 0x03, 0xFF, 0x80, 0x00, 0x0F,
  0xFE, 0x00, 0x00, 0x3F,
  0xF8, 0x03, 0xFF, 0xFF, 0xFF, 0xFF, 0xFF, 0xFF, 0xFF, 0xFF, 0xFF, 0xFF,
  0xFF, 0xFF, 0xFF, 0xFF,
  0xFF, 0xFF, 0xFF, 0xFF, 0xFF, 0xFF, 0xFF, 0xFF, 0xFF, 0xFF, 0xFF, 0xFF,
  0xFF, 0xFF, 0xFF, 0xFF,
  0xFF, 0xFF, 0xFF, 0xFF, 0xFF, 0xFF, 0xFF, 0xFF, 0xFF, 0xFF, 0xFF, 0x00,
  0x3F, 0xF8, 0x00, 0x00,
  0xFF, 0xE0, 0x00, 0x03, 0xFF, 0x80, 0x00, 0x0F, 0xFE, 0x00, 0x00, 0x3F,
  0xF8, 0x00, 0x00, 0xFF,
  0xE0, 0x00, 0x03, 0xFF, 0x80, 0x00, 0x0F, 0xFE, 0x00, 0x00, 0x3F, 0xF8,
  0x00, 0x00, 0xFF, 0xE0,
  0x00, 0xFF, 0xFF, 0xFF, 0xFF, 0xFF, 0xFF, 0xFF, 0xFF, 0xFF, 0xFF, 0xFF,
  0xFF, 0xFF, 0xFF, 0xFF,
  0xFF, 0xFF, 0xFF, 0xFF, 0xFF, 0xFF, 0xFF, 0xFF, 0xFF, 0xFF, 0xFF, 0xFF,
  0xFF, 0xFF, 0xFC, 0x1F,
  0xFE, 0x0F, 0xFE, 0x07, 0xFF, 0x03, 0xFF, 0x83, 0xFF, 0x81, 0xFF, 0xC0,
  0xFF, 0xC0, 0x7F, 0xE0,
  0x7F, 0xF0, 0x3F, 0xF0, 0x1F, 0xF8, 0x1F, 0xFC, 0x00, 0xFF, 0xFF, 0xFF,
  0xFF, 0xFF, 0xFF, 0xFF,
  0xFF, 0xFF, 0xFF, 0xFF, 0xFF, 0xFF, 0xFF, 0xFF, 0xFF, 0xFF, 0xFF, 0xFF,
  0xFF, 0xFF, 0xFF, 0xFF,
  0xFF, 0xFF, 0xFF, 0xFF, 0xFF, 0xFF, 0xFF, 0xFF, 0xFF, 0xFF, 0xFF, 0xFF,
  0xFF, 0xFF, 0xFF, 0xFF,
  0xFF, 0xFF, 0xFF, 0xFF, 0xFF, 0xFF, 0xFF, 0xFF, 0xFF, 0xFF, 0xFF, 0xFF,
  0xFF, 0xFF, 0xFF, 0xFF,
  0xFF, 0xFF, 0xFF, 0xFF, 0xFF, 0xFF, 0x00, 0x00, 0x1F, 0xFF, 0xF8, 0x00,
  0x00, 0xFF, 0xFF, 0x80,
  0x00, 0x07, 0xFF, 0xFC, 0x00, 0x00, 0x3F, 0xFF, 0xE0, 0x00, 0x01, 0xFF,
  0xFF, 0x00, 0x00, 0x1F,
  0xFF, 0xF0, 0x00, 0x00, 0xFF, 0xFF, 0x80, 0x00, 0x07, 0xFF, 0xFC, 0x00,
  0x00, 0x3F, 0xFF, 0xE0,
  0x00, 0x03, 0xFF, 0xFE, 0x00, 0x00, 0x1F, 0xFF, 0xF0, 0x00, 0x00, 0xFF,
  0xFF, 0x80, 0x00, 0x07,
  0xFF, 0xFC, 0x00, 0x00, 0x7F, 0xFF, 0xC0, 0x00, 0x03, 0xFF, 0xFE, 0x00,
  0x00, 0x1F, 0xFF, 0xF0,
  0x00, 0x00, 0xFF, 0xFF, 0x80, 0x00, 0x0F, 0xFF, 0xFC, 0x00, 0x00, 0x7F,
  0xFF, 0xC0, 0x00, 0x03,
  0xFF, 0xFE, 0x00, 0x00, 0x1F, 0xFF, 0xF0, 0x00, 0x00, 0xFF, 0xFF, 0x80,
  0x00, 0x0F, 0xFF, 0xF8,
  0x00, 0x00, 0x7F, 0xFF, 0xC0, 0x00, 0x03, 0xFF, 0xFE, 0x00, 0x00, 0x1F,
  0xFF, 0xF0, 0x00, 0x01,
  0xFF, 0xFF, 0x00, 0x00, 0x0F, 0xFF, 0xF8, 0x00, 0x00, 0x7F, 0xFF, 0xC0,
  0x00, 0x03, 0xFF, 0xFE,
  0x00, 0x00, 0x3F, 0xFF, 0xE0, 0x00, 0x01, 0xFF, 0xFF, 0x00, 0x00, 0x0F,
  0xFF, 0xF8, 0x00, 0x00,
  0x7F, 0xFF, 0xC0, 0x00, 0x07, 0xFF, 0xFE, 0x00, 0x00, 0x3F, 0xFF, 0xE0,
  0x00, 0x01, 0xFF, 0xFF,
  0x00, 0x00, 0x0F, 0xFF, 0xF8, 0x00, 0x00, 0x7F, 0xFF, 0xC0, 0x00, 0x07,
  0xFF, 0xFC, 0x00, 0x00,
  0x3F, 0xFF, 0xE0, 0x00, 0x01, 0xFF, 0xFF, 0x00, 0x00, 0x0F, 0xFF, 0xF8,
  0x00, 0x00, 0xFF, 0xFF,
  0x80, 0x00, 0x07, 0xFF, 0xFC, 0x00, 0x00, 0x3F, 0xFF, 0xE0, 0x00, 0x01,
  0xFF, 0xFF, 0x00, 0x00,
  0x1F, 0xFF, 0xF0, 0x00, 0x00, 0xFF, 0xFF, 0x80, 0x00, 0x07, 0xFF, 0xFC,
  0x00, 0x00, 0x3F, 0xFF,
  0xE0, 0x00, 0x03, 0xFF, 0xFF, 0x00, 0x00, 0x1F, 0xFF, 0xF0, 0x00, 0x00,
  0xFF, 0xFF, 0x80, 0x00,
  0x07, 0xFF, 0xFC, 0x00, 0x00, 0x3F, 0xFF, 0xE0, 0x00, 0x03, 0xFF, 0xFE,
  0x00, 0x00, 0x1F, 0xFF,
  0xF0, 0x00, 0x00, 0xFF, 0xFF, 0x80, 0x00, 0x07, 0xFF, 0xFC, 0x00, 0x00,
  0x7F, 0xFF, 0xC0, 0x00,
  0x03, 0xFF, 0xFE, 0x00, 0x00, 0x1F, 0xFF, 0xF0, 0x00, 0x00, 0xFF, 0xFF,
  0x80, 0x00, 0x0F, 0xFF,
  0xFC, 0x00, 0x00, 0x7F, 0xFF, 0xC0, 0x00, 0x03, 0xFF, 0xFE, 0x00, 0x00,
  0x1F, 0xFF, 0xF0, 0x00,
  0x00, 0xFF, 0xFF, 0x80, 0x00, 0x0F, 0xFF, 0xF8, 0x00, 0x00, 0x7F, 0xFF,
  0xC0, 0x00, 0x03, 0xFF,
  0xFE, 0x00, 0x00, 0x1F, 0xFF, 0xF0, 0x00, 0x01, 0xFF, 0xFF, 0x00, 0x00,
  0x0F, 0xFF, 0xF8, 0x00,
  0x00, 0x7F, 0xFF, 0xC0, 0x00, 0x03, 0xFF, 0xFE, 0x00, 0x00, 0x3F, 0xFF,
  0xE0, 0x00, 0x01, 0xFF,
  0xFF, 0x00, 0x00, 0x0F, 0xFF, 0xF8, 0x00, 0x00, 0x7F, 0xFF, 0xC0, 0x00,
  0x07, 0xFF, 0xFE, 0x00,
  0x00, 0x00, 0x00, 0x00, 0xFF, 0xF0, 0x00, 0x00, 0x00, 0xFF, 0xFF, 0xE0,
  0x00, 0x00, 0x3F, 0xFF,
  0xFF, 0x80, 0x00, 0x0F, 0xFF, 0xFF, 0xFE, 0x00, 0x01, 0xFF, 0xFF, 0xFF,
  0xF0, 0x00, 0x3F, 0xFF,
  0xFF, 0xFF, 0xC0, 0x07, 0xFF, 0xFF, 0xFF, 0xFC, 0x00, 0xFF, 0xFF, 0xFF,
  0xFF, 0xE0, 0x0F, 0xFF,
  0xFF, 0xFF, 0xFF, 0x01, 0xFF, 0xFF, 0xFF, 0xFF, 0xF0, 0x3F, 0xFF, 0xFF,
  0xFF, 0xFF, 0x83, 0xFF,
  0xFF, 0xFF, 0xFF, 0xF8, 0x3F, 0xFF, 0xFF, 0xFF, 0xFF, 0xC7, 0xFF, 0xFF,
  0xFF, 0xFF, 0xFC, 0x7F,
  0xFF, 0xFF, 0xFF, 0xFF, 0xC7, 0xFF, 0xFF, 0x0F, 0xFF, 0xFE, 0x7F, 0xFF,
  0xE0, 0x7F, 0xFF, 0xEF,
  0xFF, 0xFC, 0x07, 0xFF, 0xFE, 0xFF, 0xFF, 0xC0, 0x7F, 0xFF, 0xEF, 0xFF,
  0xFC, 0x03, 0xFF, 0xFE,
  0xFF, 0xFF, 0xC0, 0x3F, 0xFF, 0xEF, 0xFF, 0xFC, 0x03, 0xFF, 0xFE, 0xFF,
  0xFF, 0xC0, 0x3F, 0xFF,
  0xFF, 0xFF, 0xFC, 0x03, 0xFF, 0xFF, 0xFF, 0xFF, 0xC0, 0x3F, 0xFF, 0xFF,
  0xFF, 0xFC, 0x03, 0xFF,
  0xFF, 0xFF, 0xFF, 0xC0, 0x3F, 0xFF, 0xFF, 0xFF, 0xFC, 0x03, 0xFF, 0xFF,
  0xFF, 0xFF, 0xC0, 0x3F,
  0xFF, 0xFF, 0xFF, 0xFC, 0x03, 0xFF, 0xFF, 0xFF, 0xFF, 0xC0, 0x3F, 0xFF,
  0xFF, 0xFF, 0xFC, 0x03,
  0xFF, 0xFF, 0xFF, 0xFF, 0xC0, 0x3F, 0xFF, 0xFF, 0xFF, 0xFC, 0x03, 0xFF,
  0xFF, 0xFF, 0xFF, 0xC0,
  0x3F, 0xFF, 0xFF, 0xFF, 0xFC, 0x03, 0xFF, 0xFF, 0xFF, 0xFF, 0xC0, 0x3F,
  0xFF, 0xFF, 0xFF, 0xFC,
  0x03, 0xFF, 0xFF, 0xFF, 0xFF, 0xC0, 0x3F, 0xFF, 0xFF, 0xFF, 0xFC, 0x03,
  0xFF, 0xFF, 0xFF, 0xFF,
  0xC0, 0x3F, 0xFF, 0xFF, 0xFF, 0xFC, 0x03, 0xFF, 0xFF, 0xFF, 0xFF, 0xC0,
  0x3F, 0xFF, 0xFF, 0xFF,
  0xFC, 0x03, 0xFF, 0xFF, 0xFF, 0xFF, 0xC0, 0x3F, 0xFF, 0xFF, 0xFF, 0xFC,
  0x03, 0xFF, 0xFF, 0xFF,
  0xFF, 0xC0, 0x3F, 0xFF, 0xFF, 0xFF, 0xFC, 0x03, 0xFF, 0xFF, 0xFF, 0xFF,
  0xC0, 0x3F, 0xFF, 0xFF,
  0xFF, 0xFC, 0x03, 0xFF, 0xFF, 0xFF, 0xFF, 0xC0, 0x3F, 0xFF, 0xFF, 0xFF,
  0xFC, 0x03, 0xFF, 0xFF,
  0xFF, 0xFF, 0xC0, 0x3F, 0xFF, 0xFF, 0xFF, 0xFC, 0x03, 0xFF, 0xFF, 0xFF,
  0xFF, 0xC0, 0x3F, 0xFF,
  0xFF, 0xFF, 0xFC, 0x03, 0xFF, 0xFF, 0xFF, 0xFF, 0xC0, 0x3F, 0xFF, 0xFF,
  0xFF, 0xFC, 0x03, 0xFF,
  0xFF, 0xFF, 0xFF, 0xC0, 0x3F, 0xFF, 0xFF, 0xFF, 0xFC, 0x03, 0xFF, 0xFF,
  0xFF, 0xFF, 0xC0, 0x3F,
  0xFF, 0xFF, 0xFF, 0xFC, 0x03, 0xFF, 0xFF, 0xFF, 0xFF, 0xC0, 0x3F, 0xFF,
  0xFF, 0xFF, 0xFC, 0x03,
  0xFF, 0xFE, 0xFF, 0xFF, 0xC0, 0x3F, 0xFF, 0xEF, 0xFF, 0xFC, 0x07, 0xFF,
  0xFE, 0xFF, 0xFF, 0xC0,
  0x7F, 0xFF, 0xEF, 0xFF, 0xFE, 0x07, 0xFF, 0xFE, 0x7F, 0xFF, 0xF1, 0xFF,
  0xFF, 0xE7, 0xFF, 0xFF,
  0xFF, 0xFF, 0xFE, 0x7F, 0xFF, 0xFF, 0xFF, 0xFF, 0xC7, 0xFF, 0xFF, 0xFF,
  0xFF, 0xFC, 0x3F, 0xFF,
  0xFF, 0xFF, 0xFF, 0xC3, 0xFF, 0xFF, 0xFF, 0xFF, 0xF8, 0x1F, 0xFF, 0xFF,
  0xFF, 0xFF, 0x81, 0xFF,
  0xFF, 0xFF, 0xFF, 0xF0, 0x0F, 0xFF, 0xFF, 0xFF, 0xFE, 0x00, 0x7F, 0xFF,
  0xFF, 0xFF, 0xC0, 0x03,
  0xFF, 0xFF, 0xFF, 0xF8, 0x00, 0x1F, 0xFF, 0xFF, 0xFF, 0x00, 0x00, 0xFF,
  0xFF, 0xFF, 0xE0, 0x00,
  0x03, 0xFF, 0xFF, 0xF8, 0x00, 0x00, 0x0F, 0xFF, 0xFE, 0x00, 0x00, 0x00,
  0x0F, 0xFE, 0x00, 0x00,
  0x00, 0x03, 0xFF, 0xF0, 0x00, 0x3F, 0xFF, 0x00, 0x07, 0xFF, 0xF0, 0x00,
  0x7F, 0xFF, 0x00, 0x0F,
  0xFF, 0xF0, 0x01, 0xFF, 0xFF, 0x00, 0x7F, 0xFF, 0xF0, 0x0F, 0xFF, 0xFF,
  0x03, 0xFF, 0xFF, 0xF0,
  0xFF, 0xFF, 0xFF, 0xFF, 0xFF, 0xFF, 0xFF, 0xFF, 0xFF, 0xFF, 0xFF, 0xFF,
  0xFF, 0xFF, 0xFF, 0xFF,
  0xFF, 0xFF, 0xFF, 0xFF, 0xFF, 0xFF, 0xFF, 0xFF, 0xFF, 0xFF, 0xFF, 0xFF,
  0xFF, 0xFF, 0xFF, 0xFF,
  0xFF, 0xFF, 0xFF, 0xFF, 0xFF, 0xFF, 0xFF, 0xBF, 0xFF, 0xFF, 0xE3, 0xFF,
  0xFF, 0xF8, 0x3F, 0xFF,
  0xF0, 0x03, 0xFF, 0xFF, 0x00, 0x3F, 0xFF, 0xF0, 0x03, 0xFF, 0xFF, 0x00,
  0x3F, 0xFF, 0xF0, 0x03,
  0xFF, 0xFF, 0x00, 0x3F, 0xFF, 0xF0, 0x03, 0xFF, 0xFF, 0x00, 0x3F, 0xFF,
  0xF0, 0x03, 0xFF, 0xFF,
  0x00, 0x3F, 0xFF, 0xF0, 0x03, 0xFF, 0xFF, 0x00, 0x3F, 0xFF, 0xF0, 0x03,
  0xFF, 0xFF, 0x00, 0x3F,
  0xFF, 0xF0, 0x03, 0xFF, 0xFF, 0x00, 0x3F, 0xFF, 0xF0, 0x03, 0xFF, 0xFF,
  0x00, 0x3F, 0xFF, 0xF0,
  0x03, 0xFF, 0xFF, 0x00, 0x3F, 0xFF, 0xF0, 0x03, 0xFF, 0xFF, 0x00, 0x3F,
  0xFF, 0xF0, 0x03, 0xFF,
  0xFF, 0x00, 0x3F, 0xFF, 0xF0, 0x03, 0xFF, 0xFF, 0x00, 0x3F, 0xFF, 0xF0,
  0x03, 0xFF, 0xFF, 0x00,
  0x3F, 0xFF, 0xF0, 0x03, 0xFF, 0xFF, 0x00, 0x3F, 0xFF, 0xF0, 0x03, 0xFF,
  0xFF, 0x00, 0x3F, 0xFF,
  0xF0, 0x03, 0xFF, 0xFF, 0x00, 0x3F, 0xFF, 0xF0, 0x03, 0xFF, 0xFF, 0x00,
  0x3F, 0xFF, 0xF0, 0x03,
  0xFF, 0xFF, 0x00, 0x3F, 0xFF, 0xF0, 0x03, 0xFF, 0xFF, 0x00, 0x3F, 0xFF,
  0xF0, 0x03, 0xFF, 0xFF,
  0x00, 0x3F, 0xFF, 0xF0, 0x03, 0xFF, 0xFF, 0x00, 0x3F, 0xFF, 0xF0, 0x03,
  0xFF, 0xFF, 0x00, 0x3F,
  0xFF, 0xF0, 0x03, 0xFF, 0xFF, 0x00, 0x3F, 0xFF, 0xF0, 0x03, 0xFF, 0xFF,
  0x00, 0x3F, 0xFF, 0xF0,
  0x03, 0xFF, 0xFF, 0x00, 0x3F, 0xFF, 0xF0, 0x03, 0xFF, 0xFF, 0x00, 0x3F,
  0xFF, 0xF0, 0x03, 0xFF,
  0xFF, 0x00, 0x3F, 0xFF, 0xF0, 0x03, 0xFF, 0xFF, 0x00, 0x3F, 0xFF, 0xF0,
  0x03, 0xFF, 0xFF, 0x00,
  0x01, 0xFF, 0xE0, 0x00, 0x00, 0x01, 0xFF, 0xFF, 0xC0, 0x00, 0x01, 0xFF,
  0xFF, 0xFE, 0x00, 0x00,
  0x7F, 0xFF, 0xFF, 0xF0, 0x00, 0x3F, 0xFF, 0xFF, 0xFF, 0x00, 0x0F, 0xFF,
  0xFF, 0xFF, 0xF0, 0x01,
  0xFF, 0xFF, 0xFF, 0xFF, 0x00, 0x7F, 0xFF, 0xFF, 0xFF, 0xF0, 0x1F, 0xFF,
  0xFF, 0xFF, 0xFF, 0x03,
  0xFF, 0xFF, 0xFF, 0xFF, 0xE0, 0xFF, 0xFF, 0xFF, 0xFF, 0xFE, 0x1F, 0xFF,
  0xFF, 0xFF, 0xFF, 0xC3,
  0xFF, 0xFF, 0xFF, 0xFF, 0xFC, 0xFF, 0xFF, 0xFF, 0xFF, 0xFF, 0x9F, 0xFF,
  0xFF, 0xFF, 0xFF, 0xF3,
  0xFF, 0xFF, 0x07, 0xFF, 0xFF, 0x7F, 0xFF, 0xC0, 0x7F, 0xFF, 0xFF, 0xFF,
  0xF8, 0x0F, 0xFF, 0xFF,
  0xFF, 0xFF, 0x01, 0xFF, 0xFF, 0xFF, 0xFF, 0xC0, 0x1F, 0xFF, 0xFF, 0xFF,
  0xF8, 0x03, 0xFF, 0xFF,
  0xFF, 0xFF, 0x00, 0x7F, 0xFF, 0xFF, 0xFF, 0xE0, 0x0F, 0xFF, 0xFF, 0xFF,
  0xFC, 0x01, 0xFF, 0xFF,
  0xFF, 0xFF, 0x80, 0x3F, 0xFF, 0xFF, 0xFF, 0xF0, 0x07, 0xFF, 0xFF, 0xFF,
  0xFE, 0x00, 0xFF, 0xFF,
  0xFF, 0xFF, 0xC0, 0x3F, 0xFF, 0xFF, 0xFF, 0xF8, 0x07, 0xFF, 0xFF, 0xFF,
  0xFF, 0x00, 0xFF, 0xFF,
  0xFF, 0xFF, 0xE0, 0x1F, 0xFF, 0xF7, 0xFF, 0xFC, 0x07, 0xFF, 0xFE, 0x00,
  0x00, 0x00, 0xFF, 0xFF,
  0xC0, 0x00, 0x00, 0x1F, 0xFF, 0xF8, 0x00, 0x00, 0x07, 0xFF, 0xFE, 0x00,
  0x00, 0x00, 0xFF, 0xFF,
  0xC0, 0x00, 0x00, 0x3F, 0xFF, 0xF8, 0x00, 0x00, 0x07, 0xFF, 0xFE, 0x00,
  0x00, 0x01, 0xFF, 0xFF,
  0xC0, 0x00, 0x00, 0x3F, 0xFF, 0xF0, 0x00, 0x00, 0x0F, 0xFF, 0xFE, 0x00,
  0x00, 0x03, 0xFF, 0xFF,
  0x80, 0x00, 0x00, 0x7F, 0xFF, 0xE0, 0x00, 0x00, 0x1F, 0xFF, 0xFC, 0x00,
  0x00, 0x07, 0xFF, 0xFF,
  0x00, 0x00, 0x01, 0xFF, 0xFF, 0xC0, 0x00, 0x00, 0x3F, 0xFF, 0xF8, 0x00,
  0x00, 0x0F, 0xFF, 0xFE,
  0x00, 0x00, 0x03, 0xFF, 0xFF, 0x80, 0x00, 0x00, 0xFF, 0xFF, 0xE0, 0x00,
  0x00, 0x1F, 0xFF, 0xFC,
  0x00, 0x00, 0x07, 0xFF, 0xFF, 0x00, 0x00, 0x01, 0xFF, 0xFF, 0xC0, 0x00,
  0x00, 0x7F, 0xFF, 0xF0,
  0x00, 0x00, 0x1F, 0xFF, 0xFC, 0x00, 0x00, 0x03, 0xFF, 0xFF, 0x00, 0x00,
  0x00, 0xFF, 0xFF, 0xE0,
  0x00, 0x00, 0x3F, 0xFF, 0xF8, 0x00, 0x00, 0x0F, 0xFF, 0xFE, 0x00, 0x00,
  0x01, 0xFF, 0xFF, 0x80,
  0x00, 0x00, 0x7F, 0xFF, 0xE0, 0x00, 0x00, 0x1F, 0xFF, 0xFC, 0x00, 0x00,
  0x03, 0xFF, 0xFF, 0x00,
  0x00, 0x00, 0xFF, 0xFF, 0xE0, 0x00, 0x00, 0x1F, 0xFF, 0xF8, 0x00, 0x00,
  0x07, 0xFF, 0xFE, 0x00,
  0x00, 0x00, 0xFF, 0xFF, 0xFF, 0xFF, 0xFF, 0x9F, 0xFF, 0xFF, 0xFF, 0xFF,
  0xF7, 0xFF, 0xFF, 0xFF,
  0xFF, 0xFE, 0xFF, 0xFF, 0xFF, 0xFF, 0xFF, 0xDF, 0xFF, 0xFF, 0xFF, 0xFF,
  0xFB, 0xFF, 0xFF, 0xFF,
  0xFF, 0xFF, 0xFF, 0xFF, 0xFF, 0xFF, 0xFF, 0xFF, 0xFF, 0xFF, 0xFF, 0xFF,
  0xFF, 0xFF, 0xFF, 0xFF,
  0xFF, 0xFF, 0xFF, 0xFF, 0xFF, 0xFF, 0xFF, 0xFF, 0xFF, 0xFF, 0xFF, 0xFF,
  0xFF, 0xFF, 0xFF, 0xFF,
  0xFF, 0xFF, 0xFF, 0xFF, 0xFF, 0xFF, 0xFF, 0xFF, 0xFF, 0xFF, 0xFF, 0xFF,
  0xFF, 0xFF, 0xFF, 0xFF,
  0xFF, 0xFF, 0xFF, 0xFF, 0xFF, 0xFF, 0xFF, 0xFC, 0x00, 0x00, 0xFF, 0xF0,
  0x00, 0x00, 0x01, 0xFF,
  0xFF, 0xC0, 0x00, 0x01, 0xFF, 0xFF, 0xFF, 0x00, 0x00, 0x7F, 0xFF, 0xFF,
  0xF0, 0x00, 0x3F, 0xFF,
  0xFF, 0xFF, 0x80, 0x0F, 0xFF, 0xFF, 0xFF, 0xF8, 0x03, 0xFF, 0xFF, 0xFF,
  0xFF, 0x80, 0x7F, 0xFF,
  0xFF, 0xFF, 0xF0, 0x1F, 0xFF, 0xFF, 0xFF, 0xFF, 0x03, 0xFF, 0xFF, 0xFF,
  0xFF, 0xE0, 0xFF, 0xFF,
  0xFF, 0xFF, 0xFE, 0x1F, 0xFF, 0xFF, 0xFF, 0xFF, 0xC7, 0xFF, 0xFF, 0xFF,
  0xFF, 0xFC, 0xFF, 0xFF,
  0xFF, 0xFF, 0xFF, 0x9F, 0xFF, 0xFF, 0xFF, 0xFF, 0xF3, 0xFF, 0xFF, 0x87,
  0xFF, 0xFE, 0x7F, 0xFF,
  0xE0, 0x7F, 0xFF, 0xDF, 0xFF, 0xF8, 0x0F, 0xFF, 0xFF, 0xFF, 0xFF, 0x00,
  0xFF, 0xFF, 0xFF, 0xFF,
  0xE0, 0x1F, 0xFF, 0xFF, 0xFF, 0xF8, 0x03, 0xFF, 0xFF, 0xFF, 0xFF, 0x00,
  0x7F, 0xFF, 0xFF, 0xFF,
  0xE0, 0x0F, 0xFF, 0xFF, 0xFF, 0xFC, 0x01, 0xFF, 0xFF, 0xFF, 0xFF, 0x80,
  0x3F, 0xFF, 0xE0, 0x00,
  0x00, 0x0F, 0xFF, 0xFC, 0x00, 0x00, 0x01, 0xFF, 0xFF, 0x80, 0x00, 0x00,
  0x7F, 0xFF, 0xE0, 0x00,
  0x00, 0x1F, 0xFF, 0xFC, 0x00, 0x00, 0x0F, 0xFF, 0xFF, 0x80, 0x00, 0x1F,
  0xFF, 0xFF, 0xF0, 0x00,
  0x03, 0xFF, 0xFF, 0xFC, 0x00, 0x00, 0x7F, 0xFF, 0xFF, 0x80, 0x00, 0x0F,
  0xFF, 0xFF, 0xE0, 0x00,
  0x01, 0xFF, 0xFF, 0xF8, 0x00, 0x00, 0x3F, 0xFF, 0xFE, 0x00, 0x00, 0x07,
  0xFF, 0xFF, 0x80, 0x00,
  0x00, 0xFF, 0xFF, 0xE0, 0x00, 0x00, 0x1F, 0xFF, 0xFE, 0x00, 0x00, 0x03,
  0xFF, 0xFF, 0xF0, 0x00,
  0x00, 0x7F, 0xFF, 0xFF, 0x00, 0x00, 0x0F, 0xFF, 0xFF, 0xE0, 0x00, 0x01,
  0xFF, 0xFF, 0xFE, 0x00,
  0x00, 0x3F, 0xFF, 0xFF, 0xC0, 0x00, 0x07, 0xFF, 0xFF, 0xFC, 0x00, 0x00,
  0x07, 0xFF, 0xFF, 0x80,
  0x00, 0x00, 0x7F, 0xFF, 0xF0, 0x00, 0x00, 0x07, 0xFF, 0xFE, 0x00, 0x00,
  0x00, 0xFF, 0xFF, 0xE0,
  0x00, 0x00, 0x0F, 0xFF, 0xFC, 0x00, 0x00, 0x01, 0xFF, 0xFF, 0x80, 0x00,
  0x00, 0x3F, 0xFF, 0xFF,
  0xFF, 0xF8, 0x03, 0xFF, 0xFF, 0xFF, 0xFF, 0x00, 0x7F, 0xFF, 0xFF, 0xFF,
  0xE0, 0x0F, 0xFF, 0xFF,
  0xFF, 0xFC, 0x01, 0xFF, 0xFF, 0xFF, 0xFF, 0x80, 0x3F, 0xFF, 0xFF, 0xFF,
  0xF0, 0x07, 0xFF, 0xFF,
  0xFF, 0xFE, 0x00, 0xFF, 0xFF, 0xFF, 0xFF, 0xC0, 0x1F, 0xFF, 0xFF, 0xFF,
  0xF8, 0x03, 0xFF, 0xFF,
  0xFF, 0xFF, 0x00, 0x7F, 0xFF, 0xFF, 0xFF, 0xE0, 0x0F, 0xFF, 0xFF, 0xFF,
  0xFC, 0x03, 0xFF, 0xFF,
  0xFF, 0xFF, 0x80, 0x7F, 0xFF, 0xFF, 0xFF, 0xF0, 0x0F, 0xFF, 0xFB, 0xFF,
  0xFF, 0x03, 0xFF, 0xFF,
  0x7F, 0xFF, 0xF0, 0xFF, 0xFF, 0xE7, 0xFF, 0xFF, 0xFF, 0xFF, 0xFC, 0xFF,
  0xFF, 0xFF, 0xFF, 0xFF,
  0x1F, 0xFF, 0xFF, 0xFF, 0xFF, 0xE3, 0xFF, 0xFF, 0xFF, 0xFF, 0xFC, 0x3F,
  0xFF, 0xFF, 0xFF, 0xFF,
  0x07, 0xFF, 0xFF, 0xFF, 0xFF, 0xE0, 0x7F, 0xFF, 0xFF, 0xFF, 0xF8, 0x0F,
  0xFF, 0xFF, 0xFF, 0xFF,
  0x00, 0xFF, 0xFF, 0xFF, 0xFF, 0xC0, 0x0F, 0xFF, 0xFF, 0xFF, 0xF0, 0x00,
  0xFF, 0xFF, 0xFF, 0xFC,
  0x00, 0x0F, 0xFF, 0xFF, 0xFE, 0x00, 0x00, 0x7F, 0xFF, 0xFF, 0x80, 0x00,
  0x03, 0xFF, 0xFF, 0x80,
  0x00, 0x00, 0x07, 0xFF, 0x80, 0x00, 0x00, 0x00, 0x01, 0xFF, 0xFF, 0xFF,
  0x80, 0x00, 0x07, 0xFF,
  0xFF, 0xFE, 0x00, 0x00, 0x1F, 0xFF, 0xFF, 0xF8, 0x00, 0x00, 0xFF, 0xFF,
  0xFF, 0xE0, 0x00, 0x03,
  0xFF, 0xFF, 0xFF, 0x80, 0x00, 0x0F, 0xFF, 0xFF, 0xFE, 0x00, 0x00, 0x3F,
  0xFF, 0xFF, 0xF8, 0x00,
  0x01, 0xFF, 0xFF, 0xFF, 0xE0, 0x00, 0x07, 0xFF, 0xFF, 0xFF, 0x80, 0x00,
  0x1F, 0xFF, 0xFF, 0xFE,
  0x00, 0x00, 0x7F, 0xFF, 0xFF, 0xF8, 0x00, 0x03, 0xFF, 0xFF, 0xFF, 0xE0,
  0x00, 0x0F, 0xFF, 0xFF,
  0xFF, 0x80, 0x00, 0x3F, 0xFF, 0xFF, 0xFE, 0x00, 0x01, 0xFF, 0xFF, 0xFF,
  0xF8, 0x00, 0x07, 0xFF,
  0xFF, 0xFF, 0xE0, 0x00, 0x1F, 0xFF, 0xFF, 0xFF, 0x80, 0x00, 0x7F, 0xFF,
  0xFF, 0xFE, 0x00, 0x03,
  0xFF, 0xEF, 0xFF, 0xF8, 0x00, 0x0F, 0xFF, 0xBF, 0xFF, 0xE0, 0x00, 0x3F,
  0xFE, 0xFF, 0xFF, 0x80,
  0x01, 0xFF, 0xFB, 0xFF, 0xFE, 0x00, 0x07, 0xFF, 0xCF, 0xFF, 0xF8, 0x00,
  0x1F, 0xFF, 0x3F, 0xFF,
  0xE0, 0x00, 0x7F, 0xFC, 0xFF, 0xFF, 0x80, 0x03, 0xFF, 0xF3, 0xFF, 0xFE,
  0x00, 0x0F, 0xFF, 0x8F,
  0xFF, 0xF8, 0x00, 0x3F, 0xFE, 0x3F, 0xFF, 0xE0, 0x01, 0xFF, 0xF8, 0xFF,
  0xFF, 0x80, 0x07, 0xFF,
  0xE3, 0xFF, 0xFE, 0x00, 0x1F, 0xFF, 0x0F, 0xFF, 0xF8, 0x00, 0x7F, 0xFC,
  0x3F, 0xFF, 0xE0, 0x03,
  0xFF, 0xF0, 0xFF, 0xFF, 0x80, 0x0F, 0xFF, 0xC3, 0xFF, 0xFE, 0x00, 0x3F,
  0xFE, 0x0F, 0xFF, 0xF8,
  0x00, 0xFF, 0xF8, 0x3F, 0xFF, 0xE0, 0x07, 0xFF, 0xE0, 0xFF, 0xFF, 0x80,
  0x1F, 0xFF, 0x83, 0xFF,
  0xFE, 0x00, 0x7F, 0xFE, 0x0F, 0xFF, 0xF8, 0x03, 0xFF, 0xF0, 0x3F, 0xFF,
  0xE0, 0x0F, 0xFF, 0xC0,
  0xFF, 0xFF, 0x80, 0x3F, 0xFF, 0x03, 0xFF, 0xFE, 0x00, 0xFF, 0xFC, 0x0F,
  0xFF, 0xF8, 0x07, 0xFF,
  0xE0, 0x3F, 0xFF, 0xE0, 0x1F, 0xFF, 0x80, 0xFF, 0xFF, 0x80, 0x7F, 0xFE,
  0x03, 0xFF, 0xFE, 0x03,
  0xFF, 0xF8, 0x0F, 0xFF, 0xF8, 0x0F, 0xFF, 0xC0, 0x3F, 0xFF, 0xE0, 0x3F,
  0xFF, 0x00, 0xFF, 0xFF,
  0x80, 0xFF, 0xFC, 0x03, 0xFF, 0xFE, 0x07, 0xFF, 0xF0, 0x0F, 0xFF, 0xF8,
  0x1F, 0xFF, 0x80, 0x3F,
  0xFF, 0xE0, 0x7F, 0xFE, 0x00, 0xFF, 0xFF, 0x81, 0xFF, 0xF8, 0x03, 0xFF,
  0xFE, 0x0F, 0xFF, 0xE0,
  0x0F, 0xFF, 0xF8, 0x3F, 0xFF, 0xFF, 0xFF, 0xFF, 0xFF, 0xFF, 0xFF, 0xFF,
  0xFF, 0xFF, 0xFF, 0xFF,
  0xFF, 0xFF, 0xFF, 0xFF, 0xFF, 0xFF, 0xFF, 0xFF, 0xFF, 0xFF, 0xFF, 0xFF,
  0xFF, 0xFF, 0xFF, 0xFF,
  0xFF, 0xFF, 0xFF, 0xFF, 0xFF, 0xFF, 0xFF, 0xFF, 0xFF, 0xFF, 0xFF, 0xFF,
  0xFF, 0xFF, 0xFF, 0xFF,
  0xFF, 0xFF, 0xFF, 0xFF, 0xFF, 0xFF, 0xFF, 0xFF, 0xFF, 0xFF, 0xFF, 0xFF,
  0xFF, 0xFF, 0xFF, 0xFF,
  0xFF, 0xFF, 0xFF, 0xFF, 0xFF, 0xFF, 0xFF, 0xFF, 0xFF, 0xFF, 0xFF, 0xFF,
  0xFF, 0xFF, 0xFF, 0xFF,
  0xFF, 0xFF, 0xFF, 0xFC, 0x00, 0x00, 0x03, 0xFF, 0xFE, 0x00, 0x00, 0x00,
  0x0F, 0xFF, 0xF8, 0x00,
  0x00, 0x00, 0x3F, 0xFF, 0xE0, 0x00, 0x00, 0x00, 0xFF, 0xFF, 0x80, 0x00,
  0x00, 0x03, 0xFF, 0xFE,
  0x00, 0x00, 0x00, 0x0F, 0xFF, 0xF8, 0x00, 0x00, 0x00, 0x3F, 0xFF, 0xE0,
  0x00, 0x00, 0x00, 0xFF,
  0xFF, 0x80, 0x00, 0x00, 0x03, 0xFF, 0xFE, 0x00, 0x00, 0x00, 0x0F, 0xFF,
  0xF8, 0x00, 0x00, 0x00,
  0x3F, 0xFF, 0xE0, 0x00, 0x00, 0x00, 0xFF, 0xFF, 0x80, 0x00, 0x00, 0x03,
  0xFF, 0xFE, 0x00, 0x3F,
  0xFF, 0xFF, 0xFF, 0xFF, 0x83, 0xFF, 0xFF, 0xFF, 0xFF, 0xF8, 0x3F, 0xFF,
  0xFF, 0xFF, 0xFF, 0x83,
  0xFF, 0xFF, 0xFF, 0xFF, 0xF8, 0x3F, 0xFF, 0xFF, 0xFF, 0xFF, 0x83, 0xFF,
  0xFF, 0xFF, 0xFF, 0xF8,
  0x3F, 0xFF, 0xFF, 0xFF, 0xFF, 0x83, 0xFF, 0xFF, 0xFF, 0xFF, 0xF8, 0x3F,
  0xFF, 0xFF, 0xFF, 0xFF,
  0x83, 0xFF, 0xFF, 0xFF, 0xFF, 0xF8, 0x3F, 0xFF, 0xFF, 0xFF, 0xFF, 0x83,
  0xFF, 0xFF, 0xFF, 0xFF,
  0xF8, 0x3F, 0xFF, 0xFF, 0xFF, 0xFF, 0x83, 0xFF, 0xFF, 0xFF, 0xFF, 0xF8,
  0x3F, 0xFF, 0xFF, 0xFF,
  0xFF, 0x83, 0xFF, 0xFC, 0x00, 0x00, 0x00, 0x3F, 0xFF, 0xC0, 0x00, 0x00,
  0x03, 0xFF, 0xFC, 0x00,
  0x00, 0x00, 0x3F, 0xFF, 0xC0, 0x00, 0x00, 0x03, 0xFF, 0xFC, 0x00, 0x00,
  0x00, 0x3F, 0xFF, 0xC0,
  0x00, 0x00, 0x03, 0xFF, 0xFC, 0x00, 0x00, 0x00, 0x3F, 0xFF, 0xC0, 0x00,
  0x00, 0x03, 0xFF, 0xFC,
  0x3F, 0xE0, 0x00, 0x3F, 0xFF, 0xCF, 0xFF, 0xC0, 0x03, 0xFF, 0xFD, 0xFF,
  0xFF, 0x00, 0x3F, 0xFF,
  0xFF, 0xFF, 0xF8, 0x03, 0xFF, 0xFF, 0xFF, 0xFF, 0xC0, 0x3F, 0xFF, 0xFF,
  0xFF, 0xFE, 0x03, 0xFF,
  0xFF, 0xFF, 0xFF, 0xF0, 0x3F, 0xFF, 0xFF, 0xFF, 0xFF, 0x03, 0xFF, 0xFF,
  0xFF, 0xFF, 0xF8, 0x3F,
  0xFF, 0xFF, 0xFF, 0xFF, 0x83, 0xFF, 0xFF, 0xFF, 0xFF, 0xF8, 0x3F, 0xFF,
  0xFF, 0xFF, 0xFF, 0xC3,
  0xFF, 0xFF, 0xFF, 0xFF, 0xFC, 0x3F, 0xFF, 0xFF, 0xFF, 0xFF, 0xC3, 0xFF,
  0xFF, 0x0F, 0xFF, 0xFE,
  0x3F, 0xFF, 0xC0, 0x7F, 0xFF, 0xE3, 0xFF, 0xFC, 0x07, 0xFF, 0xFE, 0x3F,
  0xFF, 0x80, 0x3F, 0xFF,
  0xE3, 0xFF, 0xF8, 0x03, 0xFF, 0xFE, 0x3F, 0xFF, 0x80, 0x3F, 0xFF, 0xE3,
  0xFF, 0xF8, 0x03, 0xFF,
  0xFE, 0x00, 0x00, 0x00, 0x3F, 0xFF, 0xF0, 0x00, 0x00, 0x03, 0xFF, 0xFF,
  0x00, 0x00, 0x00, 0x3F,
  0xFF, 0xF0, 0x00, 0x00, 0x03, 0xFF, 0xFF, 0x00, 0x00, 0x00, 0x3F, 0xFF,
  0xF0, 0x00, 0x00, 0x03,
  0xFF, 0xFF, 0x00, 0x00, 0x00, 0x3F, 0xFF, 0xF0, 0x00, 0x00, 0x03, 0xFF,
  0xFF, 0xFF, 0xFF, 0x80,
  0x3F, 0xFF, 0xFF, 0xFF, 0xF8, 0x03, 0xFF, 0xFF, 0xFF, 0xFF, 0x80, 0x3F,
  0xFF, 0xFF, 0xFF, 0xF8,
  0x03, 0xFF, 0xFF, 0xFF, 0xFF, 0x80, 0x3F, 0xFF, 0xFF, 0xFF, 0xF8, 0x03,
  0xFF, 0xFF, 0xFF, 0xFF,
  0x80, 0x3F, 0xFF, 0xFF, 0xFF, 0xF8, 0x03, 0xFF, 0xFE, 0xFF, 0xFF, 0x80,
  0x3F, 0xFF, 0xEF, 0xFF,
  0xF8, 0x03, 0xFF, 0xFE, 0xFF, 0xFF, 0x80, 0x3F, 0xFF, 0xEF, 0xFF, 0xFC,
  0x03, 0xFF, 0xFE, 0xFF,
  0xFF, 0xC0, 0x3F, 0xFF, 0xEF, 0xFF, 0xFC, 0x03, 0xFF, 0xFE, 0xFF, 0xFF,
  0xE0, 0x7F, 0xFF, 0xEF,
  0xFF, 0xFF, 0x0F, 0xFF, 0xFC, 0xFF, 0xFF, 0xFF, 0xFF, 0xFF, 0xC7, 0xFF,
  0xFF, 0xFF, 0xFF, 0xFC,
  0x7F, 0xFF, 0xFF, 0xFF, 0xFF, 0xC7, 0xFF, 0xFF, 0xFF, 0xFF, 0xF8, 0x3F,
  0xFF, 0xFF, 0xFF, 0xFF,
  0x83, 0xFF, 0xFF, 0xFF, 0xFF, 0xF0, 0x1F, 0xFF, 0xFF, 0xFF, 0xFF, 0x01,
  0xFF, 0xFF, 0xFF, 0xFF,
  0xE0, 0x0F, 0xFF, 0xFF, 0xFF, 0xFC, 0x00, 0x7F, 0xFF, 0xFF, 0xFF, 0xC0,
  0x03, 0xFF, 0xFF, 0xFF,
  0xF8, 0x00, 0x0F, 0xFF, 0xFF, 0xFE, 0x00, 0x00, 0x3F, 0xFF, 0xFF, 0xC0,
  0x00, 0x00, 0xFF, 0xFF,
  0xF0, 0x00, 0x00, 0x00, 0xFF, 0xF0, 0x00, 0x00, 0x00, 0x00, 0xFF, 0xF0,
  0x00, 0x00, 0x01, 0xFF,
  0xFF, 0xC0, 0x00, 0x00, 0xFF, 0xFF, 0xFF, 0x00, 0x00, 0x7F, 0xFF, 0xFF,
  0xF0, 0x00, 0x1F, 0xFF,
  0xFF, 0xFF, 0x80, 0x07, 0xFF, 0xFF, 0xFF, 0xF8, 0x01, 0xFF, 0xFF, 0xFF,
  0xFF, 0x80, 0x7F, 0xFF,
  0xFF, 0xFF, 0xF8, 0x0F, 0xFF, 0xFF, 0xFF, 0xFF, 0x03, 0xFF, 0xFF, 0xFF,
  0xFF, 0xF0, 0x7F, 0xFF,
  0xFF, 0xFF, 0xFE, 0x1F, 0xFF, 0xFF, 0xFF, 0xFF, 0xC3, 0xFF, 0xFF, 0xFF,
  0xFF, 0xFC, 0x7F, 0xFF,
  0xFF, 0xFF, 0xFF, 0x9F, 0xFF, 0xF8, 0x3F, 0xFF, 0xF3, 0xFF, 0xFE, 0x03,
  0xFF, 0xFE, 0x7F, 0xFF,
  0xC0, 0x7F, 0xFF, 0xCF, 0xFF, 0xF0, 0x07, 0xFF, 0xFB, 0xFF, 0xFE, 0x00,
  0xFF, 0xFF, 0x7F, 0xFF,
  0xC0, 0x1F, 0xFF, 0xEF, 0xFF, 0xF8, 0x03, 0xFF, 0xFD, 0xFF, 0xFF, 0x00,
  0x7F, 0xFF, 0xBF, 0xFF,
  0xE0, 0x0F, 0xFF, 0xF7, 0xFF, 0xFC, 0x01, 0xFF, 0xFE, 0xFF, 0xFF, 0x80,
  0x3F, 0xFF, 0xDF, 0xFF,
  0xF0, 0x00, 0x00, 0x03, 0xFF, 0xFE, 0x00, 0x00, 0x00, 0x7F, 0xFF, 0xC0,
  0x00, 0x00, 0x0F, 0xFF,
  0xF8, 0x00, 0x00, 0x01, 0xFF, 0xFF, 0x00, 0x00, 0x00, 0x3F, 0xFF, 0xE0,
  0x00, 0x00, 0x07, 0xFF,
  0xFC, 0x00, 0x00, 0x00, 0xFF, 0xFF, 0x81, 0xFF, 0x00, 0x1F, 0xFF, 0xF1,
  0xFF, 0xFC, 0x03, 0xFF,
  0xFE, 0x7F, 0xFF, 0xC0, 0x7F, 0xFF, 0xDF, 0xFF, 0xFE, 0x0F, 0xFF, 0xFF,
  0xFF, 0xFF, 0xE1, 0xFF,
  0xFF, 0xFF, 0xFF, 0xFC, 0x3F, 0xFF, 0xFF, 0xFF, 0xFF, 0xC7, 0xFF, 0xFF,
  0xFF, 0xFF, 0xFC, 0xFF,
  0xFF, 0xFF, 0xFF, 0xFF, 0x9F, 0xFF, 0xFF, 0xFF, 0xFF, 0xF3, 0xFF, 0xFF,
  0xFF, 0xFF, 0xFF, 0x7F,
  0xFF, 0xFF, 0xFF, 0xFF, 0xEF, 0xFF, 0xFF, 0xFF, 0xFF, 0xFD, 0xFF, 0xFF,
  0xFF, 0xFF, 0xFF, 0xBF,
  0xFF, 0xFF, 0xFF, 0xFF, 0xFF, 0xFF, 0xFF, 0x0F, 0xFF, 0xFF, 0xFF, 0xFF,
  0xC0, 0xFF, 0xFF, 0xFF,
  0xFF, 0xF8, 0x0F, 0xFF, 0xFF, 0xFF, 0xFE, 0x01, 0xFF, 0xFF, 0xFF, 0xFF,
  0xC0, 0x3F, 0xFF, 0xFF,
  0xFF, 0xF8, 0x07, 0xFF, 0xFF, 0xFF, 0xFF, 0x00, 0xFF, 0xFF, 0xFF, 0xFF,
  0xE0, 0x1F, 0xFF, 0xFF,
  0xFF, 0xFC, 0x03, 0xFF, 0xFF, 0xFF, 0xFF, 0x80, 0x7F, 0xFF, 0xFF, 0xFF,
  0xF0, 0x0F, 0xFF, 0xFF,
  0xFF, 0xFE, 0x01, 0xFF, 0xFF, 0xFF, 0xFF, 0xC0, 0x3F, 0xFF, 0xFF, 0xFF,
  0xF8, 0x07, 0xFF, 0xFF,
  0xFF, 0xFF, 0x00, 0xFF, 0xFF, 0xFF, 0xFF, 0xE0, 0x1F, 0xFF, 0xFF, 0xFF,
  0xFC, 0x03, 0xFF, 0xFF,
  0xFF, 0xFF, 0x80, 0x7F, 0xFF, 0xFF, 0xFF, 0xF0, 0x0F, 0xFF, 0xFF, 0xFF,
  0xFF, 0x01, 0xFF, 0xFF,
  0x7F, 0xFF, 0xE0, 0x7F, 0xFF, 0xEF, 0xFF, 0xFE, 0x1F, 0xFF, 0xFC, 0xFF,
  0xFF, 0xFF, 0xFF, 0xFF,
  0x9F, 0xFF, 0xFF, 0xFF, 0xFF, 0xE3, 0xFF, 0xFF, 0xFF, 0xFF, 0xFC, 0x3F,
  0xFF, 0xFF, 0xFF, 0xFF,
  0x87, 0xFF, 0xFF, 0xFF, 0xFF, 0xE0, 0xFF, 0xFF, 0xFF, 0xFF, 0xFC, 0x0F,
  0xFF, 0xFF, 0xFF, 0xFF,
  0x00, 0xFF, 0xFF, 0xFF, 0xFF, 0xE0, 0x1F, 0xFF, 0xFF, 0xFF, 0xF8, 0x01,
  0xFF, 0xFF, 0xFF, 0xFE,
  0x00, 0x1F, 0xFF, 0xFF, 0xFF, 0x80, 0x01, 0xFF, 0xFF, 0xFF, 0xE0, 0x00,
  0x0F, 0xFF, 0xFF, 0xF0,
  0x00, 0x00, 0x7F, 0xFF, 0xF8, 0x00, 0x00, 0x00, 0xFF, 0xF0, 0x00, 0x00,
  0xFF, 0xFF, 0xFF, 0xFF,
  0xFF, 0xFF, 0xFF, 0xFF, 0xFF, 0xFF, 0xFF, 0xFF, 0xFF, 0xFF, 0xFF, 0xFF,
  0xFF, 0xFF, 0xFF, 0xFF,
  0xFF, 0xFF, 0xFF, 0xFF, 0xFF, 0xFF, 0xFF, 0xFF, 0xFF, 0xFF, 0xFF, 0xFF,
  0xFF, 0xFF, 0xFF, 0xFF,
  0xFF, 0xFF, 0xFF, 0xFF, 0xFF, 0xFF, 0xFF, 0xFF, 0xFF, 0xFF, 0xFF, 0xFF,
  0xFF, 0xFF, 0xFF, 0xFF,
  0xFF, 0xFF, 0xFF, 0xFF, 0xFF, 0xFF, 0xFF, 0xFF, 0xFF, 0xFF, 0xFF, 0xFF,
  0xFF, 0xFF, 0xFF, 0xFF,
  0xFF, 0xFF, 0xFF, 0xFF, 0xFF, 0xFF, 0xFF, 0xFF, 0xFF, 0xFF, 0xF8, 0x00,
  0x00, 0x07, 0xFF, 0xFE,
  0x00, 0x00, 0x01, 0xFF, 0xFF, 0x80, 0x00, 0x00, 0x7F, 0xFF, 0xE0, 0x00,
  0x00, 0x3F, 0xFF, 0xF0,
  0x00, 0x00, 0x0F, 0xFF, 0xFC, 0x00, 0x00, 0x07, 0xFF, 0xFF, 0x00, 0x00,
  0x01, 0xFF, 0xFF, 0x80,
  0x00, 0x00, 0xFF, 0xFF, 0xE0, 0x00, 0x00, 0x3F, 0xFF, 0xF8, 0x00, 0x00,
  0x0F, 0xFF, 0xFC, 0x00,
  0x00, 0x07, 0xFF, 0xFF, 0x00, 0x00, 0x01, 0xFF, 0xFF, 0x80, 0x00, 0x00,
  0xFF, 0xFF, 0xE0, 0x00,
  0x00, 0x3F, 0xFF, 0xF8, 0x00, 0x00, 0x0F, 0xFF, 0xFC, 0x00, 0x00, 0x07,
  0xFF, 0xFF, 0x00, 0x00,
  0x01, 0xFF, 0xFF, 0x80, 0x00, 0x00, 0xFF, 0xFF, 0xE0, 0x00, 0x00, 0x3F,
  0xFF, 0xF0, 0x00, 0x00,
  0x0F, 0xFF, 0xFC, 0x00, 0x00, 0x07, 0xFF, 0xFF, 0x00, 0x00, 0x01, 0xFF,
  0xFF, 0x80, 0x00, 0x00,
  0xFF, 0xFF, 0xE0, 0x00, 0x00, 0x3F, 0xFF, 0xF0, 0x00, 0x00, 0x0F, 0xFF,
  0xFC, 0x00, 0x00, 0x07,
  0xFF, 0xFF, 0x00, 0x00, 0x01, 0xFF, 0xFF, 0x80, 0x00, 0x00, 0x7F, 0xFF,
  0xE0, 0x00, 0x00, 0x3F,
  0xFF, 0xF8, 0x00, 0x00, 0x0F, 0xFF, 0xFC, 0x00, 0x00, 0x07, 0xFF, 0xFF,
  0x00, 0x00, 0x01, 0xFF,
  0xFF, 0xC0, 0x00, 0x00, 0x7F, 0xFF, 0xE0, 0x00, 0x00, 0x3F, 0xFF, 0xF8,
  0x00, 0x00, 0x0F, 0xFF,
  0xFE, 0x00, 0x00, 0x03, 0xFF, 0xFF, 0x00, 0x00, 0x01, 0xFF, 0xFF, 0xC0,
  0x00, 0x00, 0x7F, 0xFF,
  0xF0, 0x00, 0x00, 0x1F, 0xFF, 0xF8, 0x00, 0x00, 0x07, 0xFF, 0xFE, 0x00,
  0x00, 0x03, 0xFF, 0xFF,
  0x80, 0x00, 0x00, 0xFF, 0xFF, 0xE0, 0x00, 0x00, 0x3F, 0xFF, 0xF0, 0x00,
  0x00, 0x0F, 0xFF, 0xFC,
  0x00, 0x00, 0x07, 0xFF, 0xFF, 0x00, 0x00, 0x01, 0xFF, 0xFF, 0xC0, 0x00,
  0x00, 0x7F, 0xFF, 0xE0,
  0x00, 0x00, 0x1F, 0xFF, 0xF8, 0x00, 0x00, 0x0F, 0xFF, 0xFE, 0x00, 0x00,
  0x03, 0xFF, 0xFF, 0x80,
  0x00, 0x00, 0xFF, 0xFF, 0xE0, 0x00, 0x00, 0x3F, 0xFF, 0xF0, 0x00, 0x00,
  0x0F, 0xFF, 0xFC, 0x00,
  0x00, 0x07, 0xFF, 0xFF, 0x00, 0x00, 0x01, 0xFF, 0xFF, 0xC0, 0x00, 0x00,
  0x7F, 0xFF, 0xF0, 0x00,
  0x00, 0x1F, 0xFF, 0xFC, 0x00, 0x00, 0x07, 0xFF, 0xFE, 0x00, 0x00, 0x01,
  0xFF, 0xFF, 0x80, 0x00,
  0x00, 0xFF, 0xFF, 0xE0, 0x00, 0x00, 0x3F, 0xFF, 0xF8, 0x00, 0x00, 0x0F,
  0xFF, 0xFE, 0x00, 0x00,
  0x03, 0xFF, 0xFF, 0x80, 0x00, 0x00, 0xFF, 0xFF, 0xE0, 0x00, 0x00, 0x3F,
  0xFF, 0xF8, 0x00, 0x00,
  0x0F, 0xFF, 0xFE, 0x00, 0x00, 0x03, 0xFF, 0xFF, 0x00, 0x00, 0x00, 0x00,
  0x00, 0xFF, 0xF0, 0x00,
  0x00, 0x01, 0xFF, 0xFF, 0xE0, 0x00, 0x01, 0xFF, 0xFF, 0xFF, 0x00, 0x00,
  0x7F, 0xFF, 0xFF, 0xF8,
  0x00, 0x3F, 0xFF, 0xFF, 0xFF, 0x80, 0x0F, 0xFF, 0xFF, 0xFF, 0xF8, 0x03,
  0xFF, 0xFF, 0xFF, 0xFF,
  0x80, 0xFF, 0xFF, 0xFF, 0xFF, 0xF8, 0x1F, 0xFF, 0xFF, 0xFF, 0xFF, 0x07,
  0xFF, 0xFF, 0xFF, 0xFF,
  0xF0, 0xFF, 0xFF, 0xFF, 0xFF, 0xFE, 0x1F, 0xFF, 0xFF, 0xFF, 0xFF, 0xE7,
  0xFF, 0xFF, 0xFF, 0xFF,
  0xFC, 0xFF, 0xFF, 0xFF, 0xFF, 0xFF, 0x9F, 0xFF, 0xFF, 0xFF, 0xFF, 0xFB,
  0xFF, 0xFF, 0x87, 0xFF,
  0xFF, 0xFF, 0xFF, 0xE0, 0x7F, 0xFF, 0xFF, 0xFF, 0xF8, 0x0F, 0xFF, 0xFF,
  0xFF, 0xFF, 0x00, 0xFF,
  0xFF, 0xFF, 0xFF, 0xE0, 0x1F, 0xFF, 0xFF, 0xFF, 0xF8, 0x03, 0xFF, 0xFF,
  0xFF, 0xFF, 0x00, 0x7F,
  0xFF, 0xFF, 0xFF, 0xE0, 0x0F, 0xFF, 0xFF, 0xFF, 0xFC, 0x01, 0xFF, 0xFF,
  0xFF, 0xFF, 0x80, 0x3F,
  0xFF, 0xFF, 0xFF, 0xF8, 0x07, 0xFF, 0xFF, 0xFF, 0xFF, 0x00, 0xFF, 0xFF,
  0xBF, 0xFF, 0xE0, 0x3F,
  0xFF, 0xF7, 0xFF, 0xFE, 0x07, 0xFF, 0xFE, 0xFF, 0xFF, 0xE1, 0xFF, 0xFF,
  0x9F, 0xFF, 0xFF, 0xFF,
  0xFF, 0xF1, 0xFF, 0xFF, 0xFF, 0xFF, 0xFE, 0x3F, 0xFF, 0xFF, 0xFF, 0xFF,
  0x83, 0xFF, 0xFF, 0xFF,
  0xFF, 0xF0, 0x7F, 0xFF, 0xFF, 0xFF, 0xFC, 0x03, 0xFF, 0xFF, 0xFF, 0xFF,
  0x00, 0x3F, 0xFF, 0xFF,
  0xFF, 0x80, 0x07, 0xFF, 0xFF, 0xFF, 0xF0, 0x01, 0xFF, 0xFF, 0xFF, 0xFF,
  0x80, 0x7F, 0xFF, 0xFF,
  0xFF, 0xF8, 0x1F, 0xFF, 0xFF, 0xFF, 0xFF, 0x87, 0xFF, 0xFF, 0xFF, 0xFF,
  0xF0, 0xFF, 0xFF, 0xFF,
  0xFF, 0xFF, 0x3F, 0xFF, 0xFF, 0xFF, 0xFF, 0xE7, 0xFF, 0xFF, 0xFF, 0xFF,
  0xFC, 0xFF, 0xFF, 0xE1,
  0xFF, 0xFF, 0xDF, 0xFF, 0xF8, 0x1F, 0xFF, 0xFB, 0xFF, 0xFE, 0x03, 0xFF,
  0xFF, 0xFF, 0xFF, 0xC0,
  0x3F, 0xFF, 0xFF, 0xFF, 0xF8, 0x07, 0xFF, 0xFF, 0xFF, 0xFE, 0x00, 0xFF,
  0xFF, 0xFF, 0xFF, 0xC0,
  0x1F, 0xFF, 0xFF, 0xFF, 0xF8, 0x03, 0xFF, 0xFF, 0xFF, 0xFF, 0x00, 0x7F,
  0xFF, 0xFF, 0xFF, 0xE0,
  0x0F, 0xFF, 0xFF, 0xFF, 0xFC, 0x01, 0xFF, 0xFF, 0xFF, 0xFF, 0x80, 0x3F,
  0xFF, 0xFF, 0xFF, 0xF0,
  0x07, 0xFF, 0xFF, 0xFF, 0xFE, 0x00, 0xFF, 0xFF, 0xFF, 0xFF, 0xC0, 0x1F,
  0xFF, 0xFF, 0xFF, 0xF8,
  0x03, 0xFF, 0xFF, 0xFF, 0xFF, 0x00, 0x7F, 0xFF, 0xFF, 0xFF, 0xE0, 0x0F,
  0xFF, 0xFF, 0xFF, 0xFC,
  0x01, 0xFF, 0xFF, 0xFF, 0xFF, 0xC0, 0x3F, 0xFF, 0xEF, 0xFF, 0xF8, 0x0F,
  0xFF, 0xFD, 0xFF, 0xFF,
  0x81, 0xFF, 0xFF, 0xBF, 0xFF, 0xF8, 0x7F, 0xFF, 0xE7, 0xFF, 0xFF, 0xFF,
  0xFF, 0xFC, 0xFF, 0xFF,
  0xFF, 0xFF, 0xFF, 0x8F, 0xFF, 0xFF, 0xFF, 0xFF, 0xF1, 0xFF, 0xFF, 0xFF,
  0xFF, 0xFC, 0x3F, 0xFF,
  0xFF, 0xFF, 0xFF, 0x83, 0xFF, 0xFF, 0xFF, 0xFF, 0xF0, 0x7F, 0xFF, 0xFF,
  0xFF, 0xFC, 0x07, 0xFF,
  0xFF, 0xFF, 0xFF, 0x80, 0xFF, 0xFF, 0xFF, 0xFF, 0xE0, 0x0F, 0xFF, 0xFF,
  0xFF, 0xF8, 0x00, 0xFF,
  0xFF, 0xFF, 0xFE, 0x00, 0x0F, 0xFF, 0xFF, 0xFF, 0x80, 0x00, 0xFF, 0xFF,
  0xFF, 0xE0, 0x00, 0x07,
  0xFF, 0xFF, 0xF0, 0x00, 0x00, 0x3F, 0xFF, 0xF8, 0x00, 0x00, 0x00, 0x7F,
  0xF0, 0x00, 0x00, 0x00,
  0x01, 0xFF, 0xF0, 0x00, 0x00, 0x01, 0xFF, 0xFF, 0xC0, 0x00, 0x00, 0xFF,
  0xFF, 0xFF, 0x00, 0x00,
  0x7F, 0xFF, 0xFF, 0xF0, 0x00, 0x1F, 0xFF, 0xFF, 0xFF, 0x80, 0x07, 0xFF,
  0xFF, 0xFF, 0xF8, 0x01,
  0xFF, 0xFF, 0xFF, 0xFF, 0x80, 0x7F, 0xFF, 0xFF, 0xFF, 0xF0, 0x0F, 0xFF,
  0xFF, 0xFF, 0xFF, 0x03,
  0xFF, 0xFF, 0xFF, 0xFF, 0xE0, 0x7F, 0xFF, 0xFF, 0xFF, 0xFE, 0x1F, 0xFF,
  0xFF, 0xFF, 0xFF, 0xC3,
  0xFF, 0xFF, 0xFF, 0xFF, 0xFC, 0xFF, 0xFF, 0xFF, 0xFF, 0xFF, 0x9F, 0xFF,
  0xFF, 0xFF, 0xFF, 0xF3,
  0xFF, 0xFF, 0x87, 0xFF, 0xFE, 0x7F, 0xFF, 0xE0, 0x7F, 0xFF, 0xFF, 0xFF,
  0xF8, 0x0F, 0xFF, 0xFF,
  0xFF, 0xFF, 0x00, 0xFF, 0xFF, 0xFF, 0xFF, 0xE0, 0x1F, 0xFF, 0xFF, 0xFF,
  0xFC, 0x03, 0xFF, 0xFF,
  0xFF, 0xFF, 0x80, 0x7F, 0xFF, 0xFF, 0xFF, 0xF0, 0x0F, 0xFF, 0xFF, 0xFF,
  0xFE, 0x01, 0xFF, 0xFF,
  0xFF, 0xFF, 0xC0, 0x3F, 0xFF, 0xFF, 0xFF, 0xF8, 0x07, 0xFF, 0xFF, 0xFF,
  0xFF, 0x00, 0xFF, 0xFF,
  0xFF, 0xFF, 0xE0, 0x1F, 0xFF, 0xFF, 0xFF, 0xFC, 0x03, 0xFF, 0xFF, 0xFF,
  0xFF, 0x80, 0x7F, 0xFF,
  0xFF, 0xFF, 0xF0, 0x0F, 0xFF, 0xFF, 0xFF, 0xFE, 0x01, 0xFF, 0xFF, 0xFF,
  0xFF, 0xC0, 0x3F, 0xFF,
  0xFF, 0xFF, 0xF8, 0x07, 0xFF, 0xFF, 0xFF, 0xFF, 0x01, 0xFF, 0xFF, 0xFF,
  0xFF, 0xF0, 0x3F, 0xFF,
  0xFF, 0xFF, 0xFF, 0x0F, 0xFF, 0xFF, 0xFF, 0xFF, 0xFF, 0xFF, 0xFF, 0xFF,
  0xFF, 0xFF, 0xFF, 0xFF,
  0xFB, 0xFF, 0xFF, 0xFF, 0xFF, 0xFF, 0x7F, 0xFF, 0xFF, 0xFF, 0xFF, 0xEF,
  0xFF, 0xFF, 0xFF, 0xFF,
  0xFD, 0xFF, 0xFF, 0xFF, 0xFF, 0xFF, 0x9F, 0xFF, 0xFF, 0xFF, 0xFF, 0xF3,
  0xFF, 0xFF, 0xFF, 0xFF,
  0xFE, 0x3F, 0xFF, 0xFF, 0xFF, 0xFF, 0xC7, 0xFF, 0xFF, 0xFF, 0xFF, 0xF8,
  0x7F, 0xFF, 0xFD, 0xFF,
  0xFF, 0x07, 0xFF, 0xFF, 0xBF, 0xFF, 0xE0, 0x7F, 0xFF, 0xE7, 0xFF, 0xFC,
  0x03, 0xFF, 0xF8, 0xFF,
  0xFF, 0x80, 0x0F, 0xF8, 0x1F, 0xFF, 0xF0, 0x00, 0x00, 0x03, 0xFF, 0xFE,
  0x00, 0x00, 0x00, 0x7F,
  0xFF, 0xC0, 0x00, 0x00, 0x0F, 0xFF, 0xF8, 0x00, 0x00, 0x01, 0xFF, 0xFF,
  0x00, 0x00, 0x00, 0x3F,
  0xFF, 0xE0, 0x00, 0x00, 0x07, 0xFF, 0xFC, 0x00, 0x00, 0x00, 0xFF, 0xFF,
  0xBF, 0xFF, 0xC0, 0x1F,
  0xFF, 0xF7, 0xFF, 0xF8, 0x03, 0xFF, 0xFE, 0xFF, 0xFF, 0x00, 0x7F, 0xFF,
  0xDF, 0xFF, 0xE0, 0x0F,
  0xFF, 0xFB, 0xFF, 0xFC, 0x01, 0xFF, 0xFF, 0x7F, 0xFF, 0x80, 0x3F, 0xFF,
  0xCF, 0xFF, 0xF0, 0x07,
  0xFF, 0xF9, 0xFF, 0xFE, 0x00, 0xFF, 0xFF, 0x3F, 0xFF, 0xC0, 0x3F, 0xFF,
  0xE7, 0xFF, 0xFC, 0x07,
  0xFF, 0xFC, 0xFF, 0xFF, 0xC3, 0xFF, 0xFF, 0x9F, 0xFF, 0xFF, 0xFF, 0xFF,
  0xE3, 0xFF, 0xFF, 0xFF,
  0xFF, 0xFC, 0x7F, 0xFF, 0xFF, 0xFF, 0xFF, 0x87, 0xFF, 0xFF, 0xFF, 0xFF,
  0xE0, 0xFF, 0xFF, 0xFF,
  0xFF, 0xFC, 0x0F, 0xFF, 0xFF, 0xFF, 0xFF, 0x01, 0xFF, 0xFF, 0xFF, 0xFF,
  0xE0, 0x1F, 0xFF, 0xFF,
  0xFF, 0xF8, 0x01, 0xFF, 0xFF, 0xFF, 0xFE, 0x00, 0x1F, 0xFF, 0xFF, 0xFF,
  0x80, 0x01, 0xFF, 0xFF,
  0xFF, 0xE0, 0x00, 0x0F, 0xFF, 0xFF, 0xF0, 0x00, 0x00, 0x3F, 0xFF, 0xF8,
  0x00, 0x00, 0x00, 0xFF,
  0xF0, 0x00, 0x00, 0xFF, 0xFF, 0xFF, 0xFF, 0xFF, 0xFF, 0xFF, 0xFF, 0xFF,
  0xFF, 0xFF, 0xFF, 0xFF,
  0xFF, 0xFF, 0xFF, 0xFF, 0xFF, 0xFF, 0xFF, 0xFF, 0xFF, 0xFF, 0xFF, 0xFF,
  0xFF, 0xFF, 0xFF, 0xFF,
  0xFC, 0x00, 0x00, 0x00, 0x00, 0x00, 0x00, 0x00, 0x00, 0x00, 0x00, 0x00,
  0x00, 0x00, 0x00, 0x00,
  0x00, 0x00, 0x00, 0x00, 0x00, 0x00, 0x00, 0x00, 0x00, 0x00, 0x00, 0x00,
  0x00, 0x00, 0x00, 0x00,
  0x00, 0x00, 0x00, 0x00, 0x00, 0x00, 0x00, 0x00, 0x00, 0x00, 0x00, 0x00,
  0x00, 0x1F, 0xFF, 0xFF,
  0xFF, 0xFF, 0xFF, 0xFF, 0xFF, 0xFF, 0xFF, 0xFF, 0xFF, 0xFF, 0xFF, 0xFF,
  0xFF, 0xFF, 0xFF, 0xFF,
  0xFF, 0xFF, 0xFF, 0xFF, 0xFF, 0xFF, 0xFF, 0xFF, 0xFF, 0xFF, 0xFF, 0x80,
  0xFF, 0xFF, 0xBF, 0xFF,
  0xEF, 0xFF, 0xFB, 0xFF, 0xFE, 0xFF, 0xFF, 0xBF, 0xFF, 0xEF, 0xFF, 0xFB,
  0xFF, 0xFE, 0xFF, 0xFF,
  0xBF, 0xFF, 0xEF, 0xFF, 0xFB, 0xFF, 0xFE, 0xFF, 0xFF, 0xBF, 0xFF, 0xE0,
  0x00, 0x00, 0x00, 0x00,
  0x00, 0x00, 0x00, 0x00, 0x00, 0x00, 0x00, 0x00, 0x00, 0x00, 0x00, 0x00,
  0x00, 0x00, 0x00, 0x00,
  0x00, 0x00, 0x00, 0x00, 0x00, 0x00, 0x00, 0x00, 0x00, 0x00, 0x00, 0x00,
  0x00, 0x00, 0x00, 0x00,
  0x00, 0x00, 0x00, 0x00, 0x00, 0x00, 0x00, 0x00, 0x00, 0x00, 0x03, 0xFF,
  0xFF, 0xFF, 0xFF, 0xFF,
  0xFF, 0xFF, 0xFF, 0xFF, 0xFF, 0xFF, 0xFF, 0xFF, 0xFF, 0xFF, 0xFF, 0xFF,
  0xFF, 0xFF, 0xFF, 0xFF,
  0xFF, 0xFF, 0xFF, 0xFF, 0xFF, 0xFF, 0xFF, 0xFF, 0xFF, 0xFF, 0xC0, 0xFF,
  0xE0, 0x3F, 0xF8, 0x1F,
  0xFC, 0x07, 0xFF, 0x01, 0xFF, 0xC0, 0xFF, 0xE0, 0x3F, 0xF8, 0x0F, 0xFC,
  0x03, 0xFF, 0x01, 0xFF,
  0x80, 0x7F, 0xE0, 0x00, 0x00, 0x00, 0x40, 0x00, 0x00, 0x30, 0x00, 0x00,
  0x3C, 0x00, 0x00, 0x1F,
  0x00, 0x00, 0x1F, 0xC0, 0x00, 0x1F, 0xF0, 0x00, 0x0F, 0xFC, 0x00, 0x0F,
  0xFF, 0x00, 0x0F, 0xFF,
  0xC0, 0x07, 0xFF, 0xF0, 0x07, 0xFF, 0xFC, 0x07, 0xFF, 0xFF, 0x03, 0xFF,
  0xFF, 0xC3, 0xFF, 0xFF,
  0xF3, 0xFF, 0xFF, 0xFD, 0xFF, 0xFF, 0xFF, 0xFF, 0xFF, 0xFF, 0xFF, 0xFF,
  0xFF, 0xEF, 0xFF, 0xFF,
  0xF3, 0xFF, 0xFF, 0xF0, 0xFF, 0xFF, 0xF0, 0x3F, 0xFF, 0xF0, 0x0F, 0xFF,
  0xF0, 0x03, 0xFF, 0xF8,
  0x00, 0xFF, 0xF8, 0x00, 0x3F, 0xF8, 0x00, 0x0F, 0xFE, 0x00, 0x03, 0xFF,
  0xE0, 0x00, 0xFF, 0xFE,
  0x00, 0x3F, 0xFF, 0xE0, 0x0F, 0xFF, 0xFE, 0x03, 0xFF, 0xFF, 0xC0, 0xFF,
  0xFF, 0xFC, 0x3F, 0xFF,
  0xFF, 0xCF, 0xFF, 0xFF, 0xFF, 0xFF, 0xFF, 0xFF, 0x7F, 0xFF, 0xFF, 0xC7,
  0xFF, 0xFF, 0xF0, 0x7F,
  0xFF, 0xFC, 0x0F, 0xFF, 0xFF, 0x00, 0xFF, 0xFF, 0xC0, 0x0F, 0xFF, 0xF0,
  0x01, 0xFF, 0xFC, 0x00,
  0x1F, 0xFF, 0x00, 0x01, 0xFF, 0xC0, 0x00, 0x3F, 0xF0, 0x00, 0x03, 0xFC,
  0x00, 0x00, 0x3F, 0x00,
  0x00, 0x07, 0xC0, 0x00, 0x00, 0x70, 0x00, 0x00, 0x0C, 0x00, 0x00, 0x01,
  0xFF, 0xFF, 0xFF, 0xFF,
  0xFF, 0xFF, 0xFF, 0xFF, 0xFF, 0xFF, 0xFF, 0xFF, 0xFF, 0xFF, 0xFF, 0xFF,
  0xFF, 0xFF, 0xFF, 0xFF,
  0xFF, 0xFF, 0xFF, 0xFF, 0xFF, 0xFF, 0xFF, 0xFF, 0xFF, 0xFF, 0xFF, 0xFF,
  0xFF, 0x00, 0x00, 0x00,
  0x00, 0x00, 0x00, 0x00, 0x00, 0x00, 0x00, 0x00, 0x00, 0x00, 0x00, 0x00,
  0x00, 0x00, 0x00, 0x00,
  0x00, 0x00, 0xFF, 0xFF, 0xFF, 0xFF, 0xFF, 0xFF, 0xFF, 0xFF, 0xFF, 0xFF,
  0xFF, 0xFF, 0xFF, 0xFF,
  0xFF, 0xFF, 0xFF, 0xFF, 0xFF, 0xFF, 0xFF, 0xFF, 0xFF, 0xFF, 0xFF, 0xFF,
  0xFF, 0xFF, 0xFF, 0xFF,
  0xFF, 0xFF, 0xFF, 0x80, 0x00, 0x00, 0x1C, 0x00, 0x00, 0x03, 0xE0, 0x00,
  0x00, 0x7E, 0x00, 0x00,
  0x0F, 0xF0, 0x00, 0x01, 0xFF, 0x80, 0x00, 0x3F, 0xF8, 0x00, 0x07, 0xFF,
  0xC0, 0x00, 0xFF, 0xFE,
  0x00, 0x1F, 0xFF, 0xE0, 0x03, 0xFF, 0xFF, 0x00, 0x7F, 0xFF, 0xF8, 0x0F,
  0xFF, 0xFF, 0x81, 0xFF,
  0xFF, 0xFC, 0x3F, 0xFF, 0xFF, 0xE7, 0xFF, 0xFF, 0xFE, 0xFF, 0xFF, 0xFF,
  0xE7, 0xFF, 0xFF, 0xFC,
  0x7F, 0xFF, 0xFF, 0x83, 0xFF, 0xFF, 0xF0, 0x1F, 0xFF, 0xFE, 0x00, 0xFF,
  0xFF, 0xC0, 0x0F, 0xFF,
  0xF8, 0x00, 0x7F, 0xFF, 0x00, 0x03, 0xFF, 0xE0, 0x00, 0x1F, 0xFC, 0x00,
  0x07, 0xFF, 0x80, 0x01,
  0xFF, 0xF0, 0x00, 0xFF, 0xFE, 0x00, 0x7F, 0xFF, 0xC0, 0x3F, 0xFF, 0xF8,
  0x1F, 0xFF, 0xFF, 0x07,
  0xFF, 0xFF, 0xE3, 0xFF, 0xFF, 0xFD, 0xFF, 0xFF, 0xFF, 0xFF, 0xFF, 0xFF,
  0xFF, 0xFF, 0xFF, 0xF9,
  0xFF, 0xFF, 0xFE, 0x3F, 0xFF, 0xFF, 0x07, 0xFF, 0xFF, 0xC0, 0xFF, 0xFF,
  0xE0, 0x1F, 0xFF, 0xF0,
  0x03, 0xFF, 0xFC, 0x00, 0x7F, 0xFE, 0x00, 0x0F, 0xFF, 0x00, 0x01, 0xFF,
  0xC0, 0x00, 0x3F, 0xE0,
  0x00, 0x07, 0xF0, 0x00, 0x00, 0xFC, 0x00, 0x00, 0x1E, 0x00, 0x00, 0x03,
  0x00, 0x00, 0x00, 0x40,
  0x00, 0x00, 0x00, 0x00, 0x00, 0xFF, 0xF0, 0x00, 0x00, 0x00, 0xFF, 0xFF,
  0xF0, 0x00, 0x00, 0x3F,
  0xFF, 0xFF, 0xC0, 0x00, 0x0F, 0xFF, 0xFF, 0xFF, 0x00, 0x03, 0xFF, 0xFF,
  0xFF, 0xF8, 0x00, 0x7F,
  0xFF, 0xFF, 0xFF, 0xC0, 0x0F, 0xFF, 0xFF, 0xFF, 0xFE, 0x01, 0xFF, 0xFF,
  0xFF, 0xFF, 0xF0, 0x1F,
  0xFF, 0xFF, 0xFF, 0xFF, 0x03, 0xFF, 0xFF, 0xFF, 0xFF, 0xF8, 0x3F, 0xFF,
  0xFF, 0xFF, 0xFF, 0x87,
  0xFF, 0xFF, 0xFF, 0xFF, 0xFC, 0x7F, 0xFF, 0xFF, 0xFF, 0xFF, 0xC7, 0xFF,
  0xFF, 0xFF, 0xFF, 0xFC,
  0x7F, 0xFF, 0xFF, 0xFF, 0xFF, 0xEF, 0xFF, 0xFF, 0x0F, 0xFF, 0xFE, 0xFF,
  0xFF, 0xE0, 0x7F, 0xFF,
  0xEF, 0xFF, 0xFC, 0x07, 0xFF, 0xFE, 0xFF, 0xFF, 0xC0, 0x3F, 0xFF, 0xEF,
  0xFF, 0xFC, 0x03, 0xFF,
  0xFF, 0xFF, 0xFF, 0xC0, 0x3F, 0xFF, 0xFF, 0xFF, 0xF8, 0x03, 0xFF, 0xFF,
  0xFF, 0xFF, 0x80, 0x3F,
  0xFF, 0xFF, 0xFF, 0xF8, 0x03, 0xFF, 0xFF, 0xFF, 0xFF, 0x80, 0x3F, 0xFF,
  0xFF, 0xFF, 0xF8, 0x03,
  0xFF, 0xFF, 0xFF, 0xFF, 0x80, 0x3F, 0xFF, 0xFF, 0xFF, 0xF8, 0x03, 0xFF,
  0xFF, 0xFF, 0xFF, 0x80,
  0x3F, 0xFF, 0xFF, 0xFF, 0xF8, 0x03, 0xFF, 0xFF, 0x00, 0x00, 0x00, 0x3F,
  0xFF, 0xF0, 0x00, 0x00,
  0x07, 0xFF, 0xFE, 0x00, 0x00, 0x00, 0x7F, 0xFF, 0xE0, 0x00, 0x00, 0x07,
  0xFF, 0xFE, 0x00, 0x00,
  0x00, 0xFF, 0xFF, 0xE0, 0x00, 0x00, 0x0F, 0xFF, 0xFE, 0x00, 0x00, 0x01,
  0xFF, 0xFF, 0xC0, 0x00,
  0x00, 0x3F, 0xFF, 0xFC, 0x00, 0x00, 0x07, 0xFF, 0xFF, 0xC0, 0x00, 0x00,
  0xFF, 0xFF, 0xF8, 0x00,
  0x00, 0x3F, 0xFF, 0xFF, 0x80, 0x00, 0x7F, 0xFF, 0xFF, 0xF0, 0x0F, 0xFF,
  0xFF, 0xFF, 0xFF, 0x00,
  0xFF, 0xFF, 0xFF, 0xFF, 0xE0, 0x0F, 0xFF, 0xFF, 0xFF, 0xFC, 0x00, 0xFF,
  0xFF, 0xFF, 0xFF, 0xC0,
  0x0F, 0xFF, 0xFF, 0xFF, 0xF8, 0x00, 0xFF, 0xFF, 0xFF, 0xFF, 0x00, 0x0F,
  0xFF, 0xFF, 0xFF, 0xE0,
  0x00, 0xFF, 0xFF, 0xFF, 0xF8, 0x00, 0x0F, 0xFF, 0xFF, 0xFF, 0x00, 0x00,
  0xFF, 0xFF, 0xFF, 0xC0,
  0x00, 0x0F, 0xFF, 0xFF, 0xC0, 0x00, 0x00, 0xFF, 0xFF, 0x00, 0x00, 0x00,
  0x0F, 0xFF, 0xF0, 0x00,
  0x00, 0x00, 0xFF, 0xFF, 0x00, 0x00, 0x00, 0x0F, 0xFF, 0xF0, 0x00, 0x00,
  0x00, 0xFF, 0xFF, 0x00,
  0x00, 0x00, 0x0F, 0xFF, 0xF0, 0x00, 0x00, 0x00, 0xFF, 0xFF, 0x00, 0x00,
  0x00, 0x0F, 0xFF, 0xF0,
  0x00, 0x00, 0x00, 0x00, 0x00, 0x00, 0x00, 0x00, 0x00, 0x00, 0x00, 0x00,
  0x00, 0x00, 0x00, 0x00,
  0x00, 0x00, 0x00, 0x00, 0x00, 0x00, 0x00, 0x00, 0x00, 0x00, 0x00, 0x00,
  0x00, 0x00, 0x00, 0x00,
  0x00, 0x00, 0x00, 0x00, 0x00, 0x00, 0x00, 0x00, 0x00, 0x00, 0x00, 0x00,
  0x00, 0x00, 0x01, 0xFF,
  0xFF, 0x00, 0x00, 0x00, 0x1F, 0xFF, 0xF0, 0x00, 0x00, 0x01, 0xFF, 0xFF,
  0x00, 0x00, 0x00, 0x1F,
  0xFF, 0xF0, 0x00, 0x00, 0x01, 0xFF, 0xFF, 0x00, 0x00, 0x00, 0x1F, 0xFF,
  0xF0, 0x00, 0x00, 0x01,
  0xFF, 0xFF, 0x00, 0x00, 0x00, 0x1F, 0xFF, 0xF0, 0x00, 0x00, 0x01, 0xFF,
  0xFF, 0x00, 0x00, 0x00,
  0x1F, 0xFF, 0xF0, 0x00, 0x00, 0x01, 0xFF, 0xFF, 0x00, 0x00, 0x00, 0x1F,
  0xFF, 0xF0, 0x00, 0x00,
  0x01, 0xFF, 0xFF, 0x00, 0x00, 0x00, 0x1F, 0xFF, 0xF0, 0x00, 0x00, 0x00,
  0x00, 0x00, 0x00, 0x00,
  0x7F, 0xFF, 0x00, 0x00, 0x00, 0x00, 0x00, 0x00, 0x00, 0x7F, 0xFF, 0xFF,
  0xC0, 0x00, 0x00, 0x00,
  0x00, 0x00, 0x1F, 0xFF, 0xFF, 0xFF, 0xC0, 0x00, 0x00, 0x00, 0x00, 0x03,
  0xFF, 0xFF, 0xFF, 0xFF,
  0x80, 0x00, 0x00, 0x00, 0x00, 0x7F, 0xFF, 0xFF, 0xFF, 0xFF, 0x00, 0x00,
  0x00, 0x00, 0x0F, 0xFF,
  0xFF, 0xFF, 0xFF, 0xFE, 0x00, 0x00, 0x00, 0x01, 0xFF, 0xFF, 0xFF, 0xFF,
  0xFF, 0xF8, 0x00, 0x00,
  0x00, 0x1F, 0xFF, 0xFF, 0xFF, 0xFF, 0xFF, 0xE0, 0x00, 0x00, 0x01, 0xFF,
  0xFF, 0xFF, 0xFF, 0xFF,
  0xFF, 0x80, 0x00, 0x00, 0x3F, 0xFF, 0xFF, 0xFF, 0xFF, 0xFF, 0xFE, 0x00,
  0x00, 0x03, 0xFF, 0xFF,
  0xFF, 0xFF, 0xFF, 0xFF, 0xF8, 0x00, 0x00, 0x3F, 0xFF, 0xFF, 0xC0, 0x01,
  0xFF, 0xFF, 0xE0, 0x00,
  0x01, 0xFF, 0xFF, 0xE0, 0x00, 0x01, 0xFF, 0xFF, 0x80, 0x00, 0x1F, 0xFF,
  0xFC, 0x00, 0x00, 0x01,
  0xFF, 0xFE, 0x00, 0x01, 0xFF, 0xFF, 0x80, 0x00, 0x00, 0x03, 0xFF, 0xF0,
  0x00, 0x1F, 0xFF, 0xF8,
  0x00, 0x00, 0x00, 0x0F, 0xFF, 0xC0, 0x00, 0xFF, 0xFF, 0x00, 0x00, 0x00,
  0x00, 0x3F, 0xFF, 0x00,
  0x0F, 0xFF, 0xF0, 0x00, 0x00, 0x00, 0x00, 0xFF, 0xF8, 0x00, 0xFF, 0xFF,
  0x00, 0x00, 0x00, 0x00,
  0x03, 0xFF, 0xE0, 0x07, 0xFF, 0xF0, 0x00, 0x00, 0x00, 0x00, 0x0F, 0xFF,
  0x00, 0x7F, 0xFF, 0x00,
  0x00, 0x00, 0x00, 0x00, 0x7F, 0xFC, 0x03, 0xFF, 0xF8, 0x00, 0x00, 0x00,
  0x00, 0x01, 0xFF, 0xE0,
  0x3F, 0xFF, 0x80, 0x07, 0xE0, 0x0F, 0xFC, 0x0F, 0xFF, 0x01, 0xFF, 0xF8,
  0x00, 0xFF, 0xC0, 0xFF,
  0xE0, 0x3F, 0xFC, 0x0F, 0xFF, 0xC0, 0x1F, 0xFF, 0x87, 0xFF, 0x01, 0xFF,
  0xE0, 0xFF, 0xFC, 0x01,
  0xFF, 0xFE, 0x3F, 0xF8, 0x0F, 0xFF, 0x07, 0xFF, 0xE0, 0x1F, 0xFF, 0xF9,
  0xFF, 0xC0, 0x3F, 0xFC,
  0x3F, 0xFE, 0x00, 0xFF, 0xFF, 0xDF, 0xFE, 0x01, 0xFF, 0xE3, 0xFF, 0xF0,
  0x0F, 0xFF, 0xFF, 0xFF,
  0xF0, 0x0F, 0xFF, 0x1F, 0xFF, 0x80, 0x7F, 0xFF, 0xFF, 0xFF, 0x80, 0x3F,
  0xF8, 0xFF, 0xF8, 0x07,
  0xFF, 0xFF, 0xFF, 0xFC, 0x01, 0xFF, 0xCF, 0xFF, 0xC0, 0x3F, 0xFF, 0xFF,
  0xFF, 0xE0, 0x0F, 0xFF,
  0x7F, 0xFE, 0x01, 0xFF, 0xFF, 0xFF, 0xFF, 0x00, 0x7F, 0xFB, 0xFF, 0xF0,
  0x1F, 0xFF, 0xF0, 0xFF,
  0xF8, 0x03, 0xFF, 0xDF, 0xFF, 0x00, 0xFF, 0xFF, 0x07, 0xFF, 0xC0, 0x1F,
  0xFE, 0xFF, 0xF8, 0x07,
  0xFF, 0xF0, 0x3F, 0xFE, 0x00, 0xFF, 0xF7, 0xFF, 0xC0, 0x3F, 0xFF, 0x81,
  0xFF, 0xF0, 0x07, 0xFF,
  0xFF, 0xFE, 0x01, 0xFF, 0xF8, 0x0F, 0xFF, 0x80, 0x1F, 0xFF, 0xFF, 0xF0,
  0x1F, 0xFF, 0xC0, 0x7F,
  0xFC, 0x00, 0xFF, 0xFF, 0xFF, 0x80, 0xFF, 0xFE, 0x03, 0xFF, 0xE0, 0x07,
  0xFF, 0xFF, 0xFC, 0x07,
  0xFF, 0xF0, 0x1F, 0xFF, 0x00, 0x3F, 0xFF, 0xFF, 0xE0, 0x3F, 0xFF, 0x80,
  0xFF, 0xF8, 0x01, 0xFF,
  0xFF, 0xFF, 0x01, 0xFF, 0xFC, 0x07, 0xFF, 0xC0, 0x0F, 0xFF, 0xFF, 0xF0,
  0x0F, 0xFF, 0xC0, 0x3F,
  0xFE, 0x00, 0x7F, 0xFF, 0xFF, 0x80, 0x7F, 0xFE, 0x01, 0xFF, 0xF0, 0x03,
  0xFF, 0xFF, 0xFC, 0x03,
  0xFF, 0xF0, 0x0F, 0xFF, 0x80, 0x1F, 0xFF, 0xFF, 0xE0, 0x1F, 0xFF, 0x80,
  0x7F, 0xFC, 0x00, 0xFF,
  0xFF, 0xFF, 0x00, 0xFF, 0xFC, 0x03, 0xFF, 0xE0, 0x07, 0xFF, 0xFF, 0xF8,
  0x07, 0xFF, 0xE0, 0x1F,
  0xFF, 0x00, 0x7F, 0xFF, 0xFF, 0xC0, 0x3F, 0xFF, 0x80, 0xFF, 0xF8, 0x03,
  0xFF, 0xFF, 0xFF, 0x01,
  0xFF, 0xFC, 0x07, 0xFF, 0xC0, 0x1F, 0xFF, 0xFF, 0xF8, 0x0F, 0xFF, 0xE0,
  0x3F, 0xFE, 0x00, 0xFF,
  0xFF, 0xFF, 0xC0, 0x7F, 0xFF, 0x01, 0xFF, 0xF0, 0x07, 0xFF, 0x7F, 0xFE,
  0x03, 0xFF, 0xF8, 0x0F,
  0xFF, 0x80, 0x3F, 0xFB, 0xFF, 0xF0, 0x0F, 0xFF, 0xC0, 0x7F, 0xFE, 0x01,
  0xFF, 0xDF, 0xFF, 0x80,
  0x7F, 0xFF, 0x07, 0xFF, 0xF0, 0x1F, 0xFE, 0x7F, 0xFC, 0x03, 0xFF, 0xF8,
  0x3F, 0xFF, 0x80, 0xFF,
  0xF3, 0xFF, 0xE0, 0x1F, 0xFF, 0xE3, 0xFF, 0xFE, 0x0F, 0xFF, 0x1F, 0xFF,
  0x80, 0x7F, 0xFF, 0xFF,
  0xFF, 0xF8, 0xFF, 0xF8, 0xFF, 0xFC, 0x03, 0xFF, 0xFF, 0xFF, 0xFF, 0xFF,
  0xFF, 0xC7, 0xFF, 0xE0,
  0x1F, 0xFF, 0xFF, 0xFF, 0xFF, 0xFF, 0xFC, 0x1F, 0xFF, 0x80, 0x7F, 0xFF,
  0xFB, 0xFF, 0xFF, 0xFF,
  0xE0, 0xFF, 0xFC, 0x03, 0xFF, 0xFF, 0xDF, 0xFF, 0xFF, 0xFE, 0x07, 0xFF,
  0xE0, 0x0F, 0xFF, 0xFC,
  0x7F, 0xFF, 0xFF, 0xF0, 0x3F, 0xFF, 0x80, 0x7F, 0xFF, 0xE1, 0xFF, 0xFF,
  0xFF, 0x00, 0xFF, 0xFC,
  0x01, 0xFF, 0xFE, 0x0F, 0xFF, 0xFF, 0xF0, 0x07, 0xFF, 0xF0, 0x07, 0xFF,
  0xF0, 0x3F, 0xFF, 0xFF,
  0x00, 0x3F, 0xFF, 0x80, 0x1F, 0xFF, 0x00, 0x7F, 0xFF, 0xF0, 0x00, 0xFF,
  0xFE, 0x00, 0x7F, 0xF0,
  0x01, 0xFF, 0xFE, 0x00, 0x07, 0xFF, 0xF8, 0x00, 0xFE, 0x00, 0x01, 0xFF,
  0x80, 0x00, 0x1F, 0xFF,
  0xE0, 0x00, 0x00, 0x00, 0x00, 0x00, 0x00, 0x00, 0xFF, 0xFF, 0x00, 0x00,
  0x00, 0x00, 0x00, 0x00,
  0x00, 0x03, 0xFF, 0xFE, 0x00, 0x00, 0x00, 0x00, 0x00, 0x00, 0x00, 0x1F,
  0xFF, 0xF8, 0x00, 0x00,
  0x00, 0x00, 0x00, 0x00, 0x00, 0x7F, 0xFF, 0xE0, 0x00, 0x00, 0x00, 0x00,
  0x00, 0x00, 0x01, 0xFF,
  0xFF, 0xC0, 0x00, 0x00, 0x00, 0x00, 0x00, 0x00, 0x07, 0xFF, 0xFF, 0x80,
  0x00, 0x00, 0x00, 0x00,
  0x00, 0x00, 0x3F, 0xFF, 0xFF, 0x00, 0x00, 0x00, 0x00, 0x00, 0x00, 0x00,
  0xFF, 0xFF, 0xFF, 0x80,
  0x01, 0xE0, 0x00, 0x00, 0x00, 0x03, 0xFF, 0xFF, 0xFF, 0xFF, 0xFF, 0x00,
  0x00, 0x00, 0x00, 0x0F,
  0xFF, 0xFF, 0xFF, 0xFF, 0xFC, 0x00, 0x00, 0x00, 0x00, 0x3F, 0xFF, 0xFF,
  0xFF, 0xFF, 0xE0, 0x00,
  0x00, 0x00, 0x00, 0x7F, 0xFF, 0xFF, 0xFF, 0xFF, 0x00, 0x00, 0x00, 0x00,
  0x01, 0xFF, 0xFF, 0xFF,
  0xFF, 0xF8, 0x00, 0x00, 0x00, 0x00, 0x03, 0xFF, 0xFF, 0xFF, 0xFF, 0xC0,
  0x00, 0x00, 0x00, 0x00,
  0x0F, 0xFF, 0xFF, 0xFF, 0xFE, 0x00, 0x00, 0x00, 0x00, 0x00, 0x0F, 0xFF,
  0xFF, 0xFF, 0xF0, 0x00,
  0x00, 0x00, 0x00, 0x00, 0x1F, 0xFF, 0xFF, 0xFF, 0xC0, 0x00, 0x00, 0x00,
  0x00, 0x00, 0x1F, 0xFF,
  0xFF, 0xFE, 0x00, 0x00, 0x00, 0x00, 0x00, 0x00, 0x03, 0xFF, 0xF8, 0x00,
  0x00, 0x00, 0x00, 0x00,
  0xFF, 0xFF, 0xFF, 0xF0, 0x00, 0x0F, 0xFF, 0xFF, 0xFF, 0x80, 0x00, 0xFF,
  0xFF, 0xFF, 0xF8, 0x00,
  0x0F, 0xFF, 0xFF, 0xFF, 0x80, 0x00, 0xFF, 0xFF, 0xFF, 0xF8, 0x00, 0x0F,
  0xFF, 0xFF, 0xFF, 0x80,
  0x00, 0xFF, 0xFF, 0xFF, 0xF8, 0x00, 0x0F, 0xFF, 0xFF, 0xFF, 0x80, 0x00,
  0xFF, 0xFF, 0xFF, 0xF8,
  0x00, 0x1F, 0xFF, 0xFF, 0xFF, 0x80, 0x01, 0xFF, 0xFF, 0xFF, 0xF8, 0x00,
  0x1F, 0xFF, 0xFF, 0xFF,
  0x80, 0x01, 0xFF, 0xFF, 0xFF, 0xFC, 0x00, 0x1F, 0xFF, 0xFF, 0xFF, 0xC0,
  0x01, 0xFF, 0xFD, 0xFF,
  0xFC, 0x00, 0x1F, 0xFF, 0xDF, 0xFF, 0xC0, 0x01, 0xFF, 0xFD, 0xFF, 0xFC,
  0x00, 0x1F, 0xFF, 0xDF,
  0xFF, 0xC0, 0x01, 0xFF, 0xF9, 0xFF, 0xFC, 0x00, 0x3F, 0xFF, 0x9F, 0xFF,
  0xC0, 0x03, 0xFF, 0xF9,
  0xFF, 0xFC, 0x00, 0x3F, 0xFF, 0x9F, 0xFF, 0xC0, 0x03, 0xFF, 0xF9, 0xFF,
  0xFE, 0x00, 0x3F, 0xFF,
  0x9F, 0xFF, 0xE0, 0x03, 0xFF, 0xF9, 0xFF, 0xFE, 0x00, 0x3F, 0xFF, 0x8F,
  0xFF, 0xE0, 0x03, 0xFF,
  0xF8, 0xFF, 0xFE, 0x00, 0x3F, 0xFF, 0x8F, 0xFF, 0xE0, 0x03, 0xFF, 0xF8,
  0xFF, 0xFE, 0x00, 0x7F,
  0xFF, 0x8F, 0xFF, 0xE0, 0x07, 0xFF, 0xF8, 0xFF, 0xFE, 0x00, 0x7F, 0xFF,
  0x0F, 0xFF, 0xE0, 0x07,
  0xFF, 0xF0, 0xFF, 0xFE, 0x00, 0x7F, 0xFF, 0x0F, 0xFF, 0xF0, 0x07, 0xFF,
  0xF0, 0xFF, 0xFF, 0x00,
  0x7F, 0xFF, 0x0F, 0xFF, 0xF0, 0x07, 0xFF, 0xF0, 0xFF, 0xFF, 0x00, 0x7F,
  0xFF, 0x07, 0xFF, 0xF0,
  0x07, 0xFF, 0xF0, 0x7F, 0xFF, 0x00, 0x7F, 0xFF, 0x07, 0xFF, 0xF0, 0x0F,
  0xFF, 0xF0, 0x7F, 0xFF,
  0x00, 0xFF, 0xFF, 0x07, 0xFF, 0xF0, 0x0F, 0xFF, 0xF0, 0x7F, 0xFF, 0x00,
  0xFF, 0xFF, 0x07, 0xFF,
  0xF8, 0x0F, 0xFF, 0xF0, 0x7F, 0xFF, 0x80, 0xFF, 0xFE, 0x07, 0xFF, 0xF8,
  0x0F, 0xFF, 0xE0, 0x7F,
  0xFF, 0x80, 0xFF, 0xFE, 0x07, 0xFF, 0xF8, 0x0F, 0xFF, 0xE0, 0x7F, 0xFF,
  0x80, 0xFF, 0xFE, 0x03,
  0xFF, 0xF8, 0x1F, 0xFF, 0xE0, 0x3F, 0xFF, 0x81, 0xFF, 0xFE, 0x03, 0xFF,
  0xF8, 0x1F, 0xFF, 0xE0,
  0x3F, 0xFF, 0x81, 0xFF, 0xFE, 0x03, 0xFF, 0xF8, 0x1F, 0xFF, 0xE0, 0x3F,
  0xFF, 0xC1, 0xFF, 0xFE,
  0x03, 0xFF, 0xFC, 0x1F, 0xFF, 0xFF, 0xFF, 0xFF, 0xC1, 0xFF, 0xFF, 0xFF,
  0xFF, 0xFC, 0x1F, 0xFF,
  0xFF, 0xFF, 0xFF, 0xC1, 0xFF, 0xFF, 0xFF, 0xFF, 0xFC, 0x3F, 0xFF, 0xFF,
  0xFF, 0xFF, 0xC3, 0xFF,
  0xFF, 0xFF, 0xFF, 0xFC, 0x3F, 0xFF, 0xFF, 0xFF, 0xFF, 0xC3, 0xFF, 0xFF,
  0xFF, 0xFF, 0xFC, 0x3F,
  0xFF, 0xFF, 0xFF, 0xFF, 0xE3, 0xFF, 0xFF, 0xFF, 0xFF, 0xFE, 0x3F, 0xFF,
  0xFF, 0xFF, 0xFF, 0xE3,
  0xFF, 0xFF, 0xFF, 0xFF, 0xFE, 0x3F, 0xFF, 0xFF, 0xFF, 0xFF, 0xE3, 0xFF,
  0xF8, 0x01, 0xFF, 0xFE,
  0x3F, 0xFF, 0x80, 0x0F, 0xFF, 0xE7, 0xFF, 0xF8, 0x00, 0xFF, 0xFE, 0x7F,
  0xFF, 0x80, 0x0F, 0xFF,
  0xE7, 0xFF, 0xF8, 0x00, 0xFF, 0xFE, 0x7F, 0xFF, 0x80, 0x0F, 0xFF, 0xE7,
  0xFF, 0xF8, 0x00, 0xFF,
  0xFF, 0x7F, 0xFF, 0x80, 0x0F, 0xFF, 0xF7, 0xFF, 0xF8, 0x00, 0xFF, 0xFF,
  0x7F, 0xFF, 0x80, 0x0F,
  0xFF, 0xF7, 0xFF, 0xF8, 0x00, 0xFF, 0xFF, 0x7F, 0xFF, 0x80, 0x0F, 0xFF,
  0xFF, 0xFF, 0xF0, 0x00,
  0x7F, 0xFF, 0xFF, 0xFF, 0xFF, 0xF0, 0x00, 0xFF, 0xFF, 0xFF, 0xFE, 0x00,
  0xFF, 0xFF, 0xFF, 0xFF,
  0x80, 0xFF, 0xFF, 0xFF, 0xFF, 0xC0, 0xFF, 0xFF, 0xFF, 0xFF, 0xE0, 0xFF,
  0xFF, 0xFF, 0xFF, 0xF0,
  0xFF, 0xFF, 0xFF, 0xFF, 0xF8, 0xFF, 0xFF, 0xFF, 0xFF, 0xF8, 0xFF, 0xFF,
  0xFF, 0xFF, 0xFC, 0xFF,
  0xFF, 0xFF, 0xFF, 0xFC, 0xFF, 0xFF, 0xFF, 0xFF, 0xFC, 0xFF, 0xFF, 0xFF,
  0xFF, 0xFE, 0xFF, 0xFF,
  0xFF, 0xFF, 0xFE, 0xFF, 0xFF, 0x07, 0xFF, 0xFE, 0xFF, 0xFF, 0x03, 0xFF,
  0xFE, 0xFF, 0xFF, 0x01,
  0xFF, 0xFE, 0xFF, 0xFF, 0x01, 0xFF, 0xFE, 0xFF, 0xFF, 0x01, 0xFF, 0xFE,
  0xFF, 0xFF, 0x01, 0xFF,
  0xFE, 0xFF, 0xFF, 0x01, 0xFF, 0xFE, 0xFF, 0xFF, 0x01, 0xFF, 0xFE, 0xFF,
  0xFF, 0x01, 0xFF, 0xFE,
  0xFF, 0xFF, 0x01, 0xFF, 0xFE, 0xFF, 0xFF, 0x01, 0xFF, 0xFE, 0xFF, 0xFF,
  0x01, 0xFF, 0xFE, 0xFF,
  0xFF, 0x01, 0xFF, 0xFE, 0xFF, 0xFF, 0x01, 0xFF, 0xFE, 0xFF, 0xFF, 0x01,
  0xFF, 0xFE, 0xFF, 0xFF,
  0x03, 0xFF, 0xFC, 0xFF, 0xFF, 0x03, 0xFF, 0xFC, 0xFF, 0xFF, 0x07, 0xFF,
  0xFC, 0xFF, 0xFF, 0xFF,
  0xFF, 0xF8, 0xFF, 0xFF, 0xFF, 0xFF, 0xF8, 0xFF, 0xFF, 0xFF, 0xFF, 0xF0,
  0xFF, 0xFF, 0xFF, 0xFF,
  0xE0, 0xFF, 0xFF, 0xFF, 0xFF, 0x80, 0xFF, 0xFF, 0xFF, 0xFE, 0x00, 0xFF,
  0xFF, 0xFF, 0xFF, 0x80,
  0xFF, 0xFF, 0xFF, 0xFF, 0xE0, 0xFF, 0xFF, 0xFF, 0xFF, 0xF0, 0xFF, 0xFF,
  0xFF, 0xFF, 0xF8, 0xFF,
  0xFF, 0xFF, 0xFF, 0xFC, 0xFF, 0xFF, 0xFF, 0xFF, 0xFC, 0xFF, 0xFF, 0xFF,
  0xFF, 0xFC, 0xFF, 0xFF,
  0x07, 0xFF, 0xFE, 0xFF, 0xFF, 0x03, 0xFF, 0xFE, 0xFF, 0xFF, 0x01, 0xFF,
  0xFE, 0xFF, 0xFF, 0x01,
  0xFF, 0xFE, 0xFF, 0xFF, 0x00, 0xFF, 0xFF, 0xFF, 0xFF, 0x00, 0xFF, 0xFF,
  0xFF, 0xFF, 0x00, 0xFF,
  0xFF, 0xFF, 0xFF, 0x00, 0xFF, 0xFF, 0xFF, 0xFF, 0x00, 0xFF, 0xFF, 0xFF,
  0xFF, 0x00, 0xFF, 0xFF,
  0xFF, 0xFF, 0x00, 0xFF, 0xFF, 0xFF, 0xFF, 0x00, 0xFF, 0xFF, 0xFF, 0xFF,
  0x00, 0xFF, 0xFF, 0xFF,
  0xFF, 0x00, 0xFF, 0xFF, 0xFF, 0xFF, 0x00, 0xFF, 0xFF, 0xFF, 0xFF, 0x00,
  0xFF, 0xFF, 0xFF, 0xFF,
  0x00, 0xFF, 0xFF, 0xFF, 0xFF, 0x00, 0xFF, 0xFF, 0xFF, 0xFF, 0x00, 0xFF,
  0xFF, 0xFF, 0xFF, 0x01,
  0xFF, 0xFF, 0xFF, 0xFF, 0x01, 0xFF, 0xFF, 0xFF, 0xFF, 0x03, 0xFF, 0xFE,
  0xFF, 0xFF, 0x07, 0xFF,
  0xFE, 0xFF, 0xFF, 0xFF, 0xFF, 0xFE, 0xFF, 0xFF, 0xFF, 0xFF, 0xFE, 0xFF,
  0xFF, 0xFF, 0xFF, 0xFE,
  0xFF, 0xFF, 0xFF, 0xFF, 0xFC, 0xFF, 0xFF, 0xFF, 0xFF, 0xFC, 0xFF, 0xFF,
  0xFF, 0xFF, 0xFC, 0xFF,
  0xFF, 0xFF, 0xFF, 0xF8, 0xFF, 0xFF, 0xFF, 0xFF, 0xF8, 0xFF, 0xFF, 0xFF,
  0xFF, 0xF0, 0xFF, 0xFF,
  0xFF, 0xFF, 0xE0, 0xFF, 0xFF, 0xFF, 0xFF, 0xC0, 0xFF, 0xFF, 0xFF, 0xFF,
  0x80, 0xFF, 0xFF, 0xFF,
  0xFF, 0x00, 0xFF, 0xFF, 0xFF, 0xFC, 0x00, 0xFF, 0xFF, 0xFF, 0xE0, 0x00,
  0x00, 0x01, 0xFF, 0xC0,
  0x00, 0x00, 0x0F, 0xFF, 0xFC, 0x00, 0x00, 0x1F, 0xFF, 0xFF, 0x80, 0x00,
  0x1F, 0xFF, 0xFF, 0xF0,
  0x00, 0x3F, 0xFF, 0xFF, 0xFC, 0x00, 0x3F, 0xFF, 0xFF, 0xFF, 0x00, 0x1F,
  0xFF, 0xFF, 0xFF, 0xC0,
  0x1F, 0xFF, 0xFF, 0xFF, 0xF0, 0x1F, 0xFF, 0xFF, 0xFF, 0xFC, 0x0F, 0xFF,
  0xFF, 0xFF, 0xFE, 0x0F,
  0xFF, 0xFF, 0xFF, 0xFF, 0x87, 0xFF, 0xFF, 0xFF, 0xFF, 0xC3, 0xFF, 0xFF,
  0xFF, 0xFF, 0xF3, 0xFF,
  0xFF, 0xFF, 0xFF, 0xF9, 0xFF, 0xFF, 0xFF, 0xFF, 0xFC, 0xFF, 0xFF, 0x87,
  0xFF, 0xFE, 0x7F, 0xFF,
  0x81, 0xFF, 0xFF, 0x7F, 0xFF, 0xC0, 0x7F, 0xFF, 0xBF, 0xFF, 0xE0, 0x3F,
  0xFF, 0xDF, 0xFF, 0xE0,
  0x1F, 0xFF, 0xFF, 0xFF, 0xF0, 0x0F, 0xFF, 0xFF, 0xFF, 0xF8, 0x07, 0xFF,
  0xFF, 0xFF, 0xFC, 0x03,
  0xFF, 0xFF, 0xFF, 0xFE, 0x01, 0xFF, 0xFF, 0xFF, 0xFF, 0x00, 0xFF, 0xFF,
  0xFF, 0xFF, 0x80, 0x7F,
  0xFF, 0xFF, 0xFF, 0xC0, 0x3F, 0xFF, 0xFF, 0xFF, 0xE0, 0x1F, 0xFF, 0xFF,
  0xFF, 0xF0, 0x0F, 0xFF,
  0xFF, 0xFF, 0xF8, 0x07, 0xFF, 0xFF, 0xFF, 0xFC, 0x03, 0xFF, 0xFF, 0xFF,
  0xFE, 0x01, 0xFF, 0xFF,
  0xFF, 0xFF, 0x00, 0xFF, 0xFF, 0xFF, 0xFF, 0x80, 0x7F, 0xFF, 0xFF, 0xFF,
  0xC0, 0x00, 0x00, 0x1F,
  0xFF, 0xE0, 0x00, 0x00, 0x0F, 0xFF, 0xF0, 0x00, 0x00, 0x07, 0xFF, 0xF8,
  0x00, 0x00, 0x03, 0xFF,
  0xFC, 0x00, 0x00, 0x01, 0xFF, 0xFE, 0x00, 0x00, 0x00, 0xFF, 0xFF, 0x00,
  0x00, 0x00, 0x7F, 0xFF,
  0x80, 0x00, 0x00, 0x3F, 0xFF, 0xC0, 0x00, 0x00, 0x1F, 0xFF, 0xE0, 0x00,
  0x00, 0x0F, 0xFF, 0xF0,
  0x00, 0x00, 0x07, 0xFF, 0xF8, 0x00, 0x00, 0x03, 0xFF, 0xFC, 0x00, 0x00,
  0x01, 0xFF, 0xFE, 0x00,
  0x00, 0x00, 0xFF, 0xFF, 0x00, 0xFF, 0xFF, 0xFF, 0xFF, 0x80, 0x7F, 0xFF,
  0xFF, 0xFF, 0xC0, 0x3F,
  0xFF, 0xFF, 0xFF, 0xE0, 0x1F, 0xFF, 0xFF, 0xFF, 0xF0, 0x0F, 0xFF, 0xFF,
  0xFF, 0xF8, 0x07, 0xFF,
  0xFF, 0xFF, 0xFC, 0x03, 0xFF, 0xFF, 0xFF, 0xFE, 0x01, 0xFF, 0xFF, 0xFF,
  0xFF, 0x00, 0xFF, 0xFF,
  0xFF, 0xFF, 0x80, 0x7F, 0xFF, 0xFF, 0xFF, 0xC0, 0x3F, 0xFF, 0xFF, 0xFF,
  0xE0, 0x1F, 0xFF, 0xFF,
  0xFF, 0xF0, 0x0F, 0xFF, 0xFF, 0xFF, 0xF8, 0x07, 0xFF, 0xFF, 0xFF, 0xFC,
  0x03, 0xFF, 0xFF, 0xFF,
  0xFE, 0x01, 0xFF, 0xFF, 0xFF, 0xFF, 0x00, 0xFF, 0xFF, 0xFF, 0xFF, 0xC0,
  0x7F, 0xFF, 0xFF, 0xFF,
  0xE0, 0x3F, 0xFF, 0xFF, 0xFF, 0xF0, 0x3F, 0xFF, 0xEF, 0xFF, 0xFC, 0x3F,
  0xFF, 0xF3, 0xFF, 0xFF,
  0xFF, 0xFF, 0xF9, 0xFF, 0xFF, 0xFF, 0xFF, 0xFC, 0xFF, 0xFF, 0xFF, 0xFF,
  0xFE, 0x3F, 0xFF, 0xFF,
  0xFF, 0xFE, 0x1F, 0xFF, 0xFF, 0xFF, 0xFF, 0x07, 0xFF, 0xFF, 0xFF, 0xFF,
  0x83, 0xFF, 0xFF, 0xFF,
  0xFF, 0x80, 0xFF, 0xFF, 0xFF, 0xFF, 0x80, 0x3F, 0xFF, 0xFF, 0xFF, 0xC0,
  0x0F, 0xFF, 0xFF, 0xFF,
  0xC0, 0x03, 0xFF, 0xFF, 0xFF, 0xC0, 0x00, 0xFF, 0xFF, 0xFF, 0x80, 0x00,
  0x3F, 0xFF, 0xFF, 0x80,
  0x00, 0x07, 0xFF, 0xFE, 0x00, 0x00, 0x00, 0x3F, 0xF8, 0x00, 0x00, 0xFF,
  0xFF, 0xFF, 0xF0, 0x00,
  0xFF, 0xFF, 0xFF, 0xFE, 0x00, 0xFF, 0xFF, 0xFF, 0xFF, 0x80, 0xFF, 0xFF,
  0xFF, 0xFF, 0xC0, 0xFF,
  0xFF, 0xFF, 0xFF, 0xE0, 0xFF, 0xFF, 0xFF, 0xFF, 0xF0, 0xFF, 0xFF, 0xFF,
  0xFF, 0xF8, 0xFF, 0xFF,
  0xFF, 0xFF, 0xFC, 0xFF, 0xFF, 0xFF, 0xFF, 0xFC, 0xFF, 0xFF, 0xFF, 0xFF,
  0xFE, 0xFF, 0xFF, 0xFF,
  0xFF, 0xFE, 0xFF, 0xFF, 0xFF, 0xFF, 0xFE, 0xFF, 0xFF, 0xFF, 0xFF, 0xFF,
  0xFF, 0xFF, 0xFF, 0xFF,
  0xFF, 0xFF, 0xFF, 0x07, 0xFF, 0xFF, 0xFF, 0xFF, 0x01, 0xFF, 0xFF, 0xFF,
  0xFF, 0x01, 0xFF, 0xFF,
  0xFF, 0xFF, 0x01, 0xFF, 0xFF, 0xFF, 0xFF, 0x00, 0xFF, 0xFF, 0xFF, 0xFF,
  0x00, 0xFF, 0xFF, 0xFF,
  0xFF, 0x00, 0xFF, 0xFF, 0xFF, 0xFF, 0x00, 0xFF, 0xFF, 0xFF, 0xFF, 0x00,
  0xFF, 0xFF, 0xFF, 0xFF,
  0x00, 0xFF, 0xFF, 0xFF, 0xFF, 0x00, 0xFF, 0xFF, 0xFF, 0xFF, 0x00, 0xFF,
  0xFF, 0xFF, 0xFF, 0x00,
  0xFF, 0xFF, 0xFF, 0xFF, 0x00, 0xFF, 0xFF, 0xFF, 0xFF, 0x00, 0xFF, 0xFF,
  0xFF, 0xFF, 0x00, 0xFF,
  0xFF, 0xFF, 0xFF, 0x00, 0xFF, 0xFF, 0xFF, 0xFF, 0x00, 0xFF, 0xFF, 0xFF,
  0xFF, 0x00, 0xFF, 0xFF,
  0xFF, 0xFF, 0x00, 0xFF, 0xFF, 0xFF, 0xFF, 0x00, 0xFF, 0xFF, 0xFF, 0xFF,
  0x00, 0xFF, 0xFF, 0xFF,
  0xFF, 0x00, 0xFF, 0xFF, 0xFF, 0xFF, 0x00, 0xFF, 0xFF, 0xFF, 0xFF, 0x00,
  0xFF, 0xFF, 0xFF, 0xFF,
  0x00, 0xFF, 0xFF, 0xFF, 0xFF, 0x00, 0xFF, 0xFF, 0xFF, 0xFF, 0x00, 0xFF,
  0xFF, 0xFF, 0xFF, 0x00,
  0xFF, 0xFF, 0xFF, 0xFF, 0x00, 0xFF, 0xFF, 0xFF, 0xFF, 0x00, 0xFF, 0xFF,
  0xFF, 0xFF, 0x00, 0xFF,
  0xFF, 0xFF, 0xFF, 0x00, 0xFF, 0xFF, 0xFF, 0xFF, 0x00, 0xFF, 0xFF, 0xFF,
  0xFF, 0x00, 0xFF, 0xFF,
  0xFF, 0xFF, 0x00, 0xFF, 0xFF, 0xFF, 0xFF, 0x00, 0xFF, 0xFF, 0xFF, 0xFF,
  0x00, 0xFF, 0xFF, 0xFF,
  0xFF, 0x00, 0xFF, 0xFF, 0xFF, 0xFF, 0x00, 0xFF, 0xFF, 0xFF, 0xFF, 0x00,
  0xFF, 0xFF, 0xFF, 0xFF,
  0x00, 0xFF, 0xFF, 0xFF, 0xFF, 0x00, 0xFF, 0xFF, 0xFF, 0xFF, 0x00, 0xFF,
  0xFF, 0xFF, 0xFF, 0x00,
  0xFF, 0xFF, 0xFF, 0xFF, 0x00, 0xFF, 0xFF, 0xFF, 0xFF, 0x00, 0xFF, 0xFF,
  0xFF, 0xFF, 0x00, 0xFF,
  0xFF, 0xFF, 0xFF, 0x00, 0xFF, 0xFF, 0xFF, 0xFF, 0x00, 0xFF, 0xFF, 0xFF,
  0xFF, 0x01, 0xFF, 0xFF,
  0xFF, 0xFF, 0x01, 0xFF, 0xFF, 0xFF, 0xFF, 0x03, 0xFF, 0xFF, 0xFF, 0xFF,
  0xFF, 0xFF, 0xFE, 0xFF,
  0xFF, 0xFF, 0xFF, 0xFE, 0xFF, 0xFF, 0xFF, 0xFF, 0xFE, 0xFF, 0xFF, 0xFF,
  0xFF, 0xFE, 0xFF, 0xFF,
  0xFF, 0xFF, 0xFC, 0xFF, 0xFF, 0xFF, 0xFF, 0xFC, 0xFF, 0xFF, 0xFF, 0xFF,
  0xF8, 0xFF, 0xFF, 0xFF,
  0xFF, 0xF8, 0xFF, 0xFF, 0xFF, 0xFF, 0xF0, 0xFF, 0xFF, 0xFF, 0xFF, 0xF0,
  0xFF, 0xFF, 0xFF, 0xFF,
  0xE0, 0xFF, 0xFF, 0xFF, 0xFF, 0xC0, 0xFF, 0xFF, 0xFF, 0xFF, 0x00, 0xFF,
  0xFF, 0xFF, 0xFC, 0x00,
  0xFF, 0xFF, 0xFF, 0xE0, 0x00, 0xFF, 0xFF, 0xFF, 0xFF, 0xBF, 0xFF, 0xFF,
  0xFF, 0xEF, 0xFF, 0xFF,
  0xFF, 0xFB, 0xFF, 0xFF, 0xFF, 0xFE, 0xFF, 0xFF, 0xFF, 0xFF, 0xBF, 0xFF,
  0xFF, 0xFF, 0xEF, 0xFF,
  0xFF, 0xFF, 0xFB, 0xFF, 0xFF, 0xFF, 0xFE, 0xFF, 0xFF, 0xFF, 0xFF, 0xBF,
  0xFF, 0xFF, 0xFF, 0xEF,
  0xFF, 0xFF, 0xFF, 0xFB, 0xFF, 0xFF, 0xFF, 0xFE, 0xFF, 0xFF, 0xFF, 0xFF,
  0xBF, 0xFF, 0xFF, 0xFF,
  0xEF, 0xFF, 0xFF, 0xFF, 0xFB, 0xFF, 0xFF, 0xFF, 0xFE, 0xFF, 0xFF, 0x00,
  0x00, 0x3F, 0xFF, 0xC0,
  0x00, 0x0F, 0xFF, 0xF0, 0x00, 0x03, 0xFF, 0xFC, 0x00, 0x00, 0xFF, 0xFF,
  0x00, 0x00, 0x3F, 0xFF,
  0xC0, 0x00, 0x0F, 0xFF, 0xF0, 0x00, 0x03, 0xFF, 0xFC, 0x00, 0x00, 0xFF,
  0xFF, 0x00, 0x00, 0x3F,
  0xFF, 0xC0, 0x00, 0x0F, 0xFF, 0xF0, 0x00, 0x03, 0xFF, 0xFC, 0x00, 0x00,
  0xFF, 0xFF, 0x00, 0x00,
  0x3F, 0xFF, 0xC0, 0x00, 0x0F, 0xFF, 0xF0, 0x00, 0x03, 0xFF, 0xFF, 0xFF,
  0xFC, 0xFF, 0xFF, 0xFF,
  0xFF, 0x3F, 0xFF, 0xFF, 0xFF, 0xCF, 0xFF, 0xFF, 0xFF, 0xF3, 0xFF, 0xFF,
  0xFF, 0xFC, 0xFF, 0xFF,
  0xFF, 0xFF, 0x3F, 0xFF, 0xFF, 0xFF, 0xCF, 0xFF, 0xFF, 0xFF, 0xF3, 0xFF,
  0xFF, 0xFF, 0xFC, 0xFF,
  0xFF, 0xFF, 0xFF, 0x3F, 0xFF, 0xFF, 0xFF, 0xCF, 0xFF, 0xFF, 0xFF, 0xF3,
  0xFF, 0xFF, 0xFF, 0xFC,
  0xFF, 0xFF, 0xFF, 0xFF, 0x3F, 0xFF, 0xFF, 0xFF, 0xCF, 0xFF, 0xFF, 0xFF,
  0xF3, 0xFF, 0xFC, 0x00,
  0x00, 0xFF, 0xFF, 0x00, 0x00, 0x3F, 0xFF, 0xC0, 0x00, 0x0F, 0xFF, 0xF0,
  0x00, 0x03, 0xFF, 0xFC,
  0x00, 0x00, 0xFF, 0xFF, 0x00, 0x00, 0x3F, 0xFF, 0xC0, 0x00, 0x0F, 0xFF,
  0xF0, 0x00, 0x03, 0xFF,
  0xFC, 0x00, 0x00, 0xFF, 0xFF, 0x00, 0x00, 0x3F, 0xFF, 0xC0, 0x00, 0x0F,
  0xFF, 0xF0, 0x00, 0x03,
  0xFF, 0xFC, 0x00, 0x00, 0xFF, 0xFF, 0x00, 0x00, 0x3F, 0xFF, 0xC0, 0x00,
  0x0F, 0xFF, 0xF0, 0x00,
  0x03, 0xFF, 0xFC, 0x00, 0x00, 0xFF, 0xFF, 0x00, 0x00, 0x3F, 0xFF, 0xC0,
  0x00, 0x0F, 0xFF, 0xFF,
  0xFF, 0xFF, 0xFF, 0xFF, 0xFF, 0xFF, 0xFF, 0xFF, 0xFF, 0xFF, 0xFF, 0xFF,
  0xFF, 0xFF, 0xFF, 0xFF,
  0xFF, 0xFF, 0xFF, 0xFF, 0xFF, 0xFF, 0xFF, 0xFF, 0xFF, 0xFF, 0xFF, 0xFF,
  0xFF, 0xFF, 0xFF, 0xFF,
  0xFF, 0xFF, 0xFF, 0xFF, 0xFF, 0xFF, 0xFF, 0xFF, 0xFF, 0xFF, 0xFF, 0xFF,
  0xFF, 0xFF, 0xFF, 0xFF,
  0xFF, 0xFF, 0xFF, 0xFF, 0xFF, 0xFF, 0xFF, 0xFF, 0xFF, 0xFF, 0xFF, 0xFF,
  0xFF, 0xFF, 0xFF, 0xFF,
  0xFF, 0xF0, 0xFF, 0xFF, 0xFF, 0xFF, 0xFF, 0xFF, 0xFF, 0xFF, 0xFF, 0xFF,
  0xFF, 0xFF, 0xFF, 0xFF,
  0xFF, 0xFF, 0xFF, 0xFF, 0xFF, 0xFF, 0xFF, 0xFF, 0xFF, 0xFF, 0xFF, 0xFF,
  0xFF, 0xFF, 0xFF, 0xFF,
  0xFF, 0xFF, 0xFF, 0xFF, 0xFF, 0xFF, 0xFF, 0xFF, 0xFF, 0xFF, 0xFF, 0xFF,
  0xFF, 0xFF, 0xFF, 0xFF,
  0xFF, 0xFF, 0xFF, 0xFF, 0xFF, 0xFF, 0xFF, 0xFF, 0xFF, 0xFF, 0xFF, 0xFF,
  0xFF, 0xFF, 0xFF, 0xFF,
  0xFF, 0xFF, 0xFF, 0xFF, 0xFF, 0xFF, 0x00, 0x00, 0x7F, 0xFF, 0x80, 0x00,
  0x3F, 0xFF, 0xC0, 0x00,
  0x1F, 0xFF, 0xE0, 0x00, 0x0F, 0xFF, 0xF0, 0x00, 0x07, 0xFF, 0xF8, 0x00,
  0x03, 0xFF, 0xFC, 0x00,
  0x01, 0xFF, 0xFE, 0x00, 0x00, 0xFF, 0xFF, 0x00, 0x00, 0x7F, 0xFF, 0x80,
  0x00, 0x3F, 0xFF, 0xC0,
  0x00, 0x1F, 0xFF, 0xE0, 0x00, 0x0F, 0xFF, 0xF0, 0x00, 0x07, 0xFF, 0xFF,
  0xFF, 0xFB, 0xFF, 0xFF,
  0xFF, 0xFD, 0xFF, 0xFF, 0xFF, 0xFE, 0xFF, 0xFF, 0xFF, 0xFF, 0x7F, 0xFF,
  0xFF, 0xFF, 0xBF, 0xFF,
  0xFF, 0xFF, 0xDF, 0xFF, 0xFF, 0xFF, 0xEF, 0xFF, 0xFF, 0xFF, 0xF7, 0xFF,
  0xFF, 0xFF, 0xFB, 0xFF,
  0xFF, 0xFF, 0xFD, 0xFF, 0xFF, 0xFF, 0xFE, 0xFF, 0xFF, 0xFF, 0xFF, 0x7F,
  0xFF, 0xFF, 0xFF, 0xBF,
  0xFF, 0xFF, 0xFF, 0xDF, 0xFF, 0xFF, 0xFF, 0xEF, 0xFF, 0xFF, 0xFF, 0xF7,
  0xFF, 0xF8, 0x00, 0x03,
  0xFF, 0xFC, 0x00, 0x01, 0xFF, 0xFE, 0x00, 0x00, 0xFF, 0xFF, 0x00, 0x00,
  0x7F, 0xFF, 0x80, 0x00,
  0x3F, 0xFF, 0xC0, 0x00, 0x1F, 0xFF, 0xE0, 0x00, 0x0F, 0xFF, 0xF0, 0x00,
  0x07, 0xFF, 0xF8, 0x00,
  0x03, 0xFF, 0xFC, 0x00, 0x01, 0xFF, 0xFE, 0x00, 0x00, 0xFF, 0xFF, 0x00,
  0x00, 0x7F, 0xFF, 0x80,
  0x00, 0x3F, 0xFF, 0xC0, 0x00, 0x1F, 0xFF, 0xE0, 0x00, 0x0F, 0xFF, 0xF0,
  0x00, 0x07, 0xFF, 0xF8,
  0x00, 0x03, 0xFF, 0xFC, 0x00, 0x01, 0xFF, 0xFE, 0x00, 0x00, 0xFF, 0xFF,
  0x00, 0x00, 0x7F, 0xFF,
  0x80, 0x00, 0x3F, 0xFF, 0xC0, 0x00, 0x1F, 0xFF, 0xE0, 0x00, 0x0F, 0xFF,
  0xF0, 0x00, 0x07, 0xFF,
  0xF8, 0x00, 0x03, 0xFF, 0xFC, 0x00, 0x01, 0xFF, 0xFE, 0x00, 0x00, 0xFF,
  0xFF, 0x00, 0x00, 0x7F,
  0xFF, 0x80, 0x00, 0x3F, 0xFF, 0xC0, 0x00, 0x1F, 0xFF, 0xE0, 0x00, 0x0F,
  0xFF, 0xF0, 0x00, 0x07,
  0xFF, 0xF8, 0x00, 0x03, 0xFF, 0xFC, 0x00, 0x01, 0xFF, 0xFE, 0x00, 0x00,
  0xFF, 0xFF, 0x00, 0x00,
  0x7F, 0xFF, 0x80, 0x00, 0x00, 0x00, 0x01, 0xFF, 0xC0, 0x00, 0x00, 0x0F,
  0xFF, 0xFE, 0x00, 0x00,
  0x1F, 0xFF, 0xFF, 0xC0, 0x00, 0x1F, 0xFF, 0xFF, 0xF0, 0x00, 0x3F, 0xFF,
  0xFF, 0xFC, 0x00, 0x3F,
  0xFF, 0xFF, 0xFF, 0x00, 0x3F, 0xFF, 0xFF, 0xFF, 0xC0, 0x1F, 0xFF, 0xFF,
  0xFF, 0xF0, 0x1F, 0xFF,
  0xFF, 0xFF, 0xF8, 0x0F, 0xFF, 0xFF, 0xFF, 0xFE, 0x0F, 0xFF, 0xFF, 0xFF,
  0xFF, 0x07, 0xFF, 0xFF,
  0xFF, 0xFF, 0xC7, 0xFF, 0xFF, 0xFF, 0xFF, 0xE3, 0xFF, 0xFF, 0xFF, 0xFF,
  0xF1, 0xFF, 0xFF, 0xFF,
  0xFF, 0xFC, 0xFF, 0xFF, 0xC3, 0xFF, 0xFE, 0xFF, 0xFF, 0x80, 0xFF, 0xFF,
  0x7F, 0xFF, 0xC0, 0x7F,
  0xFF, 0xBF, 0xFF, 0xE0, 0x3F, 0xFF, 0xDF, 0xFF, 0xE0, 0x0F, 0xFF, 0xEF,
  0xFF, 0xF0, 0x07, 0xFF,
  0xF7, 0xFF, 0xF8, 0x03, 0xFF, 0xFF, 0xFF, 0xFC, 0x01, 0xFF, 0xFF, 0xFF,
  0xFE, 0x00, 0xFF, 0xFF,
  0xFF, 0xFF, 0x00, 0x7F, 0xFF, 0xFF, 0xFF, 0x80, 0x3F, 0xFF, 0xFF, 0xFF,
  0xC0, 0x1F, 0xFF, 0xFF,
  0xFF, 0xE0, 0x0F, 0xFF, 0xFF, 0xFF, 0xF0, 0x07, 0xFF, 0xFF, 0xFF, 0xF8,
  0x00, 0x00, 0x03, 0xFF,
  0xFC, 0x00, 0x00, 0x01, 0xFF, 0xFE, 0x00, 0x00, 0x00, 0xFF, 0xFF, 0x00,
  0x00, 0x00, 0x7F, 0xFF,
  0x80, 0x00, 0x00, 0x3F, 0xFF, 0xC0, 0x00, 0x00, 0x1F, 0xFF, 0xE0, 0xFF,
  0xFF, 0xFF, 0xFF, 0xF0,
  0x7F, 0xFF, 0xFF, 0xFF, 0xF8, 0x3F, 0xFF, 0xFF, 0xFF, 0xFC, 0x1F, 0xFF,
  0xFF, 0xFF, 0xFE, 0x0F,
  0xFF, 0xFF, 0xFF, 0xFF, 0x07, 0xFF, 0xFF, 0xFF, 0xFF, 0x83, 0xFF, 0xFF,
  0xFF, 0xFF, 0xC1, 0xFF,
  0xFF, 0xFF, 0xFF, 0xE0, 0xFF, 0xFF, 0xFF, 0xFF, 0xF0, 0x7F, 0xFF, 0xFF,
  0xFF, 0xF8, 0x3F, 0xFF,
  0xFF, 0xFF, 0xFC, 0x1F, 0xFF, 0xFF, 0xFF, 0xFE, 0x0F, 0xFF, 0xFF, 0xFF,
  0xFF, 0x07, 0xFF, 0xFF,
  0xFF, 0xFF, 0x80, 0x3F, 0xFF, 0xFF, 0xFF, 0xC0, 0x1F, 0xFF, 0xFF, 0xFF,
  0xE0, 0x0F, 0xFF, 0xFF,
  0xFF, 0xF0, 0x07, 0xFF, 0xFF, 0xFF, 0xF8, 0x03, 0xFF, 0xFF, 0xFF, 0xFC,
  0x01, 0xFF, 0xFF, 0xFF,
  0xFE, 0x00, 0xFF, 0xFF, 0xFF, 0xFF, 0x00, 0x7F, 0xFF, 0xFF, 0xFF, 0x80,
  0x3F, 0xFF, 0xFF, 0xFF,
  0xC0, 0x1F, 0xFF, 0xFF, 0xFF, 0xE0, 0x0F, 0xFF, 0xFF, 0xFF, 0xF0, 0x07,
  0xFF, 0xFF, 0xFF, 0xF8,
  0x03, 0xFF, 0xFF, 0xFF, 0xFC, 0x01, 0xFF, 0xFF, 0xFF, 0xFE, 0x00, 0xFF,
  0xFF, 0xFF, 0xFF, 0x80,
  0x7F, 0xFF, 0xFF, 0xFF, 0xC0, 0x7F, 0xFF, 0xFF, 0xFF, 0xE0, 0x3F, 0xFF,
  0xEF, 0xFF, 0xF0, 0x1F,
  0xFF, 0xF7, 0xFF, 0xFE, 0x1F, 0xFF, 0xFB, 0xFF, 0xFF, 0xFF, 0xFF, 0xFD,
  0xFF, 0xFF, 0xFF, 0xFF,
  0xFE, 0x7F, 0xFF, 0xFF, 0xFF, 0xFF, 0x3F, 0xFF, 0xFF, 0xFF, 0xFF, 0x9F,
  0xFF, 0xFF, 0xFF, 0xFF,
  0xC7, 0xFF, 0xFF, 0xFF, 0xFF, 0xE3, 0xFF, 0xFF, 0xFF, 0xFF, 0xF0, 0xFF,
  0xFF, 0xFF, 0xFF, 0xF8,
  0x7F, 0xFF, 0xFF, 0xF7, 0xFC, 0x1F, 0xFF, 0xFF, 0xF3, 0xFE, 0x07, 0xFF,
  0xFF, 0xF0, 0xFF, 0x01,
  0xFF, 0xFF, 0xF0, 0x7F, 0x80, 0x7F, 0xFF, 0xF0, 0x3F, 0xC0, 0x0F, 0xFF,
  0xE0, 0x0F, 0xE0, 0x00,
  0xFF, 0x80, 0x00, 0x00, 0xFF, 0xFF, 0x00, 0xFF, 0xFF, 0xFF, 0xFF, 0x00,
  0xFF, 0xFF, 0xFF, 0xFF,
  0x00, 0xFF, 0xFF, 0xFF, 0xFF, 0x00, 0xFF, 0xFF, 0xFF, 0xFF, 0x00, 0xFF,
  0xFF, 0xFF, 0xFF, 0x00,
  0xFF, 0xFF, 0xFF, 0xFF, 0x00, 0xFF, 0xFF, 0xFF, 0xFF, 0x00, 0xFF, 0xFF,
  0xFF, 0xFF, 0x00, 0xFF,
  0xFF, 0xFF, 0xFF, 0x00, 0xFF, 0xFF, 0xFF, 0xFF, 0x00, 0xFF, 0xFF, 0xFF,
  0xFF, 0x00, 0xFF, 0xFF,
  0xFF, 0xFF, 0x00, 0xFF, 0xFF, 0xFF, 0xFF, 0x00, 0xFF, 0xFF, 0xFF, 0xFF,
  0x00, 0xFF, 0xFF, 0xFF,
  0xFF, 0x00, 0xFF, 0xFF, 0xFF, 0xFF, 0x00, 0xFF, 0xFF, 0xFF, 0xFF, 0x00,
  0xFF, 0xFF, 0xFF, 0xFF,
  0x00, 0xFF, 0xFF, 0xFF, 0xFF, 0x00, 0xFF, 0xFF, 0xFF, 0xFF, 0x00, 0xFF,
  0xFF, 0xFF, 0xFF, 0x00,
  0xFF, 0xFF, 0xFF, 0xFF, 0x00, 0xFF, 0xFF, 0xFF, 0xFF, 0x00, 0xFF, 0xFF,
  0xFF, 0xFF, 0x00, 0xFF,
  0xFF, 0xFF, 0xFF, 0x00, 0xFF, 0xFF, 0xFF, 0xFF, 0x00, 0xFF, 0xFF, 0xFF,
  0xFF, 0x00, 0xFF, 0xFF,
  0xFF, 0xFF, 0x00, 0xFF, 0xFF, 0xFF, 0xFF, 0xFF, 0xFF, 0xFF, 0xFF, 0xFF,
  0xFF, 0xFF, 0xFF, 0xFF,
  0xFF, 0xFF, 0xFF, 0xFF, 0xFF, 0xFF, 0xFF, 0xFF, 0xFF, 0xFF, 0xFF, 0xFF,
  0xFF, 0xFF, 0xFF, 0xFF,
  0xFF, 0xFF, 0xFF, 0xFF, 0xFF, 0xFF, 0xFF, 0xFF, 0xFF, 0xFF, 0xFF, 0xFF,
  0xFF, 0xFF, 0xFF, 0xFF,
  0xFF, 0xFF, 0xFF, 0xFF, 0xFF, 0xFF, 0xFF, 0xFF, 0xFF, 0xFF, 0xFF, 0xFF,
  0xFF, 0xFF, 0xFF, 0xFF,
  0xFF, 0xFF, 0xFF, 0xFF, 0xFF, 0xFF, 0xFF, 0xFF, 0xFF, 0xFF, 0xFF, 0xFF,
  0xFF, 0xFF, 0xFF, 0xFF,
  0xFF, 0xFF, 0xFF, 0xFF, 0xFF, 0xFF, 0xFF, 0x00, 0xFF, 0xFF, 0xFF, 0xFF,
  0x00, 0xFF, 0xFF, 0xFF,
  0xFF, 0x00, 0xFF, 0xFF, 0xFF, 0xFF, 0x00, 0xFF, 0xFF, 0xFF, 0xFF, 0x00,
  0xFF, 0xFF, 0xFF, 0xFF,
  0x00, 0xFF, 0xFF, 0xFF, 0xFF, 0x00, 0xFF, 0xFF, 0xFF, 0xFF, 0x00, 0xFF,
  0xFF, 0xFF, 0xFF, 0x00,
  0xFF, 0xFF, 0xFF, 0xFF, 0x00, 0xFF, 0xFF, 0xFF, 0xFF, 0x00, 0xFF, 0xFF,
  0xFF, 0xFF, 0x00, 0xFF,
  0xFF, 0xFF, 0xFF, 0x00, 0xFF, 0xFF, 0xFF, 0xFF, 0x00, 0xFF, 0xFF, 0xFF,
  0xFF, 0x00, 0xFF, 0xFF,
  0xFF, 0xFF, 0x00, 0xFF, 0xFF, 0xFF, 0xFF, 0x00, 0xFF, 0xFF, 0xFF, 0xFF,
  0x00, 0xFF, 0xFF, 0xFF,
  0xFF, 0x00, 0xFF, 0xFF, 0xFF, 0xFF, 0x00, 0xFF, 0xFF, 0xFF, 0xFF, 0x00,
  0xFF, 0xFF, 0xFF, 0xFF,
  0x00, 0xFF, 0xFF, 0xFF, 0xFF, 0x00, 0xFF, 0xFF, 0xFF, 0xFF, 0x00, 0xFF,
  0xFF, 0xFF, 0xFF, 0x00,
  0xFF, 0xFF, 0xFF, 0xFF, 0x00, 0xFF, 0xFF, 0xFF, 0xFF, 0x00, 0xFF, 0xFF,
  0xFF, 0xFF, 0x00, 0xFF,
  0xFF, 0xFF, 0xFF, 0x00, 0xFF, 0xFF, 0xFF, 0xFF, 0x00, 0xFF, 0xFF, 0xFF,
  0xFF, 0x00, 0xFF, 0xFF,
  0xFF, 0xFF, 0x00, 0xFF, 0xFF, 0xFF, 0xFF, 0x00, 0xFF, 0xFF, 0xFF, 0xFF,
  0x00, 0xFF, 0xFF, 0xFF,
  0xFF, 0x00, 0xFF, 0xFF, 0xFF, 0xFF, 0x00, 0xFF, 0xFF, 0xFF, 0xFF, 0x00,
  0xFF, 0xFF, 0xFF, 0xFF,
  0xFF, 0xFF, 0xFF, 0xFF, 0xFF, 0xFF, 0xFF, 0xFF, 0xFF, 0xFF, 0xFF, 0xFF,
  0xFF, 0xFF, 0xFF, 0xFF,
  0xFF, 0xFF, 0xFF, 0xFF, 0xFF, 0xFF, 0xFF, 0xFF, 0xFF, 0xFF, 0xFF, 0xFF,
  0xFF, 0xFF, 0xFF, 0xFF,
  0xFF, 0xFF, 0xFF, 0xFF, 0xFF, 0xFF, 0xFF, 0xFF, 0xFF, 0xFF, 0xFF, 0xFF,
  0xFF, 0xFF, 0xFF, 0xFF,
  0xFF, 0xFF, 0xFF, 0xFF, 0xFF, 0xFF, 0xFF, 0xFF, 0xFF, 0xFF, 0xFF, 0xFF,
  0xFF, 0xFF, 0xFF, 0xFF,
  0xFF, 0xFF, 0xFF, 0xFF, 0xFF, 0xFF, 0xFF, 0xFF, 0xFF, 0xFF, 0xFF, 0xFF,
  0xFF, 0xFF, 0xFF, 0xFF,
  0xFF, 0xFF, 0xFF, 0xFF, 0xFF, 0xFF, 0xFF, 0xFF, 0xFF, 0xFF, 0xFF, 0xFF,
  0xFF, 0xFF, 0xFF, 0xFF,
  0xFF, 0xFF, 0xFF, 0xFF, 0xFF, 0xFF, 0xFF, 0xFF, 0xFF, 0xFF, 0xFF, 0xFF,
  0xFF, 0xFF, 0xFF, 0xFF,
  0xFF, 0xFF, 0xFF, 0xFF, 0xFF, 0xFF, 0xFF, 0xFF, 0xFF, 0xFF, 0xFF, 0xFF,
  0xFF, 0xFF, 0xFF, 0xFF,
  0xFF, 0xFF, 0xFF, 0xFF, 0xFF, 0xFF, 0xFF, 0xFF, 0xFF, 0xFF, 0xFF, 0xFF,
  0xFF, 0xFF, 0xFF, 0xFF,
  0xFF, 0xFF, 0xFF, 0xFF, 0xFF, 0xFF, 0xFF, 0xFF, 0xFF, 0xFF, 0xFF, 0xFF,
  0xFF, 0xFF, 0xFF, 0xFF,
  0xFF, 0xFF, 0x00, 0x00, 0x01, 0xFF, 0xFF, 0x00, 0x00, 0x01, 0xFF, 0xFF,
  0x00, 0x00, 0x01, 0xFF,
  0xFF, 0x00, 0x00, 0x01, 0xFF, 0xFF, 0x00, 0x00, 0x01, 0xFF, 0xFF, 0x00,
  0x00, 0x01, 0xFF, 0xFF,
  0x00, 0x00, 0x01, 0xFF, 0xFF, 0x00, 0x00, 0x01, 0xFF, 0xFF, 0x00, 0x00,
  0x01, 0xFF, 0xFF, 0x00,
  0x00, 0x01, 0xFF, 0xFF, 0x00, 0x00, 0x01, 0xFF, 0xFF, 0x00, 0x00, 0x01,
  0xFF, 0xFF, 0x00, 0x00,
  0x01, 0xFF, 0xFF, 0x00, 0x00, 0x01, 0xFF, 0xFF, 0x00, 0x00, 0x01, 0xFF,
  0xFF, 0x00, 0x00, 0x01,
  0xFF, 0xFF, 0x00, 0x00, 0x01, 0xFF, 0xFF, 0x00, 0x00, 0x01, 0xFF, 0xFF,
  0x00, 0x00, 0x01, 0xFF,
  0xFF, 0x00, 0x00, 0x01, 0xFF, 0xFF, 0x00, 0x00, 0x01, 0xFF, 0xFF, 0x00,
  0x00, 0x01, 0xFF, 0xFF,
  0x00, 0x00, 0x01, 0xFF, 0xFF, 0x00, 0x00, 0x01, 0xFF, 0xFF, 0x00, 0x00,
  0x01, 0xFF, 0xFF, 0x00,
  0x00, 0x01, 0xFF, 0xFF, 0x00, 0x00, 0x01, 0xFF, 0xFF, 0x00, 0x00, 0x01,
  0xFF, 0xFF, 0x00, 0x00,
  0x01, 0xFF, 0xFF, 0x00, 0x00, 0x01, 0xFF, 0xFF, 0x00, 0x00, 0x01, 0xFF,
  0xFF, 0x00, 0x00, 0x01,
  0xFF, 0xFF, 0x00, 0x00, 0x01, 0xFF, 0xFF, 0x00, 0x00, 0x01, 0xFF, 0xFF,
  0x00, 0x00, 0x01, 0xFF,
  0xFF, 0x00, 0x00, 0x01, 0xFF, 0xFF, 0x00, 0x00, 0x01, 0xFF, 0xFF, 0x00,
  0x00, 0x01, 0xFF, 0xFF,
  0x00, 0x00, 0x01, 0xFF, 0xFF, 0x00, 0x00, 0x01, 0xFF, 0xFF, 0x00, 0x00,
  0x01, 0xFF, 0xFF, 0x00,
  0x00, 0x01, 0xFF, 0xFF, 0x00, 0x00, 0x01, 0xFF, 0xFF, 0x00, 0x00, 0x01,
  0xFF, 0xFF, 0xFF, 0xFF,
  0x01, 0xFF, 0xFF, 0xFF, 0xFF, 0x01, 0xFF, 0xFF, 0xFF, 0xFF, 0x01, 0xFF,
  0xFF, 0xFF, 0xFF, 0x01,
  0xFF, 0xFF, 0xFF, 0xFF, 0x01, 0xFF, 0xFF, 0xFF, 0xFF, 0x01, 0xFF, 0xFF,
  0xFF, 0xFF, 0x01, 0xFF,
  0xFF, 0xFF, 0xFF, 0x01, 0xFF, 0xFF, 0xFF, 0xFF, 0x01, 0xFF, 0xFF, 0xFF,
  0xFF, 0x01, 0xFF, 0xFF,
  0xFF, 0xFF, 0x01, 0xFF, 0xFF, 0xFF, 0xFF, 0x01, 0xFF, 0xFF, 0xFF, 0xFF,
  0x01, 0xFF, 0xFF, 0xFF,
  0xFF, 0x01, 0xFF, 0xFF, 0xFF, 0xFF, 0x01, 0xFF, 0xFF, 0xFF, 0xFF, 0x01,
  0xFF, 0xFF, 0xFF, 0xFF,
  0x01, 0xFF, 0xFF, 0xFF, 0xFF, 0x01, 0xFF, 0xFF, 0xFF, 0xFF, 0x01, 0xFF,
  0xFF, 0xFF, 0xFF, 0x01,
  0xFF, 0xFF, 0xFF, 0xFF, 0x01, 0xFF, 0xFF, 0xFF, 0xFF, 0x01, 0xFF, 0xFF,
  0xFF, 0xFF, 0x81, 0xFF,
  0xFF, 0xFF, 0xFF, 0xC3, 0xFF, 0xFE, 0xFF, 0xFF, 0xFF, 0xFF, 0xFE, 0xFF,
  0xFF, 0xFF, 0xFF, 0xFE,
  0x7F, 0xFF, 0xFF, 0xFF, 0xFE, 0x7F, 0xFF, 0xFF, 0xFF, 0xFC, 0x7F, 0xFF,
  0xFF, 0xFF, 0xFC, 0x3F,
  0xFF, 0xFF, 0xFF, 0xF8, 0x3F, 0xFF, 0xFF, 0xFF, 0xF8, 0x1F, 0xFF, 0xFF,
  0xFF, 0xF0, 0x0F, 0xFF,
  0xFF, 0xFF, 0xE0, 0x07, 0xFF, 0xFF, 0xFF, 0xC0, 0x03, 0xFF, 0xFF, 0xFF,
  0x80, 0x01, 0xFF, 0xFF,
  0xFF, 0x00, 0x00, 0x7F, 0xFF, 0xFC, 0x00, 0x00, 0x1F, 0xFF, 0xF0, 0x00,
  0x00, 0x01, 0xFF, 0x80,
  0x00, 0xFF, 0xFF, 0x00, 0xFF, 0xFF, 0x3F, 0xFF, 0xC0, 0x7F, 0xFF, 0xCF,
  0xFF, 0xF0, 0x1F, 0xFF,
  0xF3, 0xFF, 0xFC, 0x07, 0xFF, 0xF8, 0xFF, 0xFF, 0x01, 0xFF, 0xFE, 0x3F,
  0xFF, 0xC0, 0xFF, 0xFF,
  0x8F, 0xFF, 0xF0, 0x3F, 0xFF, 0xE3, 0xFF, 0xFC, 0x0F, 0xFF, 0xF0, 0xFF,
  0xFF, 0x03, 0xFF, 0xFC,
  0x3F, 0xFF, 0xC1, 0xFF, 0xFF, 0x0F, 0xFF, 0xF0, 0x7F, 0xFF, 0xC3, 0xFF,
  0xFC, 0x1F, 0xFF, 0xE0,
  0xFF, 0xFF, 0x07, 0xFF, 0xF8, 0x3F, 0xFF, 0xC1, 0xFF, 0xFE, 0x0F, 0xFF,
  0xF0, 0xFF, 0xFF, 0x83,
  0xFF, 0xFC, 0x3F, 0xFF, 0xE0, 0xFF, 0xFF, 0x0F, 0xFF, 0xF0, 0x3F, 0xFF,
  0xC3, 0xFF, 0xFC, 0x0F,
  0xFF, 0xF1, 0xFF, 0xFF, 0x03, 0xFF, 0xFC, 0x7F, 0xFF, 0xC0, 0xFF, 0xFF,
  0x1F, 0xFF, 0xE0, 0x3F,
  0xFF, 0xC7, 0xFF, 0xF8, 0x0F, 0xFF, 0xF3, 0xFF, 0xFE, 0x03, 0xFF, 0xFC,
  0xFF, 0xFF, 0x80, 0xFF,
  0xFF, 0x3F, 0xFF, 0xC0, 0x3F, 0xFF, 0xCF, 0xFF, 0xF0, 0x0F, 0xFF, 0xF3,
  0xFF, 0xFC, 0x03, 0xFF,
  0xFD, 0xFF, 0xFF, 0x00, 0xFF, 0xFF, 0x7F, 0xFF, 0x80, 0x3F, 0xFF, 0xDF,
  0xFF, 0xE0, 0x0F, 0xFF,
  0xF7, 0xFF, 0xF8, 0x03, 0xFF, 0xFF, 0xFF, 0xFE, 0x00, 0xFF, 0xFF, 0xFF,
  0xFF, 0x00, 0x3F, 0xFF,
  0xFF, 0xFF, 0xC0, 0x0F, 0xFF, 0xFF, 0xFF, 0xF0, 0x03, 0xFF, 0xFF, 0xFF,
  0xFC, 0x00, 0xFF, 0xFF,
  0xFF, 0xFE, 0x00, 0x3F, 0xFF, 0xFF, 0xFF, 0x80, 0x0F, 0xFF, 0xFF, 0xFF,
  0xE0, 0x03, 0xFF, 0xFF,
  0xFF, 0xF8, 0x00, 0xFF, 0xFF, 0xFF, 0xFF, 0x00, 0x3F, 0xFF, 0xFF, 0xFF,
  0xC0, 0x0F, 0xFF, 0xFF,
  0xFF, 0xF0, 0x03, 0xFF, 0xFF, 0xFF, 0xFC, 0x00, 0xFF, 0xFF, 0xFF, 0xFF,
  0x80, 0x3F, 0xFF, 0xDF,
  0xFF, 0xE0, 0x0F, 0xFF, 0xF7, 0xFF, 0xF8, 0x03, 0xFF, 0xFD, 0xFF, 0xFE,
  0x00, 0xFF, 0xFF, 0x7F,
  0xFF, 0xC0, 0x3F, 0xFF, 0xCF, 0xFF, 0xF0, 0x0F, 0xFF, 0xF3, 0xFF, 0xFC,
  0x03, 0xFF, 0xFC, 0xFF,
  0xFF, 0x00, 0xFF, 0xFF, 0x3F, 0xFF, 0xE0, 0x3F, 0xFF, 0xC7, 0xFF, 0xF8,
  0x0F, 0xFF, 0xF1, 0xFF,
  0xFE, 0x03, 0xFF, 0xFC, 0x7F, 0xFF, 0x80, 0xFF, 0xFF, 0x1F, 0xFF, 0xF0,
  0x3F, 0xFF, 0xC7, 0xFF,
  0xFC, 0x0F, 0xFF, 0xF0, 0xFF, 0xFF, 0x03, 0xFF, 0xFC, 0x3F, 0xFF, 0xC0,
  0xFF, 0xFF, 0x0F, 0xFF,
  0xF8, 0x3F, 0xFF, 0xC3, 0xFF, 0xFE, 0x0F, 0xFF, 0xF0, 0x7F, 0xFF, 0x83,
  0xFF, 0xFC, 0x1F, 0xFF,
  0xE0, 0xFF, 0xFF, 0x07, 0xFF, 0xFC, 0x3F, 0xFF, 0xC1, 0xFF, 0xFF, 0x0F,
  0xFF, 0xF0, 0x3F, 0xFF,
  0xC3, 0xFF, 0xFC, 0x0F, 0xFF, 0xF0, 0xFF, 0xFF, 0x03, 0xFF, 0xFE, 0x3F,
  0xFF, 0xC0, 0xFF, 0xFF,
  0x8F, 0xFF, 0xF0, 0x3F, 0xFF, 0xE3, 0xFF, 0xFC, 0x07, 0xFF, 0xFC, 0xFF,
  0xFF, 0x01, 0xFF, 0xFF,
  0x3F, 0xFF, 0xC0, 0x7F, 0xFF, 0xCF, 0xFF, 0xF0, 0x1F, 0xFF, 0xF3, 0xFF,
  0xFC, 0x03, 0xFF, 0xFE,
  0xFF, 0xFF, 0x00, 0xFF, 0xFF, 0xBF, 0xFF, 0xC0, 0x3F, 0xFF, 0xEF, 0xFF,
  0xF0, 0x0F, 0xFF, 0xFB,
  0xFF, 0xFC, 0x03, 0xFF, 0xFF, 0xFF, 0xFF, 0x00, 0x7F, 0xFF, 0xFF, 0xFF,
  0xC0, 0x1F, 0xFF, 0xF0,
  0xFF, 0xFF, 0x00, 0x00, 0x7F, 0xFF, 0x80, 0x00, 0x3F, 0xFF, 0xC0, 0x00,
  0x1F, 0xFF, 0xE0, 0x00,
  0x0F, 0xFF, 0xF0, 0x00, 0x07, 0xFF, 0xF8, 0x00, 0x03, 0xFF, 0xFC, 0x00,
  0x01, 0xFF, 0xFE, 0x00,
  0x00, 0xFF, 0xFF, 0x00, 0x00, 0x7F, 0xFF, 0x80, 0x00, 0x3F, 0xFF, 0xC0,
  0x00, 0x1F, 0xFF, 0xE0,
  0x00, 0x0F, 0xFF, 0xF0, 0x00, 0x07, 0xFF, 0xF8, 0x00, 0x03, 0xFF, 0xFC,
  0x00, 0x01, 0xFF, 0xFE,
  0x00, 0x00, 0xFF, 0xFF, 0x00, 0x00, 0x7F, 0xFF, 0x80, 0x00, 0x3F, 0xFF,
  0xC0, 0x00, 0x1F, 0xFF,
  0xE0, 0x00, 0x0F, 0xFF, 0xF0, 0x00, 0x07, 0xFF, 0xF8, 0x00, 0x03, 0xFF,
  0xFC, 0x00, 0x01, 0xFF,
  0xFE, 0x00, 0x00, 0xFF, 0xFF, 0x00, 0x00, 0x7F, 0xFF, 0x80, 0x00, 0x3F,
  0xFF, 0xC0, 0x00, 0x1F,
  0xFF, 0xE0, 0x00, 0x0F, 0xFF, 0xF0, 0x00, 0x07, 0xFF, 0xF8, 0x00, 0x03,
  0xFF, 0xFC, 0x00, 0x01,
  0xFF, 0xFE, 0x00, 0x00, 0xFF, 0xFF, 0x00, 0x00, 0x7F, 0xFF, 0x80, 0x00,
  0x3F, 0xFF, 0xC0, 0x00,
  0x1F, 0xFF, 0xE0, 0x00, 0x0F, 0xFF, 0xF0, 0x00, 0x07, 0xFF, 0xF8, 0x00,
  0x03, 0xFF, 0xFC, 0x00,
  0x01, 0xFF, 0xFE, 0x00, 0x00, 0xFF, 0xFF, 0x00, 0x00, 0x7F, 0xFF, 0x80,
  0x00, 0x3F, 0xFF, 0xC0,
  0x00, 0x1F, 0xFF, 0xE0, 0x00, 0x0F, 0xFF, 0xF0, 0x00, 0x07, 0xFF, 0xF8,
  0x00, 0x03, 0xFF, 0xFC,
  0x00, 0x01, 0xFF, 0xFE, 0x00, 0x00, 0xFF, 0xFF, 0x00, 0x00, 0x7F, 0xFF,
  0x80, 0x00, 0x3F, 0xFF,
  0xC0, 0x00, 0x1F, 0xFF, 0xE0, 0x00, 0x0F, 0xFF, 0xF0, 0x00, 0x07, 0xFF,
  0xF8, 0x00, 0x03, 0xFF,
  0xFC, 0x00, 0x01, 0xFF, 0xFE, 0x00, 0x00, 0xFF, 0xFF, 0x00, 0x00, 0x7F,
  0xFF, 0x80, 0x00, 0x3F,
  0xFF, 0xC0, 0x00, 0x1F, 0xFF, 0xE0, 0x00, 0x0F, 0xFF, 0xF0, 0x00, 0x07,
  0xFF, 0xF8, 0x00, 0x03,
  0xFF, 0xFC, 0x00, 0x01, 0xFF, 0xFE, 0x00, 0x00, 0xFF, 0xFF, 0x00, 0x00,
  0x7F, 0xFF, 0x80, 0x00,
  0x3F, 0xFF, 0xC0, 0x00, 0x1F, 0xFF, 0xE0, 0x00, 0x0F, 0xFF, 0xFF, 0xFF,
  0xFF, 0xFF, 0xFF, 0xFF,
  0xFF, 0xFF, 0xFF, 0xFF, 0xFF, 0xFF, 0xFF, 0xFF, 0xFF, 0xFF, 0xFF, 0xFF,
  0xFF, 0xFF, 0xFF, 0xFF,
  0xFF, 0xFF, 0xFF, 0xFF, 0xFF, 0xFF, 0xFF, 0xFF, 0xFF, 0xFF, 0xFF, 0xFF,
  0xFF, 0xFF, 0xFF, 0xFF,
  0xFF, 0xFF, 0xFF, 0xFF, 0xFF, 0xFF, 0xFF, 0xFF, 0xFF, 0xFF, 0xFF, 0xFF,
  0xFF, 0xFF, 0xFF, 0xFF,
  0xFF, 0xFF, 0xC0, 0xFF, 0xFF, 0xFF, 0x80, 0x01, 0xFF, 0xFF, 0xFF, 0xFF,
  0xFF, 0xFF, 0x80, 0x03,
  0xFF, 0xFF, 0xFF, 0xFF, 0xFF, 0xFF, 0x80, 0x03, 0xFF, 0xFF, 0xFF, 0xFF,
  0xFF, 0xFF, 0x80, 0x03,
  0xFF, 0xFF, 0xFF, 0xFF, 0xFF, 0xFF, 0x80, 0x03, 0xFF, 0xFF, 0xFF, 0xFF,
  0xFF, 0xFF, 0xC0, 0x03,
  0xFF, 0xFF, 0xFF, 0xFF, 0xFF, 0xFF, 0xC0, 0x03, 0xFF, 0xFF, 0xFF, 0xFF,
  0xFF, 0xFF, 0xC0, 0x03,
  0xFF, 0xFF, 0xFF, 0xFF, 0xFF, 0xFF, 0xC0, 0x07, 0xFF, 0xFF, 0xFF, 0xFF,
  0xFF, 0xFF, 0xC0, 0x07,
  0xFF, 0xFF, 0xFF, 0xFF, 0xFF, 0xFF, 0xC0, 0x07, 0xFF, 0xFF, 0xFF, 0xFF,
  0xFF, 0xFF, 0xC0, 0x07,
  0xFF, 0xFF, 0xFF, 0xFF, 0xFF, 0xFF, 0xE0, 0x07, 0xFF, 0xFF, 0xFF, 0xFF,
  0xFF, 0xFF, 0xE0, 0x07,
  0xFF, 0xFF, 0xFF, 0xFF, 0xFF, 0xFF, 0xE0, 0x07, 0xFF, 0xFF, 0xFF, 0xFF,
  0xFF, 0xFF, 0xE0, 0x0F,
  0xFF, 0xFF, 0xFF, 0xFF, 0xFF, 0xFF, 0xE0, 0x0F, 0xFF, 0xFF, 0xFF, 0xFF,
  0xFF, 0xFF, 0xE0, 0x0F,
  0xFF, 0xFF, 0xFF, 0xFF, 0xFF, 0xFF, 0xE0, 0x0F, 0xFF, 0xFF, 0xFF, 0xFF,
  0xFF, 0xFF, 0xE0, 0x0F,
  0xFF, 0xFF, 0xFF, 0xFF, 0xFF, 0xFF, 0xF0, 0x0F, 0xFF, 0xFF, 0xFF, 0xFF,
  0xFF, 0xFF, 0xF0, 0x0F,
  0xFF, 0xFF, 0xFF, 0xFF, 0xFF, 0xFF, 0xF0, 0x0F, 0xFF, 0xFF, 0xFF, 0xFF,
  0xFF, 0xFF, 0xF0, 0x1F,
  0xFF, 0xFF, 0xFF, 0xFF, 0xFF, 0xFF, 0xF0, 0x1F, 0xFF, 0xFF, 0xFF, 0xFF,
  0xFF, 0xFF, 0xF0, 0x1F,
  0xFF, 0xFF, 0xFF, 0xFF, 0xFF, 0xFF, 0xF0, 0x1F, 0xFF, 0x7F, 0xFF, 0xFF,
  0xFF, 0xFF, 0xF8, 0x1F,
  0xFF, 0x7F, 0xFF, 0xFF, 0xFF, 0xFF, 0xF8, 0x1F, 0xFF, 0x7F, 0xFF, 0xFF,
  0xFE, 0xFF, 0xF8, 0x1F,
  0xFF, 0x7F, 0xFF, 0xFF, 0xFE, 0xFF, 0xF8, 0x3F, 0xFF, 0x7F, 0xFF, 0xFF,
  0xFE, 0xFF, 0xF8, 0x3F,
  0xFF, 0x7F, 0xFF, 0xFF, 0xFE, 0xFF, 0xF8, 0x3F, 0xFE, 0x7F, 0xFF, 0xFF,
  0xFE, 0xFF, 0xF8, 0x3F,
  0xFE, 0x7F, 0xFF, 0xFF, 0xFE, 0xFF, 0xFC, 0x3F, 0xFE, 0x7F, 0xFF, 0xFF,
  0xFE, 0x7F, 0xFC, 0x3F,
  0xFE, 0x7F, 0xFF, 0xFF, 0xFE, 0x7F, 0xFC, 0x3F, 0xFE, 0x7F, 0xFF, 0xFF,
  0xFE, 0x7F, 0xFC, 0x7F,
  0xFE, 0x7F, 0xFF, 0xFF, 0xFE, 0x7F, 0xFC, 0x7F, 0xFC, 0x7F, 0xFF, 0xFF,
  0xFE, 0x7F, 0xFC, 0x7F,
  0xFC, 0x7F, 0xFF, 0xFF, 0xFE, 0x7F, 0xFC, 0x7F, 0xFC, 0x7F, 0xFF, 0xFF,
  0xFE, 0x3F, 0xFE, 0x7F,
  0xFC, 0x7F, 0xFF, 0xFF, 0xFE, 0x3F, 0xFE, 0x7F, 0xFC, 0x7F, 0xFF, 0xFF,
  0xFE, 0x3F, 0xFE, 0x7F,
  0xFC, 0x7F, 0xFF, 0xFF, 0xFE, 0x3F, 0xFE, 0xFF, 0xF8, 0x7F, 0xFF, 0xFF,
  0xFE, 0x3F, 0xFE, 0xFF,
  0xF8, 0x7F, 0xFF, 0xFF, 0xFE, 0x1F, 0xFE, 0xFF, 0xF8, 0x7F, 0xFF, 0xFF,
  0xFE, 0x1F, 0xFE, 0xFF,
  0xF8, 0x7F, 0xFF, 0xFF, 0xFE, 0x1F, 0xFE, 0xFF, 0xF8, 0x7F, 0xFF, 0xFF,
  0xFE, 0x1F, 0xFF, 0xFF,
  0xF8, 0x7F, 0xFF, 0xFF, 0xFE, 0x1F, 0xFF, 0xFF, 0xF8, 0x7F, 0xFF, 0xFF,
  0xFE, 0x1F, 0xFF, 0xFF,
  0xF0, 0x7F, 0xFF, 0xFF, 0xFE, 0x0F, 0xFF, 0xFF, 0xF0, 0x7F, 0xFF, 0xFF,
  0xFE, 0x0F, 0xFF, 0xFF,
  0xF0, 0x7F, 0xFF, 0xFF, 0xFE, 0x0F, 0xFF, 0xFF, 0xF0, 0x7F, 0xFF, 0xFF,
  0xFE, 0x0F, 0xFF, 0xFF,
  0xF0, 0x7F, 0xFF, 0xFF, 0xFE, 0x0F, 0xFF, 0xFF, 0xF0, 0x7F, 0xFF, 0xFF,
  0xFE, 0x0F, 0xFF, 0xFF,
  0xE0, 0x7F, 0xFF, 0xFF, 0xFE, 0x07, 0xFF, 0xFF, 0xE0, 0x7F, 0xFF, 0xFF,
  0xFE, 0x07, 0xFF, 0xFF,
  0xE0, 0x7F, 0xFF, 0xFF, 0xFE, 0x07, 0xFF, 0xFF, 0xE0, 0x7F, 0xFF, 0xFF,
  0xFE, 0x07, 0xFF, 0xFF,
  0xE0, 0x7F, 0xFF, 0xFF, 0xFE, 0x07, 0xFF, 0xFF, 0xE0, 0x7F, 0xFF, 0xFF,
  0xFE, 0x07, 0xFF, 0xFF,
  0xC0, 0x7F, 0xFF, 0xFF, 0xFE, 0x03, 0xFF, 0xFF, 0xC0, 0x7F, 0xFF, 0xFF,
  0xFE, 0x03, 0xFF, 0xFF,
  0xC0, 0x7F, 0xFF, 0xFF, 0xFE, 0x03, 0xFF, 0xFF, 0xC0, 0x7F, 0xFF, 0xFF,
  0xFE, 0x03, 0xFF, 0xFF,
  0xC0, 0x7F, 0xFF, 0xFF, 0xFE, 0x03, 0xFF, 0xFF, 0xC0, 0x7F, 0xFF, 0xFF,
  0xFE, 0x03, 0xFF, 0xFF,
  0x80, 0x7F, 0xFF, 0xFF, 0xFE, 0x01, 0xFF, 0xFF, 0x80, 0x7F, 0xFF, 0xFF,
  0xFE, 0x01, 0xFF, 0xFF,
  0x80, 0x7F, 0xFF, 0xFF, 0xFE, 0x01, 0xFF, 0xFF, 0x80, 0x7F, 0xFF, 0xFF,
  0xFE, 0x01, 0xFF, 0xFF,
  0x80, 0x7F, 0xFF, 0xFF, 0xFE, 0x01, 0xFF, 0xFF, 0x80, 0x7F, 0xFF, 0xFF,
  0xFE, 0x01, 0xFF, 0xFF,
  0x00, 0x7F, 0xFF, 0xFF, 0xFE, 0x00, 0xFF, 0xFF, 0x00, 0x7F, 0xFF, 0xFF,
  0xFE, 0x00, 0xFF, 0xFF,
  0x00, 0x7F, 0xFF, 0xFF, 0xFE, 0x00, 0xFF, 0xFF, 0x00, 0x7F, 0xFF, 0xFF,
  0xFE, 0x00, 0xFF, 0xFF,
  0x00, 0x7F, 0xFF, 0xFF, 0xFE, 0x00, 0xFF, 0xFF, 0x00, 0x7F, 0xFF, 0xFF,
  0xFE, 0x00, 0x7F, 0xFF,
  0x00, 0x7F, 0xFF, 0xFF, 0xFF, 0x80, 0xFF, 0xFF, 0xFF, 0xFF, 0x80, 0xFF,
  0xFF, 0xFF, 0xFF, 0x80,
  0xFF, 0xFF, 0xFF, 0xFF, 0x80, 0xFF, 0xFF, 0xFF, 0xFF, 0x80, 0xFF, 0xFF,
  0xFF, 0xFF, 0xC0, 0xFF,
  0xFF, 0xFF, 0xFF, 0xC0, 0xFF, 0xFF, 0xFF, 0xFF, 0xC0, 0xFF, 0xFF, 0xFF,
  0xFF, 0xC0, 0xFF, 0xFF,
  0xFF, 0xFF, 0xC0, 0xFF, 0xFF, 0xFF, 0xFF, 0xE0, 0xFF, 0xFF, 0xFF, 0xFF,
  0xE0, 0xFF, 0xFF, 0xFF,
  0xFF, 0xE0, 0xFF, 0xFF, 0xFF, 0xFF, 0xE0, 0xFF, 0xFF, 0xFF, 0xFF, 0xE0,
  0xFF, 0xFF, 0xFF, 0xFF,
  0xF0, 0xFF, 0xFF, 0xFF, 0xFF, 0xF0, 0xFF, 0xFF, 0xFF, 0xFF, 0xF0, 0xFF,
  0xFF, 0xFF, 0xFF, 0xF0,
  0xFF, 0xFF, 0xFF, 0xFF, 0xF0, 0xFF, 0xFF, 0xFF, 0xFF, 0xF8, 0xFF, 0xFF,
  0xFF, 0xFF, 0xF8, 0xFF,
  0xFF, 0xFF, 0xFF, 0xF8, 0xFF, 0xFF, 0xFF, 0xFF, 0xF8, 0xFF, 0xFF, 0xFF,
  0xFF, 0xF8, 0xFF, 0xFF,
  0xFF, 0xFF, 0xFC, 0xFF, 0xFF, 0xFF, 0xFF, 0xFC, 0xFF, 0xFF, 0xFF, 0xFF,
  0xFC, 0xFF, 0xFF, 0xFF,
  0xFF, 0xFC, 0xFF, 0xFF, 0xFF, 0xFF, 0xFC, 0xFF, 0xFF, 0xFF, 0xFF, 0xFC,
  0xFF, 0xFF, 0xFF, 0xFF,
  0xFE, 0xFF, 0xFF, 0xFF, 0xFF, 0xFE, 0xFF, 0xFF, 0xFF, 0xFF, 0xFE, 0xFF,
  0xFF, 0xFF, 0xFF, 0xFE,
  0xFF, 0xFF, 0xFF, 0xFF, 0xFE, 0xFF, 0xFF, 0xFF, 0xFF, 0xFF, 0xFF, 0xFF,
  0xFF, 0xFF, 0xFF, 0xFF,
  0xFF, 0xFF, 0xFF, 0xFF, 0xFF, 0xFF, 0xFF, 0xFF, 0xFF, 0xFF, 0xFF, 0xFF,
  0xFF, 0xFF, 0xFF, 0xFF,
  0xFF, 0xFF, 0xFF, 0xFF, 0xFF, 0xFF, 0xFF, 0xFF, 0xFF, 0xFF, 0xFF, 0xFF,
  0xFF, 0xFF, 0xFF, 0xFF,
  0xFF, 0xFF, 0xFF, 0xFF, 0xFF, 0xFF, 0x7F, 0xFF, 0xFF, 0xFF, 0xFF, 0x7F,
  0xFF, 0xFF, 0xFF, 0xFF,
  0x7F, 0xFF, 0xFF, 0xFF, 0xFF, 0x7F, 0xFF, 0xFF, 0xFF, 0xFF, 0x7F, 0xFF,
  0xFF, 0xFF, 0xFF, 0x3F,
  0xFF, 0xFF, 0xFF, 0xFF, 0x3F, 0xFF, 0xFF, 0xFF, 0xFF, 0x3F, 0xFF, 0xFF,
  0xFF, 0xFF, 0x3F, 0xFF,
  0xFF, 0xFF, 0xFF, 0x3F, 0xFF, 0xFF, 0xFF, 0xFF, 0x1F, 0xFF, 0xFF, 0xFF,
  0xFF, 0x1F, 0xFF, 0xFF,
  0xFF, 0xFF, 0x1F, 0xFF, 0xFF, 0xFF, 0xFF, 0x1F, 0xFF, 0xFF, 0xFF, 0xFF,
  0x1F, 0xFF, 0xFF, 0xFF,
  0xFF, 0x0F, 0xFF, 0xFF, 0xFF, 0xFF, 0x0F, 0xFF, 0xFF, 0xFF, 0xFF, 0x0F,
  0xFF, 0xFF, 0xFF, 0xFF,
  0x0F, 0xFF, 0xFF, 0xFF, 0xFF, 0x0F, 0xFF, 0xFF, 0xFF, 0xFF, 0x07, 0xFF,
  0xFF, 0xFF, 0xFF, 0x07,
  0xFF, 0xFF, 0xFF, 0xFF, 0x07, 0xFF, 0xFF, 0xFF, 0xFF, 0x07, 0xFF, 0xFF,
  0xFF, 0xFF, 0x07, 0xFF,
  0xFF, 0xFF, 0xFF, 0x03, 0xFF, 0xFF, 0xFF, 0xFF, 0x03, 0xFF, 0xFF, 0xFF,
  0xFF, 0x03, 0xFF, 0xFF,
  0xFF, 0xFF, 0x03, 0xFF, 0xFF, 0xFF, 0xFF, 0x01, 0xFF, 0xFF, 0xFF, 0xFF,
  0x01, 0xFF, 0xFF, 0xFF,
  0xFF, 0x01, 0xFF, 0xFF, 0xFF, 0xFF, 0x01, 0xFF, 0xFF, 0xFF, 0xFF, 0x01,
  0xFF, 0xFF, 0xFF, 0xFF,
  0x00, 0xFF, 0xFF, 0xFF, 0xFF, 0x00, 0xFF, 0xFF, 0xFF, 0xFF, 0x00, 0xFF,
  0xFF, 0x00, 0x01, 0xFF,
  0xC0, 0x00, 0x00, 0x0F, 0xFF, 0xFE, 0x00, 0x00, 0x1F, 0xFF, 0xFF, 0xC0,
  0x00, 0x3F, 0xFF, 0xFF,
  0xF0, 0x00, 0x3F, 0xFF, 0xFF, 0xFE, 0x00, 0x3F, 0xFF, 0xFF, 0xFF, 0x80,
  0x3F, 0xFF, 0xFF, 0xFF,
  0xC0, 0x1F, 0xFF, 0xFF, 0xFF, 0xF0, 0x1F, 0xFF, 0xFF, 0xFF, 0xFC, 0x1F,
  0xFF, 0xFF, 0xFF, 0xFE,
  0x0F, 0xFF, 0xFF, 0xFF, 0xFF, 0x87, 0xFF, 0xFF, 0xFF, 0xFF, 0xC7, 0xFF,
  0xFF, 0xFF, 0xFF, 0xE3,
  0xFF, 0xFF, 0xFF, 0xFF, 0xF9, 0xFF, 0xFF, 0xFF, 0xFF, 0xFD, 0xFF, 0xFF,
  0xC7, 0xFF, 0xFE, 0xFF,
  0xFF, 0xC1, 0xFF, 0xFF, 0x7F, 0xFF, 0xC0, 0x7F, 0xFF, 0xBF, 0xFF, 0xE0,
  0x3F, 0xFF, 0xFF, 0xFF,
  0xF0, 0x1F, 0xFF, 0xFF, 0xFF, 0xF0, 0x0F, 0xFF, 0xFF, 0xFF, 0xF8, 0x07,
  0xFF, 0xFF, 0xFF, 0xFC,
  0x03, 0xFF, 0xFF, 0xFF, 0xFE, 0x01, 0xFF, 0xFF, 0xFF, 0xFF, 0x00, 0xFF,
  0xFF, 0xFF, 0xFF, 0x80,
  0x7F, 0xFF, 0xFF, 0xFF, 0xC0, 0x3F, 0xFF, 0xFF, 0xFF, 0xE0, 0x1F, 0xFF,
  0xFF, 0xFF, 0xF0, 0x0F,
  0xFF, 0xFF, 0xFF, 0xF8, 0x07, 0xFF, 0xFF, 0xFF, 0xFC, 0x03, 0xFF, 0xFF,
  0xFF, 0xFE, 0x01, 0xFF,
  0xFF, 0xFF, 0xFF, 0x00, 0xFF, 0xFF, 0xFF, 0xFF, 0x80, 0x7F, 0xFF, 0xFF,
  0xFF, 0xC0, 0x3F, 0xFF,
  0xFF, 0xFF, 0xE0, 0x1F, 0xFF, 0xFF, 0xFF, 0xF0, 0x0F, 0xFF, 0xFF, 0xFF,
  0xF8, 0x07, 0xFF, 0xFF,
  0xFF, 0xFC, 0x03, 0xFF, 0xFF, 0xFF, 0xFE, 0x01, 0xFF, 0xFF, 0xFF, 0xFF,
  0x00, 0xFF, 0xFF, 0xFF,
  0xFF, 0x80, 0x7F, 0xFF, 0xFF, 0xFF, 0xC0, 0x3F, 0xFF, 0xFF, 0xFF, 0xE0,
  0x1F, 0xFF, 0xFF, 0xFF,
  0xF0, 0x0F, 0xFF, 0xFF, 0xFF, 0xF8, 0x07, 0xFF, 0xFF, 0xFF, 0xFC, 0x03,
  0xFF, 0xFF, 0xFF, 0xFE,
  0x01, 0xFF, 0xFF, 0xFF, 0xFF, 0x00, 0xFF, 0xFF, 0xFF, 0xFF, 0x80, 0x7F,
  0xFF, 0xFF, 0xFF, 0xC0,
  0x3F, 0xFF, 0xFF, 0xFF, 0xE0, 0x1F, 0xFF, 0xFF, 0xFF, 0xF0, 0x0F, 0xFF,
  0xFF, 0xFF, 0xF8, 0x07,
  0xFF, 0xFF, 0xFF, 0xFC, 0x03, 0xFF, 0xFF, 0xFF, 0xFE, 0x01, 0xFF, 0xFF,
  0xFF, 0xFF, 0x00, 0xFF,
  0xFF, 0xFF, 0xFF, 0x80, 0x7F, 0xFF, 0xFF, 0xFF, 0xC0, 0x3F, 0xFF, 0xFF,
  0xFF, 0xE0, 0x1F, 0xFF,
  0xFF, 0xFF, 0xF0, 0x0F, 0xFF, 0xFF, 0xFF, 0xF8, 0x07, 0xFF, 0xFF, 0xFF,
  0xFC, 0x03, 0xFF, 0xFF,
  0xFF, 0xFF, 0x01, 0xFF, 0xFF, 0xFF, 0xFF, 0x80, 0xFF, 0xFF, 0x7F, 0xFF,
  0xC0, 0x7F, 0xFF, 0xBF,
  0xFF, 0xE0, 0x3F, 0xFF, 0xDF, 0xFF, 0xF8, 0x3F, 0xFF, 0xE7, 0xFF, 0xFE,
  0x3F, 0xFF, 0xF3, 0xFF,
  0xFF, 0xFF, 0xFF, 0xF9, 0xFF, 0xFF, 0xFF, 0xFF, 0xF8, 0x7F, 0xFF, 0xFF,
  0xFF, 0xFC, 0x3F, 0xFF,
  0xFF, 0xFF, 0xFE, 0x1F, 0xFF, 0xFF, 0xFF, 0xFE, 0x07, 0xFF, 0xFF, 0xFF,
  0xFF, 0x03, 0xFF, 0xFF,
  0xFF, 0xFF, 0x00, 0xFF, 0xFF, 0xFF, 0xFF, 0x80, 0x3F, 0xFF, 0xFF, 0xFF,
  0x80, 0x0F, 0xFF, 0xFF,
  0xFF, 0x80, 0x03, 0xFF, 0xFF, 0xFF, 0x80, 0x00, 0xFF, 0xFF, 0xFF, 0x80,
  0x00, 0x3F, 0xFF, 0xFF,
  0x00, 0x00, 0x03, 0xFF, 0xFE, 0x00, 0x00, 0x00, 0x3F, 0xF8, 0x00, 0x00,
  0xFF, 0xFF, 0xFF, 0xE0,
  0x00, 0xFF, 0xFF, 0xFF, 0xFC, 0x00, 0xFF, 0xFF, 0xFF, 0xFF, 0x00, 0xFF,
  0xFF, 0xFF, 0xFF, 0x80,
  0xFF, 0xFF, 0xFF, 0xFF, 0xC0, 0xFF, 0xFF, 0xFF, 0xFF, 0xE0, 0xFF, 0xFF,
  0xFF, 0xFF, 0xF0, 0xFF,
  0xFF, 0xFF, 0xFF, 0xF0, 0xFF, 0xFF, 0xFF, 0xFF, 0xF8, 0xFF, 0xFF, 0xFF,
  0xFF, 0xF8, 0xFF, 0xFF,
  0xFF, 0xFF, 0xFC, 0xFF, 0xFF, 0xFF, 0xFF, 0xFC, 0xFF, 0xFF, 0xFF, 0xFF,
  0xFC, 0xFF, 0xFF, 0xFF,
  0xFF, 0xFE, 0xFF, 0xFF, 0xFF, 0xFF, 0xFE, 0xFF, 0xFF, 0x0F, 0xFF, 0xFE,
  0xFF, 0xFF, 0x03, 0xFF,
  0xFE, 0xFF, 0xFF, 0x03, 0xFF, 0xFE, 0xFF, 0xFF, 0x01, 0xFF, 0xFE, 0xFF,
  0xFF, 0x01, 0xFF, 0xFF,
  0xFF, 0xFF, 0x01, 0xFF, 0xFF, 0xFF, 0xFF, 0x01, 0xFF, 0xFF, 0xFF, 0xFF,
  0x01, 0xFF, 0xFF, 0xFF,
  0xFF, 0x01, 0xFF, 0xFF, 0xFF, 0xFF, 0x01, 0xFF, 0xFF, 0xFF, 0xFF, 0x01,
  0xFF, 0xFF, 0xFF, 0xFF,
  0x01, 0xFF, 0xFF, 0xFF, 0xFF, 0x01, 0xFF, 0xFF, 0xFF, 0xFF, 0x01, 0xFF,
  0xFF, 0xFF, 0xFF, 0x01,
  0xFF, 0xFF, 0xFF, 0xFF, 0x01, 0xFF, 0xFF, 0xFF, 0xFF, 0x03, 0xFF, 0xFE,
  0xFF, 0xFF, 0x03, 0xFF,
  0xFE, 0xFF, 0xFF, 0x0F, 0xFF, 0xFE, 0xFF, 0xFF, 0xFF, 0xFF, 0xFE, 0xFF,
  0xFF, 0xFF, 0xFF, 0xFE,
  0xFF, 0xFF, 0xFF, 0xFF, 0xFE, 0xFF, 0xFF, 0xFF, 0xFF, 0xFC, 0xFF, 0xFF,
  0xFF, 0xFF, 0xFC, 0xFF,
  0xFF, 0xFF, 0xFF, 0xFC, 0xFF, 0xFF, 0xFF, 0xFF, 0xF8, 0xFF, 0xFF, 0xFF,
  0xFF, 0xF8, 0xFF, 0xFF,
  0xFF, 0xFF, 0xF0, 0xFF, 0xFF, 0xFF, 0xFF, 0xF0, 0xFF, 0xFF, 0xFF, 0xFF,
  0xE0, 0xFF, 0xFF, 0xFF,
  0xFF, 0xC0, 0xFF, 0xFF, 0xFF, 0xFF, 0x80, 0xFF, 0xFF, 0xFF, 0xFE, 0x00,
  0xFF, 0xFF, 0xFF, 0xF0,
  0x00, 0xFF, 0xFF, 0x00, 0x00, 0x00, 0xFF, 0xFF, 0x00, 0x00, 0x00, 0xFF,
  0xFF, 0x00, 0x00, 0x00,
  0xFF, 0xFF, 0x00, 0x00, 0x00, 0xFF, 0xFF, 0x00, 0x00, 0x00, 0xFF, 0xFF,
  0x00, 0x00, 0x00, 0xFF,
  0xFF, 0x00, 0x00, 0x00, 0xFF, 0xFF, 0x00, 0x00, 0x00, 0xFF, 0xFF, 0x00,
  0x00, 0x00, 0xFF, 0xFF,
  0x00, 0x00, 0x00, 0xFF, 0xFF, 0x00, 0x00, 0x00, 0xFF, 0xFF, 0x00, 0x00,
  0x00, 0xFF, 0xFF, 0x00,
  0x00, 0x00, 0xFF, 0xFF, 0x00, 0x00, 0x00, 0xFF, 0xFF, 0x00, 0x00, 0x00,
  0xFF, 0xFF, 0x00, 0x00,
  0x00, 0xFF, 0xFF, 0x00, 0x00, 0x00, 0xFF, 0xFF, 0x00, 0x00, 0x00, 0xFF,
  0xFF, 0x00, 0x00, 0x00,
  0xFF, 0xFF, 0x00, 0x00, 0x00, 0xFF, 0xFF, 0x00, 0x00, 0x00, 0xFF, 0xFF,
  0x00, 0x00, 0x00, 0xFF,
  0xFF, 0x00, 0x00, 0x00, 0xFF, 0xFF, 0x00, 0x00, 0x00, 0xFF, 0xFF, 0x00,
  0x00, 0x00, 0xFF, 0xFF,
  0x00, 0x00, 0x00, 0xFF, 0xFF, 0x00, 0x00, 0x00, 0xFF, 0xFF, 0x00, 0x00,
  0x00, 0xFF, 0xFF, 0x00,
  0x00, 0x00, 0xFF, 0xFF, 0x00, 0x00, 0x00, 0xFF, 0xFF, 0x00, 0x00, 0x00,
  0xFF, 0xFF, 0x00, 0x00,
  0x00, 0xFF, 0xFF, 0x00, 0x00, 0x00, 0x00, 0x03, 0xFF, 0x80, 0x00, 0x00,
  0x03, 0xFF, 0xFF, 0x00,
  0x00, 0x01, 0xFF, 0xFF, 0xF8, 0x00, 0x00, 0xFF, 0xFF, 0xFF, 0xC0, 0x00,
  0x3F, 0xFF, 0xFF, 0xFC,
  0x00, 0x0F, 0xFF, 0xFF, 0xFF, 0xC0, 0x03, 0xFF, 0xFF, 0xFF, 0xFC, 0x00,
  0xFF, 0xFF, 0xFF, 0xFF,
  0xC0, 0x1F, 0xFF, 0xFF, 0xFF, 0xF8, 0x07, 0xFF, 0xFF, 0xFF, 0xFF, 0x80,
  0xFF, 0xFF, 0xFF, 0xFF,
  0xF0, 0x3F, 0xFF, 0xFF, 0xFF, 0xFF, 0x07, 0xFF, 0xFF, 0xFF, 0xFF, 0xE1,
  0xFF, 0xFF, 0xFF, 0xFF,
  0xFC, 0x3F, 0xFF, 0xFF, 0xFF, 0xFF, 0x87, 0xFF, 0xFE, 0x1F, 0xFF, 0xF8,
  0xFF, 0xFF, 0x81, 0xFF,
  0xFF, 0x1F, 0xFF, 0xE0, 0x3F, 0xFF, 0xE3, 0xFF, 0xFC, 0x07, 0xFF, 0xFC,
  0x7F, 0xFF, 0x80, 0xFF,
  0xFF, 0x8F, 0xFF, 0xF0, 0x0F, 0xFF, 0xF1, 0xFF, 0xFE, 0x01, 0xFF, 0xFE,
  0x3F, 0xFF, 0xC0, 0x3F,
  0xFF, 0xC7, 0xFF, 0xF8, 0x07, 0xFF, 0xF8, 0xFF, 0xFF, 0x00, 0xFF, 0xFF,
  0x1F, 0xFF, 0xE0, 0x1F,
  0xFF, 0xE3, 0xFF, 0xFC, 0x03, 0xFF, 0xFC, 0x7F, 0xFF, 0x80, 0x7F, 0xFF,
  0x8F, 0xFF, 0xF0, 0x0F,
  0xFF, 0xF1, 0xFF, 0xFE, 0x01, 0xFF, 0xFE, 0x3F, 0xFF, 0xC0, 0x3F, 0xFF,
  0xC7, 0xFF, 0xF8, 0x07,
  0xFF, 0xF8, 0xFF, 0xFF, 0x00, 0xFF, 0xFF, 0x1F, 0xFF, 0xE0, 0x1F, 0xFF,
  0xE3, 0xFF, 0xFC, 0x03,
  0xFF, 0xFC, 0x7F, 0xFF, 0x80, 0x7F, 0xFF, 0x8F, 0xFF, 0xF0, 0x0F, 0xFF,
  0xF1, 0xFF, 0xFE, 0x01,
  0xFF, 0xFE, 0x3F, 0xFF, 0xC0, 0x3F, 0xFF, 0xC7, 0xFF, 0xF8, 0x07, 0xFF,
  0xF8, 0xFF, 0xFF, 0x00,
  0xFF, 0xFF, 0x1F, 0xFF, 0xE0, 0x1F, 0xFF, 0xE3, 0xFF, 0xFC, 0x03, 0xFF,
  0xFC, 0x7F, 0xFF, 0x80,
  0x7F, 0xFF, 0x8F, 0xFF, 0xF0, 0x0F, 0xFF, 0xF1, 0xFF, 0xFE, 0x01, 0xFF,
  0xFE, 0x3F, 0xFF, 0xC0,
  0x3F, 0xFF, 0xC7, 0xFF, 0xF8, 0x07, 0xFF, 0xF8, 0xFF, 0xFF, 0x00, 0xFF,
  0xFF, 0x1F, 0xFF, 0xE0,
  0x1F, 0xFF, 0xE3, 0xFF, 0xFC, 0x03, 0xFF, 0xFC, 0x7F, 0xFF, 0x80, 0x7F,
  0xFF, 0x8F, 0xFF, 0xF0,
  0x0F, 0xFF, 0xF1, 0xFF, 0xFE, 0x01, 0xFF, 0xFE, 0x3F, 0xFF, 0xC0, 0x3F,
  0xFF, 0xC7, 0xFF, 0xF8,
  0x07, 0xFF, 0xF8, 0xFF, 0xFF, 0x00, 0xFF, 0xFF, 0x1F, 0xFF, 0xE0, 0x1F,
  0xFF, 0xE3, 0xFF, 0xFC,
  0x03, 0xFF, 0xFC, 0x7F, 0xFF, 0x80, 0x7F, 0xFF, 0x8F, 0xFF, 0xF0, 0x0F,
  0xFF, 0xF1, 0xFF, 0xFE,
  0x01, 0xFF, 0xFE, 0x3F, 0xFF, 0xC0, 0x3F, 0xFF, 0xC7, 0xFF, 0xF8, 0x0F,
  0xFF, 0xF8, 0xFF, 0xFF,
  0x01, 0xFF, 0xFF, 0x1F, 0xFF, 0xE0, 0x3F, 0xFF, 0xE3, 0xFF, 0xFE, 0x07,
  0xFF, 0xFC, 0x7F, 0xFF,
  0xC0, 0xFF, 0xFF, 0x8F, 0xFF, 0xFC, 0x3F, 0xFF, 0xF1, 0xFF, 0xFF, 0xFF,
  0xFF, 0xFC, 0x1F, 0xFF,
  0xFF, 0xFF, 0xFF, 0x83, 0xFF, 0xFF, 0xFF, 0xFF, 0xF0, 0x7F, 0xFF, 0xFF,
  0xFF, 0xFC, 0x07, 0xFF,
  0xFF, 0xFF, 0xFF, 0x80, 0xFF, 0xFF, 0xFF, 0xFF, 0xF0, 0x0F, 0xFF, 0xFF,
  0xFF, 0xFC, 0x01, 0xFF,
  0xFF, 0xFF, 0xFF, 0x80, 0x1F, 0xFF, 0xFF, 0xFF, 0xE0, 0x01, 0xFF, 0xFF,
  0xFF, 0xFE, 0x00, 0x1F,
  0xFF, 0xFF, 0xFF, 0xE0, 0x01, 0xFF, 0xFF, 0xFF, 0xFF, 0x00, 0x0F, 0xFF,
  0xFF, 0xFF, 0xF8, 0x00,
  0x7F, 0xFF, 0xFF, 0xFF, 0x80, 0x01, 0xFF, 0xFF, 0xFF, 0xE0, 0x00, 0x00,
  0x03, 0xFF, 0xF8, 0x00,
  0x00, 0x00, 0x3F, 0xFF, 0x00, 0x00, 0x00, 0x01, 0xFF, 0xC0, 0x00, 0x00,
  0x00, 0x1F, 0xF8, 0x00,
  0x00, 0x00, 0x00, 0xFE, 0x00, 0x00, 0x00, 0x00, 0x0F, 0xC0, 0x00, 0x00,
  0x00, 0x00, 0x70, 0x00,
  0x00, 0x00, 0x00, 0x04, 0x00, 0xFF, 0xFF, 0xFF, 0xFC, 0x00, 0xFF, 0xFF,
  0xFF, 0xFF, 0x80, 0xFF,
  0xFF, 0xFF, 0xFF, 0xC0, 0xFF, 0xFF, 0xFF, 0xFF, 0xE0, 0xFF, 0xFF, 0xFF,
  0xFF, 0xF0, 0xFF, 0xFF,
  0xFF, 0xFF, 0xF8, 0xFF, 0xFF, 0xFF, 0xFF, 0xF8, 0xFF, 0xFF, 0xFF, 0xFF,
  0xFC, 0xFF, 0xFF, 0xFF,
  0xFF, 0xFC, 0xFF, 0xFF, 0xFF, 0xFF, 0xFE, 0xFF, 0xFF, 0xFF, 0xFF, 0xFE,
  0xFF, 0xFF, 0xFF, 0xFF,
  0xFE, 0xFF, 0xFF, 0xFF, 0xFF, 0xFE, 0xFF, 0xFF, 0xFF, 0xFF, 0xFE, 0xFF,
  0xFF, 0xFF, 0xFF, 0xFE,
  0xFF, 0xFF, 0x03, 0xFF, 0xFF, 0xFF, 0xFF, 0x01, 0xFF, 0xFF, 0xFF, 0xFF,
  0x01, 0xFF, 0xFF, 0xFF,
  0xFF, 0x00, 0xFF, 0xFF, 0xFF, 0xFF, 0x00, 0xFF, 0xFF, 0xFF, 0xFF, 0x00,
  0xFF, 0xFF, 0xFF, 0xFF,
  0x00, 0xFF, 0xFF, 0xFF, 0xFF, 0x00, 0xFF, 0xFF, 0xFF, 0xFF, 0x00, 0xFF,
  0xFF, 0xFF, 0xFF, 0x00,
  0xFF, 0xFF, 0xFF, 0xFF, 0x00, 0xFF, 0xFF, 0xFF, 0xFF, 0x00, 0xFF, 0xFF,
  0xFF, 0xFF, 0x01, 0xFF,
  0xFF, 0xFF, 0xFF, 0x01, 0xFF, 0xFF, 0xFF, 0xFF, 0x03, 0xFF, 0xFE, 0xFF,
  0xFF, 0xFF, 0xFF, 0xFE,
  0xFF, 0xFF, 0xFF, 0xFF, 0xFE, 0xFF, 0xFF, 0xFF, 0xFF, 0xFE, 0xFF, 0xFF,
  0xFF, 0xFF, 0xFC, 0xFF,
  0xFF, 0xFF, 0xFF, 0xFC, 0xFF, 0xFF, 0xFF, 0xFF, 0xF8, 0xFF, 0xFF, 0xFF,
  0xFF, 0xF0, 0xFF, 0xFF,
  0xFF, 0xFF, 0xE0, 0xFF, 0xFF, 0xFF, 0xFF, 0x80, 0xFF, 0xFF, 0xFF, 0xFF,
  0xC0, 0xFF, 0xFF, 0xFF,
  0xFF, 0xF0, 0xFF, 0xFF, 0xFF, 0xFF, 0xF8, 0xFF, 0xFF, 0xFF, 0xFF, 0xF8,
  0xFF, 0xFF, 0xFF, 0xFF,
  0xFC, 0xFF, 0xFF, 0x0F, 0xFF, 0xFC, 0xFF, 0xFF, 0x03, 0xFF, 0xFC, 0xFF,
  0xFF, 0x03, 0xFF, 0xFE,
  0xFF, 0xFF, 0x03, 0xFF, 0xFE, 0xFF, 0xFF, 0x01, 0xFF, 0xFE, 0xFF, 0xFF,
  0x01, 0xFF, 0xFE, 0xFF,
  0xFF, 0x01, 0xFF, 0xFE, 0xFF, 0xFF, 0x01, 0xFF, 0xFE, 0xFF, 0xFF, 0x01,
  0xFF, 0xFE, 0xFF, 0xFF,
  0x01, 0xFF, 0xFE, 0xFF, 0xFF, 0x01, 0xFF, 0xFE, 0xFF, 0xFF, 0x01, 0xFF,
  0xFE, 0xFF, 0xFF, 0x01,
  0xFF, 0xFE, 0xFF, 0xFF, 0x01, 0xFF, 0xFE, 0xFF, 0xFF, 0x01, 0xFF, 0xFE,
  0xFF, 0xFF, 0x01, 0xFF,
  0xFE, 0xFF, 0xFF, 0x01, 0xFF, 0xFE, 0xFF, 0xFF, 0x01, 0xFF, 0xFE, 0xFF,
  0xFF, 0x01, 0xFF, 0xFE,
  0xFF, 0xFF, 0x01, 0xFF, 0xFE, 0xFF, 0xFF, 0x01, 0xFF, 0xFE, 0xFF, 0xFF,
  0x01, 0xFF, 0xFE, 0xFF,
  0xFF, 0x01, 0xFF, 0xFE, 0xFF, 0xFF, 0x01, 0xFF, 0xFE, 0xFF, 0xFF, 0x01,
  0xFF, 0xFE, 0xFF, 0xFF,
  0x01, 0xFF, 0xFE, 0xFF, 0xFF, 0x01, 0xFF, 0xFE, 0xFF, 0xFF, 0x01, 0xFF,
  0xFE, 0xFF, 0xFF, 0x01,
  0xFF, 0xFE, 0xFF, 0xFF, 0x01, 0xFF, 0xFE, 0xFF, 0xFF, 0x01, 0xFF, 0xFE,
  0xFF, 0xFF, 0x01, 0xFF,
  0xFE, 0xFF, 0xFF, 0x01, 0xFF, 0xFE, 0xFF, 0xFF, 0x01, 0xFF, 0xFE, 0xFF,
  0xFF, 0x01, 0xFF, 0xFE,
  0xFF, 0xFF, 0x01, 0xFF, 0xFE, 0xFF, 0xFF, 0x01, 0xFF, 0xFE, 0xFF, 0xFF,
  0x01, 0xFF, 0xFE, 0x00,
  0x03, 0xFF, 0x80, 0x00, 0x00, 0x1F, 0xFF, 0xF8, 0x00, 0x00, 0x7F, 0xFF,
  0xFE, 0x00, 0x01, 0xFF,
  0xFF, 0xFF, 0x80, 0x03, 0xFF, 0xFF, 0xFF, 0xC0, 0x07, 0xFF, 0xFF, 0xFF,
  0xE0, 0x0F, 0xFF, 0xFF,
  0xFF, 0xF0, 0x1F, 0xFF, 0xFF, 0xFF, 0xF0, 0x1F, 0xFF, 0xFF, 0xFF, 0xF8,
  0x3F, 0xFF, 0xFF, 0xFF,
  0xF8, 0x3F, 0xFF, 0xFF, 0xFF, 0xFC, 0x7F, 0xFF, 0xFF, 0xFF, 0xFC, 0x7F,
  0xFF, 0xFF, 0xFF, 0xFC,
  0x7F, 0xFF, 0xFF, 0xFF, 0xFE, 0x7F, 0xFF, 0xFF, 0xFF, 0xFE, 0xFF, 0xFF,
  0x83, 0xFF, 0xFE, 0xFF,
  0xFF, 0x01, 0xFF, 0xFE, 0xFF, 0xFF, 0x01, 0xFF, 0xFE, 0xFF, 0xFF, 0x01,
  0xFF, 0xFF, 0xFF, 0xFF,
  0x01, 0xFF, 0xFF, 0xFF, 0xFF, 0x01, 0xFF, 0xFF, 0xFF, 0xFF, 0x01, 0xFF,
  0xFF, 0xFF, 0xFF, 0x81,
  0xFF, 0xFF, 0xFF, 0xFF, 0x81, 0xFF, 0xFF, 0xFF, 0xFF, 0xC0, 0x00, 0x00,
  0xFF, 0xFF, 0xE0, 0x00,
  0x00, 0xFF, 0xFF, 0xF0, 0x00, 0x00, 0x7F, 0xFF, 0xF8, 0x00, 0x00, 0x7F,
  0xFF, 0xFC, 0x00, 0x00,
  0x7F, 0xFF, 0xFE, 0x00, 0x00, 0x3F, 0xFF, 0xFF, 0x00, 0x00, 0x3F, 0xFF,
  0xFF, 0x80, 0x00, 0x1F,
  0xFF, 0xFF, 0xC0, 0x00, 0x1F, 0xFF, 0xFF, 0xE0, 0x00, 0x0F, 0xFF, 0xFF,
  0xF0, 0x00, 0x07, 0xFF,
  0xFF, 0xF8, 0x00, 0x07, 0xFF, 0xFF, 0xFC, 0x00, 0x03, 0xFF, 0xFF, 0xFE,
  0x00, 0x01, 0xFF, 0xFF,
  0xFF, 0x00, 0x00, 0xFF, 0xFF, 0xFF, 0x80, 0x00, 0x7F, 0xFF, 0xFF, 0xC0,
  0x00, 0x3F, 0xFF, 0xFF,
  0xE0, 0x00, 0x1F, 0xFF, 0xFF, 0xE0, 0x00, 0x0F, 0xFF, 0xFF, 0xF0, 0x00,
  0x07, 0xFF, 0xFF, 0xF8,
  0x00, 0x03, 0xFF, 0xFF, 0xF8, 0x00, 0x01, 0xFF, 0xFF, 0xFC, 0x00, 0x00,
  0xFF, 0xFF, 0xFC, 0x00,
  0x00, 0x7F, 0xFF, 0xFE, 0x00, 0x00, 0x3F, 0xFF, 0xFE, 0x00, 0x00, 0x1F,
  0xFF, 0xFE, 0x00, 0x00,
  0x0F, 0xFF, 0xFF, 0xFF, 0xFF, 0x07, 0xFF, 0xFF, 0xFF, 0xFF, 0x03, 0xFF,
  0xFF, 0xFF, 0xFF, 0x03,
  0xFF, 0xFF, 0xFF, 0xFF, 0x01, 0xFF, 0xFF, 0xFF, 0xFF, 0x01, 0xFF, 0xFF,
  0xFF, 0xFF, 0x00, 0xFF,
  0xFF, 0xFF, 0xFF, 0x00, 0xFF, 0xFF, 0xFF, 0xFF, 0x00, 0xFF, 0xFF, 0xFF,
  0xFF, 0x00, 0xFF, 0xFF,
  0xFF, 0xFF, 0x00, 0xFF, 0xFF, 0xFF, 0xFF, 0x00, 0xFF, 0xFF, 0xFF, 0xFF,
  0x00, 0xFF, 0xFF, 0xFF,
  0xFF, 0x00, 0xFF, 0xFF, 0xFF, 0xFF, 0x80, 0xFF, 0xFF, 0xFF, 0xFF, 0x80,
  0xFF, 0xFF, 0xFF, 0xFF,
  0x81, 0xFF, 0xFF, 0x7F, 0xFF, 0xC3, 0xFF, 0xFF, 0x7F, 0xFF, 0xFF, 0xFF,
  0xFE, 0x7F, 0xFF, 0xFF,
  0xFF, 0xFE, 0x7F, 0xFF, 0xFF, 0xFF, 0xFE, 0x3F, 0xFF, 0xFF, 0xFF, 0xFE,
  0x3F, 0xFF, 0xFF, 0xFF,
  0xFC, 0x3F, 0xFF, 0xFF, 0xFF, 0xFC, 0x1F, 0xFF, 0xFF, 0xFF, 0xF8, 0x1F,
  0xFF, 0xFF, 0xFF, 0xF8,
  0x0F, 0xFF, 0xFF, 0xFF, 0xF0, 0x07, 0xFF, 0xFF, 0xFF, 0xE0, 0x03, 0xFF,
  0xFF, 0xFF, 0xC0, 0x01,
  0xFF, 0xFF, 0xFF, 0x80, 0x00, 0x7F, 0xFF, 0xFF, 0x00, 0x00, 0x1F, 0xFF,
  0xFC, 0x00, 0x00, 0x01,
  0xFF, 0xC0, 0x00, 0xFF, 0xFF, 0xFF, 0xFF, 0xFF, 0xFF, 0xFF, 0xFF, 0xFF,
  0xFF, 0xFF, 0xFF, 0xFF,
  0xFF, 0xFF, 0xFF, 0xFF, 0xFF, 0xFF, 0xFF, 0xFF, 0xFF, 0xFF, 0xFF, 0xFF,
  0xFF, 0xFF, 0xFF, 0xFF,
  0xFF, 0xFF, 0xFF, 0xFF, 0xFF, 0xFF, 0xFF, 0xFF, 0xFF, 0xFF, 0xFF, 0xFF,
  0xFF, 0xFF, 0xFF, 0xFF,
  0xFF, 0xFF, 0xFF, 0xFF, 0xFF, 0xFF, 0xFF, 0xFF, 0xFF, 0xFF, 0xFF, 0xFF,
  0xFF, 0xFF, 0xFF, 0xFF,
  0xFF, 0xFF, 0xFF, 0xFF, 0xFF, 0xFF, 0xFF, 0xFF, 0xFF, 0xFF, 0xFF, 0x00,
  0x3F, 0xFF, 0xC0, 0x00,
  0x03, 0xFF, 0xFC, 0x00, 0x00, 0x3F, 0xFF, 0xC0, 0x00, 0x03, 0xFF, 0xFC,
  0x00, 0x00, 0x3F, 0xFF,
  0xC0, 0x00, 0x03, 0xFF, 0xFC, 0x00, 0x00, 0x3F, 0xFF, 0xC0, 0x00, 0x03,
  0xFF, 0xFC, 0x00, 0x00,
  0x3F, 0xFF, 0xC0, 0x00, 0x03, 0xFF, 0xFC, 0x00, 0x00, 0x3F, 0xFF, 0xC0,
  0x00, 0x03, 0xFF, 0xFC,
  0x00, 0x00, 0x3F, 0xFF, 0xC0, 0x00, 0x03, 0xFF, 0xFC, 0x00, 0x00, 0x3F,
  0xFF, 0xC0, 0x00, 0x03,
  0xFF, 0xFC, 0x00, 0x00, 0x3F, 0xFF, 0xC0, 0x00, 0x03, 0xFF, 0xFC, 0x00,
  0x00, 0x3F, 0xFF, 0xC0,
  0x00, 0x03, 0xFF, 0xFC, 0x00, 0x00, 0x3F, 0xFF, 0xC0, 0x00, 0x03, 0xFF,
  0xFC, 0x00, 0x00, 0x3F,
  0xFF, 0xC0, 0x00, 0x03, 0xFF, 0xFC, 0x00, 0x00, 0x3F, 0xFF, 0xC0, 0x00,
  0x03, 0xFF, 0xFC, 0x00,
  0x00, 0x3F, 0xFF, 0xC0, 0x00, 0x03, 0xFF, 0xFC, 0x00, 0x00, 0x3F, 0xFF,
  0xC0, 0x00, 0x03, 0xFF,
  0xFC, 0x00, 0x00, 0x3F, 0xFF, 0xC0, 0x00, 0x03, 0xFF, 0xFC, 0x00, 0x00,
  0x3F, 0xFF, 0xC0, 0x00,
  0x03, 0xFF, 0xFC, 0x00, 0x00, 0x3F, 0xFF, 0xC0, 0x00, 0x03, 0xFF, 0xFC,
  0x00, 0x00, 0x3F, 0xFF,
  0xC0, 0x00, 0x03, 0xFF, 0xFC, 0x00, 0x00, 0x3F, 0xFF, 0xC0, 0x00, 0x03,
  0xFF, 0xFC, 0x00, 0x00,
  0x3F, 0xFF, 0xC0, 0x00, 0x03, 0xFF, 0xFC, 0x00, 0x00, 0x3F, 0xFF, 0xC0,
  0x00, 0x03, 0xFF, 0xFC,
  0x00, 0x00, 0x3F, 0xFF, 0xC0, 0x00, 0x03, 0xFF, 0xFC, 0x00, 0x00, 0x3F,
  0xFF, 0xC0, 0x00, 0x03,
  0xFF, 0xFC, 0x00, 0x00, 0x3F, 0xFF, 0xC0, 0x00, 0x03, 0xFF, 0xFC, 0x00,
  0x00, 0x3F, 0xFF, 0xC0,
  0x00, 0x03, 0xFF, 0xFC, 0x00, 0x00, 0x3F, 0xFF, 0xC0, 0x00, 0x03, 0xFF,
  0xFC, 0x00, 0x00, 0x3F,
  0xFF, 0xC0, 0x00, 0x03, 0xFF, 0xFC, 0x00, 0x00, 0x3F, 0xFF, 0xC0, 0x00,
  0x03, 0xFF, 0xFC, 0x00,
  0x00, 0x3F, 0xFF, 0xC0, 0x00, 0x03, 0xFF, 0xFC, 0x00, 0x00, 0x3F, 0xFF,
  0xC0, 0x00, 0x03, 0xFF,
  0xFC, 0x00, 0x00, 0x3F, 0xFF, 0xC0, 0x00, 0x03, 0xFF, 0xFC, 0x00, 0x00,
  0x3F, 0xFF, 0xC0, 0x00,
  0x03, 0xFF, 0xFC, 0x00, 0xFF, 0xFF, 0x00, 0xFF, 0xFF, 0xFF, 0xFF, 0x00,
  0xFF, 0xFF, 0xFF, 0xFF,
  0x00, 0xFF, 0xFF, 0xFF, 0xFF, 0x00, 0xFF, 0xFF, 0xFF, 0xFF, 0x00, 0xFF,
  0xFF, 0xFF, 0xFF, 0x00,
  0xFF, 0xFF, 0xFF, 0xFF, 0x00, 0xFF, 0xFF, 0xFF, 0xFF, 0x00, 0xFF, 0xFF,
  0xFF, 0xFF, 0x00, 0xFF,
  0xFF, 0xFF, 0xFF, 0x00, 0xFF, 0xFF, 0xFF, 0xFF, 0x00, 0xFF, 0xFF, 0xFF,
  0xFF, 0x00, 0xFF, 0xFF,
  0xFF, 0xFF, 0x00, 0xFF, 0xFF, 0xFF, 0xFF, 0x00, 0xFF, 0xFF, 0xFF, 0xFF,
  0x00, 0xFF, 0xFF, 0xFF,
  0xFF, 0x00, 0xFF, 0xFF, 0xFF, 0xFF, 0x00, 0xFF, 0xFF, 0xFF, 0xFF, 0x00,
  0xFF, 0xFF, 0xFF, 0xFF,
  0x00, 0xFF, 0xFF, 0xFF, 0xFF, 0x00, 0xFF, 0xFF, 0xFF, 0xFF, 0x00, 0xFF,
  0xFF, 0xFF, 0xFF, 0x00,
  0xFF, 0xFF, 0xFF, 0xFF, 0x00, 0xFF, 0xFF, 0xFF, 0xFF, 0x00, 0xFF, 0xFF,
  0xFF, 0xFF, 0x00, 0xFF,
  0xFF, 0xFF, 0xFF, 0x00, 0xFF, 0xFF, 0xFF, 0xFF, 0x00, 0xFF, 0xFF, 0xFF,
  0xFF, 0x00, 0xFF, 0xFF,
  0xFF, 0xFF, 0x00, 0xFF, 0xFF, 0xFF, 0xFF, 0x00, 0xFF, 0xFF, 0xFF, 0xFF,
  0x00, 0xFF, 0xFF, 0xFF,
  0xFF, 0x00, 0xFF, 0xFF, 0xFF, 0xFF, 0x00, 0xFF, 0xFF, 0xFF, 0xFF, 0x00,
  0xFF, 0xFF, 0xFF, 0xFF,
  0x00, 0xFF, 0xFF, 0xFF, 0xFF, 0x00, 0xFF, 0xFF, 0xFF, 0xFF, 0x00, 0xFF,
  0xFF, 0xFF, 0xFF, 0x00,
  0xFF, 0xFF, 0xFF, 0xFF, 0x00, 0xFF, 0xFF, 0xFF, 0xFF, 0x00, 0xFF, 0xFF,
  0xFF, 0xFF, 0x00, 0xFF,
  0xFF, 0xFF, 0xFF, 0x00, 0xFF, 0xFF, 0xFF, 0xFF, 0x00, 0xFF, 0xFF, 0xFF,
  0xFF, 0x00, 0xFF, 0xFF,
  0xFF, 0xFF, 0x00, 0xFF, 0xFF, 0xFF, 0xFF, 0x00, 0xFF, 0xFF, 0xFF, 0xFF,
  0x00, 0xFF, 0xFF, 0xFF,
  0xFF, 0x00, 0xFF, 0xFF, 0xFF, 0xFF, 0x00, 0xFF, 0xFF, 0xFF, 0xFF, 0x00,
  0xFF, 0xFF, 0xFF, 0xFF,
  0x00, 0xFF, 0xFF, 0xFF, 0xFF, 0x00, 0xFF, 0xFF, 0xFF, 0xFF, 0x00, 0xFF,
  0xFF, 0xFF, 0xFF, 0x00,
  0xFF, 0xFF, 0xFF, 0xFF, 0x00, 0xFF, 0xFF, 0xFF, 0xFF, 0x00, 0xFF, 0xFF,
  0xFF, 0xFF, 0x00, 0xFF,
  0xFF, 0xFF, 0xFF, 0x00, 0xFF, 0xFF, 0xFF, 0xFF, 0x00, 0xFF, 0xFF, 0xFF,
  0xFF, 0x00, 0xFF, 0xFF,
  0xFF, 0xFF, 0x00, 0xFF, 0xFF, 0xFF, 0xFF, 0x00, 0xFF, 0xFF, 0xFF, 0xFF,
  0x00, 0xFF, 0xFF, 0xFF,
  0xFF, 0x00, 0xFF, 0xFF, 0xFF, 0xFF, 0x01, 0xFF, 0xFF, 0xFF, 0xFF, 0x01,
  0xFF, 0xFE, 0xFF, 0xFF,
  0x81, 0xFF, 0xFE, 0xFF, 0xFF, 0xC3, 0xFF, 0xFE, 0xFF, 0xFF, 0xFF, 0xFF,
  0xFE, 0x7F, 0xFF, 0xFF,
  0xFF, 0xFE, 0x7F, 0xFF, 0xFF, 0xFF, 0xFC, 0x7F, 0xFF, 0xFF, 0xFF, 0xFC,
  0x3F, 0xFF, 0xFF, 0xFF,
  0xFC, 0x3F, 0xFF, 0xFF, 0xFF, 0xF8, 0x1F, 0xFF, 0xFF, 0xFF, 0xF8, 0x1F,
  0xFF, 0xFF, 0xFF, 0xF0,
  0x0F, 0xFF, 0xFF, 0xFF, 0xE0, 0x07, 0xFF, 0xFF, 0xFF, 0xE0, 0x03, 0xFF,
  0xFF, 0xFF, 0xC0, 0x01,
  0xFF, 0xFF, 0xFF, 0x00, 0x00, 0xFF, 0xFF, 0xFE, 0x00, 0x00, 0x1F, 0xFF,
  0xF8, 0x00, 0x00, 0x03,
  0xFF, 0xC0, 0x00, 0xFF, 0xFF, 0x00, 0x1F, 0xFF, 0xFF, 0xFF, 0xE0, 0x03,
  0xFF, 0xFF, 0xFF, 0xFC,
  0x00, 0x7F, 0xFF, 0xBF, 0xFF, 0x80, 0x0F, 0xFF, 0xF7, 0xFF, 0xF0, 0x01,
  0xFF, 0xFC, 0xFF, 0xFE,
  0x00, 0x3F, 0xFF, 0x9F, 0xFF, 0xC0, 0x07, 0xFF, 0xF3, 0xFF, 0xFC, 0x01,
  0xFF, 0xFE, 0x7F, 0xFF,
  0x80, 0x3F, 0xFF, 0xCF, 0xFF, 0xF0, 0x07, 0xFF, 0xF9, 0xFF, 0xFE, 0x00,
  0xFF, 0xFF, 0x1F, 0xFF,
  0xC0, 0x1F, 0xFF, 0xE3, 0xFF, 0xF8, 0x03, 0xFF, 0xF8, 0x7F, 0xFF, 0x00,
  0x7F, 0xFF, 0x0F, 0xFF,
  0xE0, 0x0F, 0xFF, 0xE1, 0xFF, 0xFC, 0x01, 0xFF, 0xFC, 0x3F, 0xFF, 0xC0,
  0x3F, 0xFF, 0x87, 0xFF,
  0xF8, 0x07, 0xFF, 0xF0, 0xFF, 0xFF, 0x01, 0xFF, 0xFE, 0x1F, 0xFF, 0xE0,
  0x3F, 0xFF, 0xC1, 0xFF,
  0xFC, 0x07, 0xFF, 0xF0, 0x3F, 0xFF, 0x80, 0xFF, 0xFE, 0x07, 0xFF, 0xF0,
  0x1F, 0xFF, 0xC0, 0xFF,
  0xFE, 0x03, 0xFF, 0xF8, 0x1F, 0xFF, 0xC0, 0x7F, 0xFF, 0x03, 0xFF, 0xFC,
  0x0F, 0xFF, 0xE0, 0x7F,
  0xFF, 0x81, 0xFF, 0xFC, 0x0F, 0xFF, 0xF0, 0x3F, 0xFF, 0x80, 0xFF, 0xFE,
  0x0F, 0xFF, 0xE0, 0x1F,
  0xFF, 0xC1, 0xFF, 0xFC, 0x03, 0xFF, 0xF8, 0x3F, 0xFF, 0x80, 0x7F, 0xFF,
  0x07, 0xFF, 0xF0, 0x0F,
  0xFF, 0xE0, 0xFF, 0xFE, 0x01, 0xFF, 0xFC, 0x1F, 0xFF, 0xC0, 0x3F, 0xFF,
  0xC3, 0xFF, 0xF8, 0x07,
  0xFF, 0xF8, 0x7F, 0xFF, 0x00, 0x7F, 0xFF, 0x0F, 0xFF, 0xC0, 0x0F, 0xFF,
  0xE1, 0xFF, 0xF8, 0x01,
  0xFF, 0xFC, 0x7F, 0xFF, 0x00, 0x3F, 0xFF, 0x8F, 0xFF, 0xE0, 0x07, 0xFF,
  0xF1, 0xFF, 0xFC, 0x00,
  0xFF, 0xFE, 0x3F, 0xFF, 0x80, 0x1F, 0xFF, 0xC7, 0xFF, 0xF0, 0x03, 0xFF,
  0xF8, 0xFF, 0xFE, 0x00,
  0x3F, 0xFF, 0x9F, 0xFF, 0x80, 0x07, 0xFF, 0xF3, 0xFF, 0xF0, 0x00, 0xFF,
  0xFE, 0x7F, 0xFE, 0x00,
  0x1F, 0xFF, 0xCF, 0xFF, 0xC0, 0x03, 0xFF, 0xF9, 0xFF, 0xF8, 0x00, 0x7F,
  0xFF, 0x7F, 0xFF, 0x00,
  0x0F, 0xFF, 0xEF, 0xFF, 0xE0, 0x01, 0xFF, 0xFD, 0xFF, 0xFC, 0x00, 0x1F,
  0xFF, 0xBF, 0xFF, 0x00,
  0x03, 0xFF, 0xFF, 0xFF, 0xE0, 0x00, 0x7F, 0xFF, 0xFF, 0xFC, 0x00, 0x0F,
  0xFF, 0xFF, 0xFF, 0x80,
  0x01, 0xFF, 0xFF, 0xFF, 0xF0, 0x00, 0x3F, 0xFF, 0xFF, 0xFE, 0x00, 0x07,
  0xFF, 0xFF, 0xFF, 0xC0,
  0x00, 0xFF, 0xFF, 0xFF, 0xF8, 0x00, 0x0F, 0xFF, 0xFF, 0xFE, 0x00, 0x01,
  0xFF, 0xFF, 0xFF, 0xC0,
  0x00, 0x3F, 0xFF, 0xFF, 0xF8, 0x00, 0x07, 0xFF, 0xFF, 0xFF, 0x00, 0x00,
  0xFF, 0xFF, 0xFF, 0xE0,
  0x00, 0x1F, 0xFF, 0xFF, 0xFC, 0x00, 0x03, 0xFF, 0xFF, 0xFF, 0x80, 0x00,
  0x7F, 0xFF, 0xFF, 0xF0,
  0x00, 0x07, 0xFF, 0xFF, 0xFC, 0x00, 0x00, 0xFF, 0xFF, 0xFF, 0x80, 0x00,
  0x1F, 0xFF, 0xFF, 0xF0,
  0x00, 0x03, 0xFF, 0xFF, 0xFE, 0x00, 0x00, 0x7F, 0xFF, 0xFF, 0xC0, 0x00,
  0x0F, 0xFF, 0xFF, 0xF8,
  0x00, 0x01, 0xFF, 0xFF, 0xFF, 0x00, 0x00, 0x3F, 0xFF, 0xFF, 0xE0, 0x00,
  0x03, 0xFF, 0xFF, 0xF8,
  0x00, 0x00, 0x7F, 0xFF, 0xFF, 0x00, 0x00, 0x0F, 0xFF, 0xFF, 0xE0, 0x00,
  0x01, 0xFF, 0xFF, 0xFC,
  0x00, 0x00, 0x3F, 0xFF, 0xFF, 0x80, 0x00, 0x07, 0xFF, 0xFF, 0xF0, 0x00,
  0xFF, 0xFF, 0x00, 0x3F,
  0xFF, 0x80, 0x3F, 0xFF, 0xFF, 0xFF, 0xE0, 0x1F, 0xFF, 0xE0, 0x0F, 0xFF,
  0xF7, 0xFF, 0xF8, 0x07,
  0xFF, 0xF8, 0x03, 0xFF, 0xFD, 0xFF, 0xFE, 0x01, 0xFF, 0xFE, 0x01, 0xFF,
  0xFF, 0x7F, 0xFF, 0x80,
  0x7F, 0xFF, 0x80, 0x7F, 0xFF, 0xDF, 0xFF, 0xE0, 0x1F, 0xFF, 0xE0, 0x1F,
  0xFF, 0xE7, 0xFF, 0xF8,
  0x07, 0xFF, 0xFC, 0x07, 0xFF, 0xF9, 0xFF, 0xFE, 0x01, 0xFF, 0xFF, 0x01,
  0xFF, 0xFE, 0x7F, 0xFF,
  0x80, 0x7F, 0xFF, 0xC0, 0x7F, 0xFF, 0x9F, 0xFF, 0xE0, 0x1F, 0xFF, 0xF0,
  0x1F, 0xFF, 0xE7, 0xFF,
  0xF8, 0x07, 0xFF, 0xFC, 0x07, 0xFF, 0xF8, 0xFF, 0xFE, 0x01, 0xFF, 0xFF,
  0x01, 0xFF, 0xFE, 0x3F,
  0xFF, 0x80, 0xFF, 0xFF, 0xC0, 0x7F, 0xFF, 0x8F, 0xFF, 0xF0, 0x3F, 0xFF,
  0xF0, 0x1F, 0xFF, 0xE3,
  0xFF, 0xFC, 0x0F, 0xFF, 0xFC, 0x07, 0xFF, 0xF8, 0xFF, 0xFF, 0x03, 0xFF,
  0xFF, 0x03, 0xFF, 0xFC,
  0x3F, 0xFF, 0xC0, 0xFF, 0xFF, 0xC0, 0xFF, 0xFF, 0x0F, 0xFF, 0xF0, 0x3F,
  0xFF, 0xF0, 0x3F, 0xFF,
  0xC3, 0xFF, 0xFC, 0x0F, 0xFF, 0xFE, 0x0F, 0xFF, 0xF0, 0xFF, 0xFF, 0x03,
  0xFF, 0xFF, 0x83, 0xFF,
  0xFC, 0x3F, 0xFF, 0xC0, 0xFF, 0xFF, 0xE0, 0xFF, 0xFF, 0x07, 0xFF, 0xF0,
  0x3F, 0xFF, 0xF8, 0x3F,
  0xFF, 0xC1, 0xFF, 0xFC, 0x0F, 0xFF, 0xFE, 0x0F, 0xFF, 0xF0, 0x7F, 0xFF,
  0x07, 0xFF, 0xFF, 0x83,
  0xFF, 0xFC, 0x1F, 0xFF, 0xE1, 0xFF, 0xFF, 0xE0, 0xFF, 0xFE, 0x07, 0xFF,
  0xF8, 0x7F, 0xFF, 0xF8,
  0x3F, 0xFF, 0x81, 0xFF, 0xFE, 0x1F, 0xFF, 0xFE, 0x0F, 0xFF, 0xE0, 0x7F,
  0xFF, 0x87, 0xFF, 0xFF,
  0x87, 0xFF, 0xF8, 0x1F, 0xFF, 0xE1, 0xFF, 0xFF, 0xE1, 0xFF, 0xFE, 0x07,
  0xFF, 0xF8, 0x7F, 0xFF,
  0xF8, 0x7F, 0xFF, 0x80, 0xFF, 0xFE, 0x1F, 0xFF, 0xFF, 0x1F, 0xFF, 0xE0,
  0x3F, 0xFF, 0x87, 0xFF,
  0xFF, 0xC7, 0xFF, 0xF8, 0x0F, 0xFF, 0xE1, 0xFF, 0xFF, 0xF1, 0xFF, 0xFE,
  0x03, 0xFF, 0xF8, 0x7F,
  0xFF, 0xFC, 0x7F, 0xFF, 0x00, 0xFF, 0xFE, 0x3F, 0xFF, 0xFF, 0x1F, 0xFF,
  0xC0, 0x3F, 0xFF, 0x8F,
  0xFF, 0xFF, 0xC7, 0xFF, 0xF0, 0x0F, 0xFF, 0xF3, 0xFF, 0xFF, 0xF1, 0xFF,
  0xFC, 0x03, 0xFF, 0xFC,
  0xFF, 0xFF, 0xFC, 0x7F, 0xFF, 0x00, 0xFF, 0xFF, 0x3F, 0xFF, 0xFF, 0x3F,
  0xFF, 0xC0, 0x1F, 0xFF,
  0xCF, 0xFF, 0xFF, 0xCF, 0xFF, 0xF0, 0x07, 0xFF, 0xF3, 0xFF, 0xFF, 0xF3,
  0xFF, 0xFC, 0x01, 0xFF,
  0xFC, 0xFF, 0xFF, 0xFC, 0xFF, 0xFF, 0x00, 0x7F, 0xFF, 0x3F, 0xFF, 0xFF,
  0xBF, 0xFF, 0x80, 0x1F,
  0xFF, 0xCF, 0xFF, 0xFF, 0xEF, 0xFF, 0xE0, 0x07, 0xFF, 0xF3, 0xFF, 0xFF,
  0xFB, 0xFF, 0xF8, 0x01,
  0xFF, 0xFC, 0xFF, 0xFF, 0xFE, 0xFF, 0xFE, 0x00, 0x7F, 0xFF, 0x7F, 0xFB,
  0xFF, 0xBF, 0xFF, 0x80,
  0x1F, 0xFF, 0xFF, 0xFE, 0xFF, 0xEF, 0xFF, 0xE0, 0x03, 0xFF, 0xFF, 0xFF,
  0xBF, 0xFB, 0xFF, 0xF8,
  0x00, 0xFF, 0xFF, 0xFF, 0xEF, 0xFE, 0xFF, 0xFE, 0x00, 0x3F, 0xFF, 0xFF,
  0xF3, 0xFF, 0xFF, 0xFF,
  0x80, 0x0F, 0xFF, 0xFF, 0xFC, 0xFF, 0xFF, 0xFF, 0xC0, 0x03, 0xFF, 0xFF,
  0xFF, 0x3F, 0xFF, 0xFF,
  0xF0, 0x00, 0xFF, 0xFF, 0xFF, 0xCF, 0xFF, 0xFF, 0xFC, 0x00, 0x3F, 0xFF,
  0xFF, 0xF3, 0xFF, 0xFF,
  0xFF, 0x00, 0x0F, 0xFF, 0xFF, 0xFC, 0xFF, 0xFF, 0xFF, 0xC0, 0x03, 0xFF,
  0xFF, 0xFF, 0x1F, 0xFF,
  0xFF, 0xF0, 0x00, 0xFF, 0xFF, 0xFF, 0xC7, 0xFF, 0xFF, 0xFC, 0x00, 0x1F,
  0xFF, 0xFF, 0xF1, 0xFF,
  0xFF, 0xFF, 0x00, 0x07, 0xFF, 0xFF, 0xFC, 0x7F, 0xFF, 0xFF, 0xC0, 0x01,
  0xFF, 0xFF, 0xFE, 0x1F,
  0xFF, 0xFF, 0xE0, 0x00, 0x7F, 0xFF, 0xFF, 0x87, 0xFF, 0xFF, 0xF8, 0x00,
  0x1F, 0xFF, 0xFF, 0xE1,
  0xFF, 0xFF, 0xFE, 0x00, 0x07, 0xFF, 0xFF, 0xF8, 0x7F, 0xFF, 0xFF, 0x80,
  0x01, 0xFF, 0xFF, 0xFE,
  0x1F, 0xFF, 0xFF, 0xE0, 0x00, 0x7F, 0xFF, 0xFF, 0x83, 0xFF, 0xFF, 0xF8,
  0x00, 0x1F, 0xFF, 0xFF,
  0xE0, 0xFF, 0xFF, 0xFE, 0x00, 0x03, 0xFF, 0xFF, 0xF8, 0x3F, 0xFF, 0xFF,
  0x80, 0x00, 0xFF, 0xFF,
  0xFE, 0x0F, 0xFF, 0xFF, 0xE0, 0x00, 0x3F, 0xFF, 0xFF, 0x83, 0xFF, 0xFF,
  0xF0, 0x00, 0x0F, 0xFF,
  0xFF, 0xC0, 0xFF, 0xFF, 0xFC, 0x00, 0x03, 0xFF, 0xFF, 0xF0, 0x3F, 0xFF,
  0xFF, 0x00, 0x00, 0xFF,
  0xFF, 0xFC, 0x0F, 0xFF, 0xFF, 0xC0, 0x00, 0x3F, 0xFF, 0xFF, 0x03, 0xFF,
  0xFF, 0xF0, 0x00, 0x0F,
  0xFF, 0xFF, 0xC0, 0x7F, 0xFF, 0xFC, 0x00, 0x03, 0xFF, 0xFF, 0xF0, 0x1F,
  0xFF, 0xFF, 0x00, 0x00,
  0x7F, 0xFF, 0xFC, 0x07, 0xFF, 0xFF, 0xC0, 0x00, 0x1F, 0xFF, 0xFF, 0x01,
  0xFF, 0xFF, 0xF0, 0x00,
  0x07, 0xFF, 0xFF, 0xC0, 0x7F, 0xFF, 0xF8, 0x00, 0x01, 0xFF, 0xFF, 0xF0,
  0x1F, 0xFF, 0xFE, 0x00,
  0x00, 0x7F, 0xFF, 0xF8, 0x07, 0xFF, 0xFF, 0x80, 0x00, 0x1F, 0xFF, 0xFE,
  0x01, 0xFF, 0xFF, 0xE0,
  0x00, 0x3F, 0xFF, 0xC0, 0x3F, 0xFF, 0xC3, 0xFF, 0xFC, 0x03, 0xFF, 0xFC,
  0x1F, 0xFF, 0xE0, 0x3F,
  0xFF, 0xC1, 0xFF, 0xFE, 0x03, 0xFF, 0xFC, 0x1F, 0xFF, 0xE0, 0x3F, 0xFF,
  0xC1, 0xFF, 0xFE, 0x03,
  0xFF, 0xF8, 0x1F, 0xFF, 0xE0, 0x7F, 0xFF, 0x81, 0xFF, 0xFE, 0x07, 0xFF,
  0xF8, 0x0F, 0xFF, 0xE0,
  0x7F, 0xFF, 0x80, 0xFF, 0xFF, 0x07, 0xFF, 0xF8, 0x0F, 0xFF, 0xF0, 0x7F,
  0xFF, 0x80, 0xFF, 0xFF,
  0x07, 0xFF, 0xF0, 0x0F, 0xFF, 0xF0, 0x7F, 0xFF, 0x00, 0x7F, 0xFF, 0x0F,
  0xFF, 0xF0, 0x07, 0xFF,
  0xF0, 0xFF, 0xFF, 0x00, 0x7F, 0xFF, 0x8F, 0xFF, 0xF0, 0x07, 0xFF, 0xF8,
  0xFF, 0xFE, 0x00, 0x7F,
  0xFF, 0x8F, 0xFF, 0xE0, 0x07, 0xFF, 0xF8, 0xFF, 0xFE, 0x00, 0x3F, 0xFF,
  0x8F, 0xFF, 0xE0, 0x03,
  0xFF, 0xF8, 0xFF, 0xFE, 0x00, 0x3F, 0xFF, 0x9F, 0xFF, 0xE0, 0x03, 0xFF,
  0xFD, 0xFF, 0xFC, 0x00,
  0x3F, 0xFF, 0xDF, 0xFF, 0xC0, 0x01, 0xFF, 0xFD, 0xFF, 0xFC, 0x00, 0x1F,
  0xFF, 0xDF, 0xFF, 0xC0,
  0x01, 0xFF, 0xFD, 0xFF, 0xFC, 0x00, 0x1F, 0xFF, 0xDF, 0xFF, 0xC0, 0x01,
  0xFF, 0xFF, 0xFF, 0xF8,
  0x00, 0x1F, 0xFF, 0xFF, 0xFF, 0x80, 0x00, 0xFF, 0xFF, 0xFF, 0xF8, 0x00,
  0x0F, 0xFF, 0xFF, 0xFF,
  0x80, 0x00, 0xFF, 0xFF, 0xFF, 0xF8, 0x00, 0x0F, 0xFF, 0xFF, 0xFF, 0x00,
  0x00, 0xFF, 0xFF, 0xFF,
  0xF0, 0x00, 0x0F, 0xFF, 0xFF, 0xFF, 0x00, 0x00, 0x7F, 0xFF, 0xFF, 0xF0,
  0x00, 0x07, 0xFF, 0xFF,
  0xFF, 0x00, 0x00, 0x7F, 0xFF, 0xFF, 0xF0, 0x00, 0x07, 0xFF, 0xFF, 0xFF,
  0x00, 0x00, 0x7F, 0xFF,
  0xFF, 0xF0, 0x00, 0x07, 0xFF, 0xFF, 0xFF, 0x00, 0x00, 0xFF, 0xFF, 0xFF,
  0xF0, 0x00, 0x0F, 0xFF,
  0xFF, 0xFF, 0x00, 0x00, 0xFF, 0xFF, 0xFF, 0xF8, 0x00, 0x0F, 0xFF, 0xFF,
  0xFF, 0x80, 0x00, 0xFF,
  0xFF, 0xFF, 0xF8, 0x00, 0x1F, 0xFF, 0xFF, 0xFF, 0x80, 0x01, 0xFF, 0xFF,
  0xFF, 0xF8, 0x00, 0x1F,
  0xFF, 0xFF, 0xFF, 0xC0, 0x01, 0xFF, 0xFF, 0xFF, 0xFC, 0x00, 0x1F, 0xFF,
  0xDF, 0xFF, 0xC0, 0x03,
  0xFF, 0xFD, 0xFF, 0xFC, 0x00, 0x3F, 0xFF, 0xDF, 0xFF, 0xC0, 0x03, 0xFF,
  0xFD, 0xFF, 0xFE, 0x00,
  0x3F, 0xFF, 0x9F, 0xFF, 0xE0, 0x03, 0xFF, 0xF9, 0xFF, 0xFE, 0x00, 0x7F,
  0xFF, 0x8F, 0xFF, 0xE0,
  0x07, 0xFF, 0xF8, 0xFF, 0xFE, 0x00, 0x7F, 0xFF, 0x8F, 0xFF, 0xF0, 0x07,
  0xFF, 0xF8, 0xFF, 0xFF,
  0x00, 0xFF, 0xFF, 0x0F, 0xFF, 0xF0, 0x0F, 0xFF, 0xF0, 0xFF, 0xFF, 0x00,
  0xFF, 0xFF, 0x07, 0xFF,
  0xF0, 0x0F, 0xFF, 0xF0, 0x7F, 0xFF, 0x80, 0xFF, 0xFF, 0x07, 0xFF, 0xF8,
  0x1F, 0xFF, 0xF0, 0x7F,
  0xFF, 0x81, 0xFF, 0xFE, 0x07, 0xFF, 0xF8, 0x1F, 0xFF, 0xE0, 0x7F, 0xFF,
  0x81, 0xFF, 0xFE, 0x07,
  0xFF, 0xFC, 0x1F, 0xFF, 0xE0, 0x3F, 0xFF, 0xC3, 0xFF, 0xFE, 0x03, 0xFF,
  0xFC, 0x3F, 0xFF, 0xE0,
  0x3F, 0xFF, 0xC3, 0xFF, 0xFC, 0x03, 0xFF, 0xFC, 0x3F, 0xFF, 0xC0, 0x3F,
  0xFF, 0xE3, 0xFF, 0xFC,
  0x03, 0xFF, 0xFE, 0x7F, 0xFF, 0xC0, 0x1F, 0xFF, 0xE7, 0xFF, 0xFC, 0x01,
  0xFF, 0xFE, 0x7F, 0xFF,
  0xC0, 0x1F, 0xFF, 0xF7, 0xFF, 0xF8, 0x01, 0xFF, 0xFF, 0x7F, 0xFF, 0x80,
  0x1F, 0xFF, 0xFF, 0xFF,
  0xF8, 0x01, 0xFF, 0xFF, 0xFF, 0xFF, 0x80, 0x3F, 0xFF, 0xDF, 0xFF, 0xE0,
  0x0F, 0xFF, 0xF7, 0xFF,
  0xF8, 0x03, 0xFF, 0xFD, 0xFF, 0xFE, 0x01, 0xFF, 0xFF, 0x3F, 0xFF, 0xC0,
  0x7F, 0xFF, 0x8F, 0xFF,
  0xF0, 0x1F, 0xFF, 0xE3, 0xFF, 0xFC, 0x07, 0xFF, 0xF8, 0xFF, 0xFF, 0x01,
  0xFF, 0xFE, 0x3F, 0xFF,
  0xC0, 0x7F, 0xFF, 0x07, 0xFF, 0xF0, 0x3F, 0xFF, 0xC1, 0xFF, 0xFE, 0x0F,
  0xFF, 0xF0, 0x7F, 0xFF,
  0x83, 0xFF, 0xFC, 0x1F, 0xFF, 0xE0, 0xFF, 0xFE, 0x03, 0xFF, 0xF8, 0x3F,
  0xFF, 0x80, 0xFF, 0xFE,
  0x0F, 0xFF, 0xE0, 0x3F, 0xFF, 0x87, 0xFF, 0xF8, 0x0F, 0xFF, 0xF1, 0xFF,
  0xFC, 0x01, 0xFF, 0xFC,
  0x7F, 0xFF, 0x00, 0x7F, 0xFF, 0x1F, 0xFF, 0xC0, 0x1F, 0xFF, 0xC7, 0xFF,
  0xF0, 0x07, 0xFF, 0xF1,
  0xFF, 0xF8, 0x00, 0xFF, 0xFC, 0x7F, 0xFE, 0x00, 0x3F, 0xFF, 0x3F, 0xFF,
  0x80, 0x0F, 0xFF, 0xEF,
  0xFF, 0xE0, 0x03, 0xFF, 0xFB, 0xFF, 0xF8, 0x00, 0x7F, 0xFE, 0xFF, 0xFC,
  0x00, 0x1F, 0xFF, 0xBF,
  0xFF, 0x00, 0x07, 0xFF, 0xEF, 0xFF, 0xC0, 0x01, 0xFF, 0xFF, 0xFF, 0xF0,
  0x00, 0x7F, 0xFF, 0xFF,
  0xF8, 0x00, 0x0F, 0xFF, 0xFF, 0xFE, 0x00, 0x03, 0xFF, 0xFF, 0xFF, 0x80,
  0x00, 0xFF, 0xFF, 0xFF,
  0xE0, 0x00, 0x3F, 0xFF, 0xFF, 0xF0, 0x00, 0x07, 0xFF, 0xFF, 0xFC, 0x00,
  0x01, 0xFF, 0xFF, 0xFF,
  0x00, 0x00, 0x7F, 0xFF, 0xFF, 0xC0, 0x00, 0x1F, 0xFF, 0xFF, 0xE0, 0x00,
  0x03, 0xFF, 0xFF, 0xF8,
  0x00, 0x00, 0xFF, 0xFF, 0xFE, 0x00, 0x00, 0x3F, 0xFF, 0xFF, 0x80, 0x00,
  0x0F, 0xFF, 0xFF, 0xC0,
  0x00, 0x01, 0xFF, 0xFF, 0xF0, 0x00, 0x00, 0x7F, 0xFF, 0xFC, 0x00, 0x00,
  0x1F, 0xFF, 0xFF, 0x00,
  0x00, 0x07, 0xFF, 0xFF, 0xC0, 0x00, 0x00, 0xFF, 0xFF, 0xE0, 0x00, 0x00,
  0x3F, 0xFF, 0xF8, 0x00,
  0x00, 0x0F, 0xFF, 0xFE, 0x00, 0x00, 0x03, 0xFF, 0xFF, 0x80, 0x00, 0x00,
  0xFF, 0xFF, 0xC0, 0x00,
  0x00, 0x1F, 0xFF, 0xF0, 0x00, 0x00, 0x07, 0xFF, 0xFC, 0x00, 0x00, 0x01,
  0xFF, 0xFF, 0x00, 0x00,
  0x00, 0x7F, 0xFF, 0x80, 0x00, 0x00, 0x0F, 0xFF, 0xE0, 0x00, 0x00, 0x03,
  0xFF, 0xF8, 0x00, 0x00,
  0x00, 0xFF, 0xFE, 0x00, 0x00, 0x00, 0x3F, 0xFF, 0x80, 0x00, 0x00, 0x0F,
  0xFF, 0xE0, 0x00, 0x00,
  0x03, 0xFF, 0xF8, 0x00, 0x00, 0x00, 0xFF, 0xFE, 0x00, 0x00, 0x00, 0x3F,
  0xFF, 0x80, 0x00, 0x00,
  0x0F, 0xFF, 0xE0, 0x00, 0x00, 0x03, 0xFF, 0xF8, 0x00, 0x00, 0x00, 0xFF,
  0xFE, 0x00, 0x00, 0x00,
  0x3F, 0xFF, 0x80, 0x00, 0x00, 0x0F, 0xFF, 0xE0, 0x00, 0x00, 0x03, 0xFF,
  0xF8, 0x00, 0x00, 0x00,
  0xFF, 0xFE, 0x00, 0x00, 0x00, 0x3F, 0xFF, 0x80, 0x00, 0x00, 0x0F, 0xFF,
  0xE0, 0x00, 0x00, 0x03,
  0xFF, 0xF8, 0x00, 0x00, 0x00, 0xFF, 0xFE, 0x00, 0x00, 0x00, 0x3F, 0xFF,
  0x80, 0x00, 0x00, 0x0F,
  0xFF, 0xE0, 0x00, 0x00, 0x03, 0xFF, 0xF8, 0x00, 0x00, 0x00, 0xFF, 0xFE,
  0x00, 0x00, 0x00, 0x3F,
  0xFF, 0x80, 0x00, 0x00, 0x0F, 0xFF, 0xE0, 0x00, 0x00, 0x03, 0xFF, 0xF8,
  0x00, 0x00, 0x00, 0xFF,
  0xFE, 0x00, 0x00, 0x3F, 0xFF, 0xFF, 0xFF, 0xF9, 0xFF, 0xFF, 0xFF, 0xFF,
  0xCF, 0xFF, 0xFF, 0xFF,
  0xFE, 0x7F, 0xFF, 0xFF, 0xFF, 0xF3, 0xFF, 0xFF, 0xFF, 0xFF, 0x9F, 0xFF,
  0xFF, 0xFF, 0xFC, 0xFF,
  0xFF, 0xFF, 0xFF, 0xE7, 0xFF, 0xFF, 0xFF, 0xFF, 0x3F, 0xFF, 0xFF, 0xFF,
  0xF9, 0xFF, 0xFF, 0xFF,
  0xFF, 0xCF, 0xFF, 0xFF, 0xFF, 0xFE, 0x7F, 0xFF, 0xFF, 0xFF, 0xF3, 0xFF,
  0xFF, 0xFF, 0xFF, 0x9F,
  0xFF, 0xFF, 0xFF, 0xFC, 0xFF, 0xFF, 0xFF, 0xFF, 0xE0, 0x00, 0x03, 0xFF,
  0xFE, 0x00, 0x00, 0x1F,
  0xFF, 0xF0, 0x00, 0x01, 0xFF, 0xFF, 0x80, 0x00, 0x0F, 0xFF, 0xF8, 0x00,
  0x00, 0x7F, 0xFF, 0xC0,
  0x00, 0x07, 0xFF, 0xFE, 0x00, 0x00, 0x3F, 0xFF, 0xE0, 0x00, 0x01, 0xFF,
  0xFF, 0x00, 0x00, 0x1F,
  0xFF, 0xF0, 0x00, 0x00, 0xFF, 0xFF, 0x80, 0x00, 0x07, 0xFF, 0xFC, 0x00,
  0x00, 0x7F, 0xFF, 0xC0,
  0x00, 0x03, 0xFF, 0xFE, 0x00, 0x00, 0x3F, 0xFF, 0xF0, 0x00, 0x01, 0xFF,
  0xFF, 0x00, 0x00, 0x0F,
  0xFF, 0xF8, 0x00, 0x00, 0xFF, 0xFF, 0xC0, 0x00, 0x07, 0xFF, 0xFC, 0x00,
  0x00, 0x3F, 0xFF, 0xE0,
  0x00, 0x03, 0xFF, 0xFE, 0x00, 0x00, 0x1F, 0xFF, 0xF0, 0x00, 0x00, 0xFF,
  0xFF, 0x80, 0x00, 0x0F,
  0xFF, 0xF8, 0x00, 0x00, 0x7F, 0xFF, 0xC0, 0x00, 0x03, 0xFF, 0xFE, 0x00,
  0x00, 0x3F, 0xFF, 0xE0,
  0x00, 0x01, 0xFF, 0xFF, 0x00, 0x00, 0x1F, 0xFF, 0xF8, 0x00, 0x00, 0xFF,
  0xFF, 0x80, 0x00, 0x07,
  0xFF, 0xFC, 0x00, 0x00, 0x7F, 0xFF, 0xC0, 0x00, 0x03, 0xFF, 0xFE, 0x00,
  0x00, 0x1F, 0xFF, 0xF0,
  0x00, 0x01, 0xFF, 0xFF, 0x00, 0x00, 0x0F, 0xFF, 0xF8, 0x00, 0x00, 0x7F,
  0xFF, 0xC0, 0x00, 0x07,
  0xFF, 0xFC, 0x00, 0x00, 0x3F, 0xFF, 0xE0, 0x00, 0x03, 0xFF, 0xFE, 0x00,
  0x00, 0x1F, 0xFF, 0xF0,
  0x00, 0x00, 0xFF, 0xFF, 0x80, 0x00, 0x0F, 0xFF, 0xF8, 0x00, 0x00, 0x7F,
  0xFF, 0xC0, 0x00, 0x03,
  0xFF, 0xFE, 0x00, 0x00, 0x3F, 0xFF, 0xE0, 0x00, 0x01, 0xFF, 0xFF, 0x00,
  0x00, 0x0F, 0xFF, 0xF8,
  0x00, 0x00, 0xFF, 0xFF, 0x80, 0x00, 0x07, 0xFF, 0xFC, 0x00, 0x00, 0x7F,
  0xFF, 0xC0, 0x00, 0x03,
  0xFF, 0xFE, 0x00, 0x00, 0x1F, 0xFF, 0xF0, 0x00, 0x01, 0xFF, 0xFF, 0xFF,
  0xFF, 0xEF, 0xFF, 0xFF,
  0xFF, 0xFF, 0x7F, 0xFF, 0xFF, 0xFF, 0xFB, 0xFF, 0xFF, 0xFF, 0xFF, 0xDF,
  0xFF, 0xFF, 0xFF, 0xFE,
  0xFF, 0xFF, 0xFF, 0xFF, 0xF7, 0xFF, 0xFF, 0xFF, 0xFF, 0xBF, 0xFF, 0xFF,
  0xFF, 0xFD, 0xFF, 0xFF,
  0xFF, 0xFF, 0xEF, 0xFF, 0xFF, 0xFF, 0xFF, 0x7F, 0xFF, 0xFF, 0xFF, 0xFB,
  0xFF, 0xFF, 0xFF, 0xFF,
  0xDF, 0xFF, 0xFF, 0xFF, 0xFE, 0xFF, 0xFF, 0xFF, 0xFF, 0xF7, 0xFF, 0xFF,
  0xFF, 0xFF, 0x80, 0xFF,
  0xFF, 0xFF, 0xFF, 0xFF, 0xFF, 0xFF, 0xFF, 0xFF, 0xFF, 0xFF, 0xFF, 0xFF,
  0xFF, 0xFF, 0xFF, 0xFF,
  0xFF, 0xFF, 0xFF, 0xFF, 0xFF, 0xFF, 0xFF, 0xFF, 0xFF, 0xFF, 0xFF, 0xFF,
  0xFF, 0xFF, 0xFF, 0xFF,
  0xFF, 0xFF, 0xFF, 0xFF, 0xFF, 0xFF, 0xFF, 0xFF, 0xFF, 0xFF, 0xFF, 0xC0,
  0x0F, 0xFF, 0xF0, 0x03,
  0xFF, 0xFC, 0x00, 0xFF, 0xFF, 0x00, 0x3F, 0xFF, 0xC0, 0x0F, 0xFF, 0xF0,
  0x03, 0xFF, 0xFC, 0x00,
  0xFF, 0xFF, 0x00, 0x3F, 0xFF, 0xC0, 0x0F, 0xFF, 0xF0, 0x03, 0xFF, 0xFC,
  0x00, 0xFF, 0xFF, 0x00,
  0x3F, 0xFF, 0xC0, 0x0F, 0xFF, 0xF0, 0x03, 0xFF, 0xFC, 0x00, 0xFF, 0xFF,
  0x00, 0x3F, 0xFF, 0xC0,
  0x0F, 0xFF, 0xF0, 0x03, 0xFF, 0xFC, 0x00, 0xFF, 0xFF, 0x00, 0x3F, 0xFF,
  0xC0, 0x0F, 0xFF, 0xF0,
  0x03, 0xFF, 0xFC, 0x00, 0xFF, 0xFF, 0x00, 0x3F, 0xFF, 0xC0, 0x0F, 0xFF,
  0xF0, 0x03, 0xFF, 0xFC,
  0x00, 0xFF, 0xFF, 0x00, 0x3F, 0xFF, 0xC0, 0x0F, 0xFF, 0xF0, 0x03, 0xFF,
  0xFC, 0x00, 0xFF, 0xFF,
  0x00, 0x3F, 0xFF, 0xC0, 0x0F, 0xFF, 0xF0, 0x03, 0xFF, 0xFC, 0x00, 0xFF,
  0xFF, 0x00, 0x3F, 0xFF,
  0xC0, 0x0F, 0xFF, 0xF0, 0x03, 0xFF, 0xFC, 0x00, 0xFF, 0xFF, 0x00, 0x3F,
  0xFF, 0xC0, 0x0F, 0xFF,
  0xF0, 0x03, 0xFF, 0xFC, 0x00, 0xFF, 0xFF, 0x00, 0x3F, 0xFF, 0xC0, 0x0F,
  0xFF, 0xF0, 0x03, 0xFF,
  0xFC, 0x00, 0xFF, 0xFF, 0x00, 0x3F, 0xFF, 0xC0, 0x0F, 0xFF, 0xF0, 0x03,
  0xFF, 0xFC, 0x00, 0xFF,
  0xFF, 0x00, 0x3F, 0xFF, 0xC0, 0x0F, 0xFF, 0xF0, 0x03, 0xFF, 0xFC, 0x00,
  0xFF, 0xFF, 0x00, 0x3F,
  0xFF, 0xC0, 0x0F, 0xFF, 0xF0, 0x03, 0xFF, 0xFC, 0x00, 0xFF, 0xFF, 0x00,
  0x3F, 0xFF, 0xC0, 0x0F,
  0xFF, 0xF0, 0x03, 0xFF, 0xFC, 0x00, 0xFF, 0xFF, 0x00, 0x3F, 0xFF, 0xC0,
  0x0F, 0xFF, 0xF0, 0x03,
  0xFF, 0xFC, 0x00, 0xFF, 0xFF, 0x00, 0x3F, 0xFF, 0xFF, 0xFF, 0xFF, 0xFF,
  0xFF, 0xFF, 0xFF, 0xFF,
  0xFF, 0xFF, 0xFF, 0xFF, 0xFF, 0xFF, 0xFF, 0xFF, 0xFF, 0xFF, 0xFF, 0xFF,
  0xFF, 0xFF, 0xFF, 0xFF,
  0xFF, 0xFF, 0xFF, 0xFF, 0xFF, 0xFF, 0xFF, 0xFF, 0xFF, 0xFF, 0xFF, 0xFF,
  0xFF, 0xFF, 0xFF, 0xFF,
  0xF0, 0xFF, 0xFF, 0x80, 0x00, 0x03, 0xFF, 0xFE, 0x00, 0x00, 0x1F, 0xFF,
  0xF0, 0x00, 0x00, 0xFF,
  0xFF, 0x80, 0x00, 0x07, 0xFF, 0xFC, 0x00, 0x00, 0x1F, 0xFF, 0xF0, 0x00,
  0x00, 0xFF, 0xFF, 0x80,
  0x00, 0x07, 0xFF, 0xFC, 0x00, 0x00, 0x3F, 0xFF, 0xE0, 0x00, 0x01, 0xFF,
  0xFF, 0x80, 0x00, 0x07,
  0xFF, 0xFC, 0x00, 0x00, 0x3F, 0xFF, 0xE0, 0x00, 0x01, 0xFF, 0xFF, 0x00,
  0x00, 0x0F, 0xFF, 0xF8,
  0x00, 0x00, 0x3F, 0xFF, 0xE0, 0x00, 0x01, 0xFF, 0xFF, 0x00, 0x00, 0x0F,
  0xFF, 0xF8, 0x00, 0x00,
  0x7F, 0xFF, 0xC0, 0x00, 0x01, 0xFF, 0xFF, 0x00, 0x00, 0x0F, 0xFF, 0xF8,
  0x00, 0x00, 0x7F, 0xFF,
  0xC0, 0x00, 0x03, 0xFF, 0xFE, 0x00, 0x00, 0x0F, 0xFF, 0xF8, 0x00, 0x00,
  0x7F, 0xFF, 0xC0, 0x00,
  0x03, 0xFF, 0xFE, 0x00, 0x00, 0x1F, 0xFF, 0xF0, 0x00, 0x00, 0xFF, 0xFF,
  0xC0, 0x00, 0x03, 0xFF,
  0xFE, 0x00, 0x00, 0x1F, 0xFF, 0xF0, 0x00, 0x00, 0xFF, 0xFF, 0x80, 0x00,
  0x07, 0xFF, 0xFC, 0x00,
  0x00, 0x1F, 0xFF, 0xF0, 0x00, 0x00, 0xFF, 0xFF, 0x80, 0x00, 0x07, 0xFF,
  0xFC, 0x00, 0x00, 0x3F,
  0xFF, 0xE0, 0x00, 0x00, 0xFF, 0xFF, 0x80, 0x00, 0x07, 0xFF, 0xFC, 0x00,
  0x00, 0x3F, 0xFF, 0xE0,
  0x00, 0x01, 0xFF, 0xFF, 0x00, 0x00, 0x07, 0xFF, 0xFC, 0x00, 0x00, 0x3F,
  0xFF, 0xE0, 0x00, 0x01,
  0xFF, 0xFF, 0x00, 0x00, 0x0F, 0xFF, 0xF8, 0x00, 0x00, 0x7F, 0xFF, 0xE0,
  0x00, 0x01, 0xFF, 0xFF,
  0x00, 0x00, 0x0F, 0xFF, 0xF8, 0x00, 0x00, 0x7F, 0xFF, 0xC0, 0x00, 0x03,
  0xFF, 0xFE, 0x00, 0x00,
  0x0F, 0xFF, 0xF8, 0x00, 0x00, 0x7F, 0xFF, 0xC0, 0x00, 0x03, 0xFF, 0xFE,
  0x00, 0x00, 0x1F, 0xFF,
  0xF0, 0x00, 0x00, 0x7F, 0xFF, 0xC0, 0x00, 0x03, 0xFF, 0xFE, 0x00, 0x00,
  0x1F, 0xFF, 0xF0, 0x00,
  0x00, 0xFF, 0xFF, 0x80, 0x00, 0x03, 0xFF, 0xFE, 0x00, 0x00, 0x1F, 0xFF,
  0xF0, 0x00, 0x00, 0xFF,
  0xFF, 0x80, 0x00, 0x07, 0xFF, 0xFC, 0x00, 0x00, 0x3F, 0xFF, 0xF0, 0x00,
  0x00, 0xFF, 0xFF, 0x80,
  0x00, 0x07, 0xFF, 0xFC, 0x00, 0x00, 0x3F, 0xFF, 0xE0, 0x00, 0x01, 0xFF,
  0xFF, 0x00, 0x00, 0x07,
  0xFF, 0xFC, 0x00, 0x00, 0x3F, 0xFF, 0xE0, 0x00, 0x01, 0xFF, 0xFF, 0x00,
  0x00, 0x0F, 0xFF, 0xF8,
  0x00, 0x00, 0x3F, 0xFF, 0xE0, 0x00, 0x01, 0xFF, 0xFF, 0x00, 0x00, 0x0F,
  0xFF, 0xF8, 0x00, 0x00,
  0x7F, 0xFF, 0xC0, 0x00, 0x01, 0xFF, 0xFF, 0x00, 0x00, 0x0F, 0xFF, 0xF8,
  0x00, 0x00, 0x7F, 0xFF,
  0xC0, 0x00, 0x03, 0xFF, 0xFE, 0x00, 0x00, 0x1F, 0xFF, 0xF0, 0x00, 0x00,
  0x7F, 0xFF, 0xC0, 0x00,
  0x03, 0xFF, 0xFE, 0x00, 0x00, 0x1F, 0xFF, 0xF0, 0x00, 0x00, 0xFF, 0xFF,
  0xC0, 0xFF, 0xFF, 0xFF,
  0xFF, 0xFF, 0xFF, 0xFF, 0xFF, 0xFF, 0xFF, 0xFF, 0xFF, 0xFF, 0xFF, 0xFF,
  0xFF, 0xFF, 0xFF, 0xFF,
  0xFF, 0xFF, 0xFF, 0xFF, 0xFF, 0xFF, 0xFF, 0xFF, 0xFF, 0xFF, 0xFF, 0xFF,
  0xFF, 0xFF, 0xFF, 0xFF,
  0xFF, 0xFF, 0xFF, 0xFF, 0xFF, 0xFF, 0xFF, 0xC0, 0x1F, 0xFF, 0xF0, 0x07,
  0xFF, 0xFC, 0x01, 0xFF,
  0xFF, 0x00, 0x7F, 0xFF, 0xC0, 0x1F, 0xFF, 0xF0, 0x07, 0xFF, 0xFC, 0x01,
  0xFF, 0xFF, 0x00, 0x7F,
  0xFF, 0xC0, 0x1F, 0xFF, 0xF0, 0x07, 0xFF, 0xFC, 0x01, 0xFF, 0xFF, 0x00,
  0x7F, 0xFF, 0xC0, 0x1F,
  0xFF, 0xF0, 0x07, 0xFF, 0xFC, 0x01, 0xFF, 0xFF, 0x00, 0x7F, 0xFF, 0xC0,
  0x1F, 0xFF, 0xF0, 0x07,
  0xFF, 0xFC, 0x01, 0xFF, 0xFF, 0x00, 0x7F, 0xFF, 0xC0, 0x1F, 0xFF, 0xF0,
  0x07, 0xFF, 0xFC, 0x01,
  0xFF, 0xFF, 0x00, 0x7F, 0xFF, 0xC0, 0x1F, 0xFF, 0xF0, 0x07, 0xFF, 0xFC,
  0x01, 0xFF, 0xFF, 0x00,
  0x7F, 0xFF, 0xC0, 0x1F, 0xFF, 0xF0, 0x07, 0xFF, 0xFC, 0x01, 0xFF, 0xFF,
  0x00, 0x7F, 0xFF, 0xC0,
  0x1F, 0xFF, 0xF0, 0x07, 0xFF, 0xFC, 0x01, 0xFF, 0xFF, 0x00, 0x7F, 0xFF,
  0xC0, 0x1F, 0xFF, 0xF0,
  0x07, 0xFF, 0xFC, 0x01, 0xFF, 0xFF, 0x00, 0x7F, 0xFF, 0xC0, 0x1F, 0xFF,
  0xF0, 0x07, 0xFF, 0xFC,
  0x01, 0xFF, 0xFF, 0x00, 0x7F, 0xFF, 0xC0, 0x1F, 0xFF, 0xF0, 0x07, 0xFF,
  0xFC, 0x01, 0xFF, 0xFF,
  0x00, 0x7F, 0xFF, 0xC0, 0x1F, 0xFF, 0xF0, 0x07, 0xFF, 0xFC, 0x01, 0xFF,
  0xFF, 0x00, 0x7F, 0xFF,
  0xC0, 0x1F, 0xFF, 0xF0, 0x07, 0xFF, 0xFC, 0x01, 0xFF, 0xFF, 0x00, 0x7F,
  0xFF, 0xC0, 0x1F, 0xFF,
  0xF0, 0x07, 0xFF, 0xFC, 0x01, 0xFF, 0xFF, 0x00, 0x7F, 0xFF, 0xC0, 0x1F,
  0xFF, 0xF0, 0x07, 0xFF,
  0xFC, 0x01, 0xFF, 0xFF, 0x00, 0x7F, 0xFF, 0xC0, 0x1F, 0xFF, 0xF0, 0x07,
  0xFF, 0xFC, 0x01, 0xFF,
  0xFF, 0x00, 0x7F, 0xFF, 0xFF, 0xFF, 0xFF, 0xFF, 0xFF, 0xFF, 0xFF, 0xFF,
  0xFF, 0xFF, 0xFF, 0xFF,
  0xFF, 0xFF, 0xFF, 0xFF, 0xFF, 0xFF, 0xFF, 0xFF, 0xFF, 0xFF, 0xFF, 0xFF,
  0xFF, 0xFF, 0xFF, 0xFF,
  0xFF, 0xFF, 0xFF, 0xFF, 0xFF, 0xFF, 0xFF, 0xFF, 0xFF, 0xFF, 0xFF, 0xFF,
  0xFF, 0xFF, 0xF0, 0x00,
  0x1F, 0xFF, 0xFC, 0x00, 0x00, 0x07, 0xFF, 0xFF, 0x80, 0x00, 0x03, 0xFF,
  0xFF, 0xE0, 0x00, 0x00,
  0xFF, 0xFF, 0xF8, 0x00, 0x00, 0x3F, 0xFF, 0xFE, 0x00, 0x00, 0x0F, 0xFF,
  0xFF, 0xC0, 0x00, 0x07,
  0xFF, 0xFF, 0xF0, 0x00, 0x01, 0xFF, 0xFF, 0xFC, 0x00, 0x00, 0x7F, 0xFF,
  0xFF, 0x80, 0x00, 0x1F,
  0xFF, 0xFF, 0xE0, 0x00, 0x0F, 0xFF, 0xFF, 0xF8, 0x00, 0x03, 0xFF, 0xFF,
  0xFE, 0x00, 0x00, 0xFF,
  0xFF, 0xFF, 0xC0, 0x00, 0x3F, 0xFF, 0xFF, 0xF0, 0x00, 0x1F, 0xFF, 0xFF,
  0xFC, 0x00, 0x07, 0xFF,
  0xFF, 0xFF, 0x00, 0x01, 0xFF, 0xFF, 0xFF, 0xE0, 0x00, 0x7F, 0xFD, 0xFF,
  0xF8, 0x00, 0x3F, 0xFF,
  0x7F, 0xFE, 0x00, 0x0F, 0xFF, 0xDF, 0xFF, 0x80, 0x03, 0xFF, 0xF7, 0xFF,
  0xF0, 0x00, 0xFF, 0xFC,
  0xFF, 0xFC, 0x00, 0x7F, 0xFF, 0x3F, 0xFF, 0x00, 0x1F, 0xFF, 0xCF, 0xFF,
  0xC0, 0x07, 0xFF, 0xE3,
  0xFF, 0xF8, 0x03, 0xFF, 0xF8, 0xFF, 0xFE, 0x00, 0xFF, 0xFE, 0x3F, 0xFF,
  0x80, 0x3F, 0xFF, 0x8F,
  0xFF, 0xF0, 0x0F, 0xFF, 0xE1, 0xFF, 0xFC, 0x07, 0xFF, 0xF8, 0x7F, 0xFF,
  0x01, 0xFF, 0xFE, 0x1F,
  0xFF, 0xC0, 0x7F, 0xFF, 0x07, 0xFF, 0xF8, 0x1F, 0xFF, 0xC1, 0xFF, 0xFE,
  0x0F, 0xFF, 0xF0, 0x7F,
  0xFF, 0x83, 0xFF, 0xFC, 0x0F, 0xFF, 0xE0, 0xFF, 0xFF, 0x03, 0xFF, 0xFC,
  0x3F, 0xFF, 0xC0, 0xFF,
  0xFF, 0x1F, 0xFF, 0xF0, 0x3F, 0xFF, 0xC7, 0xFF, 0xF8, 0x0F, 0xFF, 0xF1,
  0xFF, 0xFE, 0x03, 0xFF,
  0xFE, 0x7F, 0xFF, 0x80, 0xFF, 0xFF, 0xBF, 0xFF, 0xE0, 0x1F, 0xFF, 0xEF,
  0xFF, 0xF8, 0x07, 0xFF,
  0xFC, 0xFF, 0xFF, 0xFF, 0xFF, 0xFF, 0xFF, 0xFF, 0xFF, 0xFF, 0xFF, 0xFF,
  0xFF, 0xFF, 0xFF, 0xFF,
  0xFF, 0xFF, 0xFF, 0xFF, 0xFF, 0xFF, 0xFF, 0xFF, 0xFF, 0xFF, 0xFF, 0xFF,
  0xFF, 0xFF, 0xFF, 0xFF,
  0xFF, 0xFF, 0xFF, 0xFF, 0xFF, 0xFF, 0xFF, 0xFF, 0xFF, 0xFF, 0xFF, 0xF8,
  0xC0, 0x00, 0x03, 0xC0,
  0x00, 0x0F, 0xC0, 0x00, 0x3F, 0xE0, 0x00, 0xFF, 0xE0, 0x03, 0xFF, 0xE0,
  0x0F, 0xFF, 0xE0, 0x3F,
  0xFF, 0xE0, 0xFF, 0xFF, 0xE3, 0xFF, 0xFF, 0xFF, 0xFF, 0xFF, 0xFF, 0xFF,
  0xFF, 0xFF, 0xFF, 0xFF,
  0xFF, 0xFF, 0xFF, 0xFF, 0xFF, 0xFF, 0xFF, 0xFF, 0x1F, 0xFF, 0xFC, 0x03,
  0xFF, 0xF0, 0x00, 0x7F,
  0xC0, 0x00, 0x0F, 0x00, 0x01, 0xFF, 0xE0, 0x00, 0x00, 0x0F, 0xFF, 0xFE,
  0x00, 0x00, 0x1F, 0xFF,
  0xFF, 0xE0, 0x00, 0x3F, 0xFF, 0xFF, 0xF8, 0x00, 0x3F, 0xFF, 0xFF, 0xFF,
  0x00, 0x3F, 0xFF, 0xFF,
  0xFF, 0xC0, 0x3F, 0xFF, 0xFF, 0xFF, 0xF0, 0x3F, 0xFF, 0xFF, 0xFF, 0xF8,
  0x1F, 0xFF, 0xFF, 0xFF,
  0xFE, 0x1F, 0xFF, 0xFF, 0xFF, 0xFF, 0x8F, 0xFF, 0xFF, 0xFF, 0xFF, 0xC7,
  0xFF, 0xFF, 0xFF, 0xFF,
  0xE3, 0xFF, 0xFF, 0xFF, 0xFF, 0xFB, 0xFF, 0xFF, 0x0F, 0xFF, 0xFD, 0xFF,
  0xFF, 0x03, 0xFF, 0xFE,
  0xFF, 0xFF, 0x81, 0xFF, 0xFF, 0x7F, 0xFF, 0x80, 0xFF, 0xFF, 0xBF, 0xFF,
  0xC0, 0x7F, 0xFF, 0xDF,
  0xFF, 0xE0, 0x3F, 0xFF, 0xEF, 0xFF, 0xF0, 0x1F, 0xFF, 0xF7, 0xFF, 0xF8,
  0x0F, 0xFF, 0xFB, 0xFF,
  0xFC, 0x07, 0xFF, 0xFC, 0x00, 0x00, 0x03, 0xFF, 0xFE, 0x00, 0x00, 0x01,
  0xFF, 0xFF, 0x00, 0x00,
  0x00, 0xFF, 0xFF, 0x80, 0x00, 0x00, 0x7F, 0xFF, 0xC0, 0x00, 0x00, 0x7F,
  0xFF, 0xE0, 0x00, 0x01,
  0xFF, 0xFF, 0xF0, 0x00, 0x07, 0xFF, 0xFF, 0xF8, 0x00, 0x1F, 0xFF, 0xFF,
  0xFC, 0x00, 0x7F, 0xFF,
  0xFF, 0xFE, 0x00, 0xFF, 0xFF, 0xFF, 0xFF, 0x01, 0xFF, 0xFF, 0xFF, 0xFF,
  0x81, 0xFF, 0xFF, 0xFF,
  0xFF, 0xC1, 0xFF, 0xFF, 0xBF, 0xFF, 0xE1, 0xFF, 0xFF, 0x1F, 0xFF, 0xF1,
  0xFF, 0xFF, 0x0F, 0xFF,
  0xF8, 0xFF, 0xFF, 0x07, 0xFF, 0xFC, 0xFF, 0xFF, 0x03, 0xFF, 0xFE, 0x7F,
  0xFF, 0x81, 0xFF, 0xFF,
  0x7F, 0xFF, 0x80, 0xFF, 0xFF, 0xBF, 0xFF, 0xC0, 0x7F, 0xFF, 0xDF, 0xFF,
  0xE0, 0x3F, 0xFF, 0xFF,
  0xFF, 0xF0, 0x1F, 0xFF, 0xFF, 0xFF, 0xF8, 0x0F, 0xFF, 0xFF, 0xFF, 0xFC,
  0x07, 0xFF, 0xFF, 0xFF,
  0xFE, 0x03, 0xFF, 0xFF, 0xFF, 0xFF, 0x01, 0xFF, 0xFF, 0xFF, 0xFF, 0x80,
  0xFF, 0xFF, 0xFF, 0xFF,
  0xC0, 0x7F, 0xFF, 0xFF, 0xFF, 0xE0, 0x3F, 0xFF, 0xFF, 0xFF, 0xF0, 0x1F,
  0xFF, 0xFF, 0xFF, 0xF8,
  0x0F, 0xFF, 0xFF, 0xFF, 0xFC, 0x07, 0xFF, 0xFF, 0xFF, 0xFE, 0x03, 0xFF,
  0xFF, 0xFF, 0xFF, 0x01,
  0xFF, 0xFF, 0xFF, 0xFF, 0xC0, 0xFF, 0xFF, 0xFF, 0xFF, 0xE0, 0xFF, 0xFF,
  0xFF, 0xFF, 0xF8, 0x7F,
  0xFF, 0xEF, 0xFF, 0xFF, 0xFF, 0xFF, 0xF7, 0xFF, 0xFF, 0xFF, 0xFF, 0xFB,
  0xFF, 0xFF, 0xFF, 0xFF,
  0xFD, 0xFF, 0xFF, 0xFF, 0xFF, 0xFE, 0xFF, 0xFF, 0xFE, 0xFF, 0xFF, 0x3F,
  0xFF, 0xFF, 0x7F, 0xFF,
  0x9F, 0xFF, 0xFF, 0xBF, 0xFF, 0xC7, 0xFF, 0xFF, 0x9F, 0xFF, 0xE1, 0xFF,
  0xFF, 0xCF, 0xFF, 0xF0,
  0xFF, 0xFF, 0xC7, 0xFF, 0xF8, 0x3F, 0xFF, 0xC3, 0xFF, 0xFC, 0x07, 0xFF,
  0xC1, 0xFF, 0xFE, 0x00,
  0x7F, 0x00, 0x00, 0x00, 0xFF, 0xFF, 0x80, 0x00, 0x00, 0x7F, 0xFF, 0xC0,
  0x00, 0x00, 0x3F, 0xFF,
  0xE0, 0x00, 0x00, 0x1F, 0xFF, 0xF0, 0x00, 0x00, 0x0F, 0xFF, 0xF8, 0x00,
  0x00, 0x07, 0xFF, 0xFC,
  0x00, 0x00, 0x03, 0xFF, 0xFE, 0x00, 0x00, 0x01, 0xFF, 0xFF, 0x00, 0x00,
  0x00, 0xFF, 0xFF, 0x80,
  0x00, 0x00, 0x7F, 0xFF, 0xC0, 0x00, 0x00, 0x3F, 0xFF, 0xE0, 0x00, 0x00,
  0x1F, 0xFF, 0xF0, 0x1F,
  0xF0, 0x0F, 0xFF, 0xF8, 0x3F, 0xFE, 0x07, 0xFF, 0xFC, 0x3F, 0xFF, 0x83,
  0xFF, 0xFE, 0x3F, 0xFF,
  0xE1, 0xFF, 0xFF, 0x3F, 0xFF, 0xF8, 0xFF, 0xFF, 0xBF, 0xFF, 0xFE, 0x7F,
  0xFF, 0xFF, 0xFF, 0xFF,
  0x3F, 0xFF, 0xFF, 0xFF, 0xFF, 0xDF, 0xFF, 0xFF, 0xFF, 0xFF, 0xEF, 0xFF,
  0xFF, 0xFF, 0xFF, 0xF7,
  0xFF, 0xFF, 0xFF, 0xFF, 0xFF, 0xFF, 0xFF, 0xFF, 0xFF, 0xFF, 0xFF, 0xFF,
  0xFF, 0xFF, 0xFF, 0xFF,
  0xFF, 0xE3, 0xFF, 0xFF, 0xFF, 0xFF, 0xE0, 0xFF, 0xFF, 0xFF, 0xFF, 0xE0,
  0x3F, 0xFF, 0xFF, 0xFF,
  0xF0, 0x1F, 0xFF, 0xFF, 0xFF, 0xF8, 0x0F, 0xFF, 0xFF, 0xFF, 0xFC, 0x07,
  0xFF, 0xFF, 0xFF, 0xFE,
  0x03, 0xFF, 0xFF, 0xFF, 0xFF, 0x01, 0xFF, 0xFF, 0xFF, 0xFF, 0x80, 0xFF,
  0xFF, 0xFF, 0xFF, 0xC0,
  0x7F, 0xFF, 0xFF, 0xFF, 0xE0, 0x3F, 0xFF, 0xFF, 0xFF, 0xF0, 0x1F, 0xFF,
  0xFF, 0xFF, 0xF8, 0x0F,
  0xFF, 0xFF, 0xFF, 0xFC, 0x07, 0xFF, 0xFF, 0xFF, 0xFE, 0x03, 0xFF, 0xFF,
  0xFF, 0xFF, 0x01, 0xFF,
  0xFF, 0xFF, 0xFF, 0x80, 0xFF, 0xFF, 0xFF, 0xFF, 0xC0, 0x7F, 0xFF, 0xFF,
  0xFF, 0xE0, 0x3F, 0xFF,
  0xFF, 0xFF, 0xF0, 0x1F, 0xFF, 0xFF, 0xFF, 0xF8, 0x0F, 0xFF, 0xFF, 0xFF,
  0xFC, 0x07, 0xFF, 0xFF,
  0xFF, 0xFE, 0x03, 0xFF, 0xFF, 0xFF, 0xFF, 0x01, 0xFF, 0xFF, 0xFF, 0xFF,
  0x80, 0xFF, 0xFF, 0xFF,
  0xFF, 0xC0, 0x7F, 0xFF, 0xFF, 0xFF, 0xE0, 0x3F, 0xFF, 0xFF, 0xFF, 0xF0,
  0x1F, 0xFF, 0xFF, 0xFF,
  0xF8, 0x0F, 0xFF, 0xFF, 0xFF, 0xFC, 0x07, 0xFF, 0xFF, 0xFF, 0xFE, 0x03,
  0xFF, 0xFF, 0xFF, 0xFF,
  0x01, 0xFF, 0xFF, 0xFF, 0xFF, 0x80, 0xFF, 0xFF, 0xFF, 0xFF, 0xC0, 0x7F,
  0xFF, 0xFF, 0xFF, 0xE0,
  0x3F, 0xFF, 0xFF, 0xFF, 0xF0, 0x1F, 0xFF, 0xFF, 0xFF, 0xF8, 0x0F, 0xFF,
  0xFF, 0xFF, 0xFC, 0x07,
  0xFF, 0xFF, 0xFF, 0xFE, 0x03, 0xFF, 0xFF, 0xFF, 0xFF, 0x01, 0xFF, 0xFF,
  0xFF, 0xFF, 0x80, 0xFF,
  0xFF, 0xFF, 0xFF, 0xC0, 0x7F, 0xFF, 0xFF, 0xFF, 0xE0, 0x3F, 0xFF, 0xFF,
  0xFF, 0xF0, 0x1F, 0xFF,
  0xFF, 0xFF, 0xFC, 0x1F, 0xFF, 0xFF, 0xFF, 0xFF, 0x1F, 0xFF, 0xFF, 0xFF,
  0xFF, 0xFF, 0xFF, 0xFF,
  0xFF, 0xFF, 0xFF, 0xFF, 0xFE, 0xFF, 0xFF, 0xFF, 0xFF, 0xFF, 0x7F, 0xFF,
  0xFF, 0xFF, 0xFF, 0xBF,
  0xFF, 0xFF, 0xFF, 0xFF, 0x9F, 0xFF, 0xFF, 0xFF, 0xFF, 0xCF, 0xFF, 0xFF,
  0xFF, 0xFF, 0xE7, 0xFF,
  0xFD, 0xFF, 0xFF, 0xE3, 0xFF, 0xFE, 0x7F, 0xFF, 0xE1, 0xFF, 0xFF, 0x3F,
  0xFF, 0xE0, 0xFF, 0xFF,
  0x8F, 0xFF, 0xE0, 0x7F, 0xFF, 0xC1, 0xFF, 0xE0, 0x00, 0x00, 0x00, 0x3F,
  0x80, 0x00, 0x00, 0x01,
  0xFF, 0xE0, 0x00, 0x00, 0x07, 0xFF, 0xFF, 0x00, 0x00, 0x07, 0xFF, 0xFF,
  0xF8, 0x00, 0x07, 0xFF,
  0xFF, 0xFF, 0x00, 0x03, 0xFF, 0xFF, 0xFF, 0xF0, 0x01, 0xFF, 0xFF, 0xFF,
  0xFE, 0x00, 0xFF, 0xFF,
  0xFF, 0xFF, 0xC0, 0x3F, 0xFF, 0xFF, 0xFF, 0xF8, 0x1F, 0xFF, 0xFF, 0xFF,
  0xFE, 0x07, 0xFF, 0xFF,
  0xFF, 0xFF, 0xC3, 0xFF, 0xFF, 0xFF, 0xFF, 0xF0, 0xFF, 0xFF, 0xFF, 0xFF,
  0xFE, 0x7F, 0xFF, 0xFF,
  0xFF, 0xFF, 0x9F, 0xFF, 0xF8, 0x7F, 0xFF, 0xE7, 0xFF, 0xFC, 0x0F, 0xFF,
  0xF9, 0xFF, 0xFE, 0x03,
  0xFF, 0xFF, 0x7F, 0xFF, 0x80, 0xFF, 0xFF, 0xFF, 0xFF, 0xE0, 0x3F, 0xFF,
  0xFF, 0xFF, 0xF8, 0x07,
  0xFF, 0xFF, 0xFF, 0xFE, 0x01, 0xFF, 0xFF, 0xFF, 0xFF, 0x80, 0x7F, 0xFF,
  0xFF, 0xFF, 0xE0, 0x1F,
  0xFF, 0xFF, 0xFF, 0xF8, 0x07, 0xFF, 0xFF, 0xFF, 0xFE, 0x01, 0xFF, 0xFF,
  0xFF, 0xFF, 0x80, 0x7F,
  0xFF, 0xFF, 0xFF, 0xE0, 0x1F, 0xFF, 0xFF, 0xFF, 0xF8, 0x07, 0xFF, 0xFF,
  0xFF, 0xFE, 0x01, 0xFF,
  0xFF, 0xFF, 0xFF, 0x80, 0x7F, 0xFF, 0xFF, 0xFF, 0xE0, 0x00, 0x00, 0x0F,
  0xFF, 0xF8, 0x00, 0x00,
  0x03, 0xFF, 0xFE, 0x00, 0x00, 0x00, 0xFF, 0xFF, 0x80, 0x00, 0x00, 0x3F,
  0xFF, 0xE0, 0x00, 0x00,
  0x0F, 0xFF, 0xF8, 0x00, 0x00, 0x03, 0xFF, 0xFE, 0x00, 0x00, 0x00, 0xFF,
  0xFF, 0x80, 0x00, 0x00,
  0x3F, 0xFF, 0xE0, 0x00, 0x00, 0x0F, 0xFF, 0xF8, 0x00, 0x00, 0x03, 0xFF,
  0xFE, 0x00, 0x00, 0x00,
  0xFF, 0xFF, 0x80, 0x00, 0x00, 0x3F, 0xFF, 0xE0, 0x1F, 0xFF, 0xFF, 0xFF,
  0xF8, 0x07, 0xFF, 0xFF,
  0xFF, 0xFE, 0x01, 0xFF, 0xFF, 0xFF, 0xFF, 0x80, 0x7F, 0xFF, 0xFF, 0xFF,
  0xE0, 0x1F, 0xFF, 0xFF,
  0xFF, 0xF8, 0x07, 0xFF, 0xFF, 0xFF, 0xFE, 0x01, 0xFF, 0xFF, 0xFF, 0xFF,
  0x80, 0x7F, 0xFF, 0xFF,
  0xFF, 0xE0, 0x1F, 0xFF, 0xFF, 0xFF, 0xF8, 0x07, 0xFF, 0xFF, 0xFF, 0xFE,
  0x01, 0xFF, 0xFF, 0xFF,
  0xFF, 0x80, 0x7F, 0xFF, 0xFF, 0xFF, 0xE0, 0x1F, 0xFF, 0xFF, 0xFF, 0xF8,
  0x07, 0xFF, 0xFF, 0xFF,
  0xFE, 0x03, 0xFF, 0xFF, 0x7F, 0xFF, 0x80, 0xFF, 0xFF, 0x9F, 0xFF, 0xF0,
  0x3F, 0xFF, 0xE7, 0xFF,
  0xFE, 0x1F, 0xFF, 0xF9, 0xFF, 0xFF, 0xFF, 0xFF, 0xFE, 0x3F, 0xFF, 0xFF,
  0xFF, 0xFF, 0x0F, 0xFF,
  0xFF, 0xFF, 0xFF, 0xC1, 0xFF, 0xFF, 0xFF, 0xFF, 0xF0, 0x7F, 0xFF, 0xFF,
  0xFF, 0xF8, 0x0F, 0xFF,
  0xFF, 0xFF, 0xFC, 0x03, 0xFF, 0xFF, 0xFF, 0xFF, 0x00, 0x7F, 0xFF, 0xFF,
  0xFF, 0x80, 0x0F, 0xFF,
  0xFF, 0xFF, 0x80, 0x01, 0xFF, 0xFF, 0xFF, 0xC0, 0x00, 0x1F, 0xFF, 0xFF,
  0xC0, 0x00, 0x01, 0xFF,
  0xFF, 0xC0, 0x00, 0x00, 0x07, 0xFF, 0x80, 0x00, 0x00, 0x00, 0x00, 0x7F,
  0xFF, 0xC0, 0x00, 0x00,
  0x1F, 0xFF, 0xF0, 0x00, 0x00, 0x07, 0xFF, 0xFC, 0x00, 0x00, 0x01, 0xFF,
  0xFF, 0x00, 0x00, 0x00,
  0x7F, 0xFF, 0xC0, 0x00, 0x00, 0x1F, 0xFF, 0xF0, 0x00, 0x00, 0x07, 0xFF,
  0xFC, 0x00, 0x00, 0x01,
  0xFF, 0xFF, 0x00, 0x00, 0x00, 0x7F, 0xFF, 0xC0, 0x00, 0x00, 0x1F, 0xFF,
  0xF0, 0x00, 0x00, 0x07,
  0xFF, 0xFC, 0x01, 0xFE, 0x01, 0xFF, 0xFF, 0x03, 0xFF, 0xE0, 0x7F, 0xFF,
  0xC1, 0xFF, 0xFE, 0x1F,
  0xFF, 0xF0, 0xFF, 0xFF, 0xC7, 0xFF, 0xFC, 0x7F, 0xFF, 0xF9, 0xFF, 0xFF,
  0x1F, 0xFF, 0xFE, 0x7F,
  0xFF, 0xCF, 0xFF, 0xFF, 0xDF, 0xFF, 0xF3, 0xFF, 0xFF, 0xF7, 0xFF, 0xFD,
  0xFF, 0xFF, 0xFF, 0xFF,
  0xFF, 0x7F, 0xFF, 0xFF, 0xFF, 0xFF, 0xDF, 0xFF, 0xFF, 0xFF, 0xFF, 0xFF,
  0xFF, 0xFF, 0xFF, 0xFF,
  0xFF, 0xFF, 0xFF, 0xFF, 0xFF, 0xFF, 0xFF, 0xFF, 0xE3, 0xFF, 0xFF, 0xFF,
  0xFF, 0xF0, 0x7F, 0xFF,
  0xFF, 0xFF, 0xF8, 0x0F, 0xFF, 0xFF, 0xFF, 0xFE, 0x03, 0xFF, 0xFF, 0xFF,
  0xFF, 0x80, 0xFF, 0xFF,
  0xFF, 0xFF, 0xE0, 0x1F, 0xFF, 0xFF, 0xFF, 0xF8, 0x07, 0xFF, 0xFF, 0xFF,
  0xFE, 0x01, 0xFF, 0xFF,
  0xFF, 0xFF, 0x80, 0x7F, 0xFF, 0xFF, 0xFF, 0xE0, 0x1F, 0xFF, 0xFF, 0xFF,
  0xF8, 0x07, 0xFF, 0xFF,
  0xFF, 0xFE, 0x01, 0xFF, 0xFF, 0xFF, 0xFF, 0x80, 0x7F, 0xFF, 0xFF, 0xFF,
  0xE0, 0x1F, 0xFF, 0xFF,
  0xFF, 0xF8, 0x07, 0xFF, 0xFF, 0xFF, 0xFE, 0x01, 0xFF, 0xFF, 0xFF, 0xFF,
  0x80, 0x7F, 0xFF, 0xFF,
  0xFF, 0xE0, 0x1F, 0xFF, 0xFF, 0xFF, 0xF8, 0x07, 0xFF, 0xFF, 0xFF, 0xFE,
  0x01, 0xFF, 0xFF, 0xFF,
  0xFF, 0x80, 0x7F, 0xFF, 0xFF, 0xFF, 0xE0, 0x1F, 0xFF, 0xFF, 0xFF, 0xF8,
  0x07, 0xFF, 0xFF, 0xFF,
  0xFE, 0x01, 0xFF, 0xFF, 0xFF, 0xFF, 0x80, 0x7F, 0xFF, 0xFF, 0xFF, 0xE0,
  0x1F, 0xFF, 0xFF, 0xFF,
  0xF8, 0x07, 0xFF, 0xFF, 0xFF, 0xFE, 0x01, 0xFF, 0xFF, 0xFF, 0xFF, 0x80,
  0x7F, 0xFF, 0xFF, 0xFF,
  0xE0, 0x1F, 0xFF, 0xFF, 0xFF, 0xF8, 0x07, 0xFF, 0xFF, 0xFF, 0xFE, 0x01,
  0xFF, 0xFF, 0xFF, 0xFF,
  0x80, 0x7F, 0xFF, 0xFF, 0xFF, 0xE0, 0x1F, 0xFF, 0xFF, 0xFF, 0xF8, 0x07,
  0xFF, 0xFF, 0xFF, 0xFE,
  0x01, 0xFF, 0xFF, 0xFF, 0xFF, 0x80, 0x7F, 0xFF, 0xFF, 0xFF, 0xE0, 0x1F,
  0xFF, 0xFF, 0xFF, 0xF8,
  0x07, 0xFF, 0xFF, 0xFF, 0xFE, 0x01, 0xFF, 0xFF, 0xFF, 0xFF, 0x80, 0x7F,
  0xFF, 0xFF, 0xFF, 0xE0,
  0x3F, 0xFF, 0xFF, 0xFF, 0xF8, 0x0F, 0xFF, 0xFF, 0xFF, 0xFE, 0x03, 0xFF,
  0xFF, 0xFF, 0xFF, 0xC0,
  0xFF, 0xFF, 0xFF, 0xFF, 0xF8, 0x7F, 0xFF, 0xF7, 0xFF, 0xFF, 0xFF, 0xFF,
  0xFD, 0xFF, 0xFF, 0xFF,
  0xFF, 0xFF, 0x7F, 0xFF, 0xFF, 0xFF, 0xFF, 0xDF, 0xFF, 0xFF, 0xFF, 0xFF,
  0xF7, 0xFF, 0xFF, 0xFF,
  0xFF, 0xFC, 0xFF, 0xFF, 0xFD, 0xFF, 0xFF, 0x3F, 0xFF, 0xFF, 0x7F, 0xFF,
  0xC7, 0xFF, 0xFF, 0x9F,
  0xFF, 0xF1, 0xFF, 0xFF, 0xE7, 0xFF, 0xFC, 0x3F, 0xFF, 0xF1, 0xFF, 0xFF,
  0x07, 0xFF, 0xF8, 0x7F,
  0xFF, 0xC0, 0x7F, 0xFC, 0x1F, 0xFF, 0xF0, 0x03, 0xFC, 0x00, 0x00, 0x00,
  0x00, 0x01, 0xFF, 0xE0,
  0x00, 0x00, 0x0F, 0xFF, 0xFE, 0x00, 0x00, 0x1F, 0xFF, 0xFF, 0xE0, 0x00,
  0x3F, 0xFF, 0xFF, 0xF8,
  0x00, 0x3F, 0xFF, 0xFF, 0xFF, 0x00, 0x3F, 0xFF, 0xFF, 0xFF, 0xC0, 0x3F,
  0xFF, 0xFF, 0xFF, 0xE0,
  0x3F, 0xFF, 0xFF, 0xFF, 0xF8, 0x1F, 0xFF, 0xFF, 0xFF, 0xFE, 0x1F, 0xFF,
  0xFF, 0xFF, 0xFF, 0x0F,
  0xFF, 0xFF, 0xFF, 0xFF, 0xCF, 0xFF, 0xFF, 0xFF, 0xFF, 0xE7, 0xFF, 0xFF,
  0xFF, 0xFF, 0xF3, 0xFF,
  0xFF, 0x0F, 0xFF, 0xFB, 0xFF, 0xFF, 0x07, 0xFF, 0xFF, 0xFF, 0xFF, 0x01,
  0xFF, 0xFF, 0xFF, 0xFF,
  0x80, 0xFF, 0xFF, 0xFF, 0xFF, 0xC0, 0x7F, 0xFF, 0xFF, 0xFF, 0xE0, 0x3F,
  0xFF, 0xFF, 0xFF, 0xF0,
  0x1F, 0xFF, 0xFF, 0xFF, 0xF8, 0x0F, 0xFF, 0xFF, 0xFF, 0xFC, 0x07, 0xFF,
  0xFF, 0xFF, 0xFE, 0x03,
  0xFF, 0xFF, 0xFF, 0xFF, 0x01, 0xFF, 0xFF, 0xFF, 0xFF, 0x80, 0xFF, 0xFF,
  0xFF, 0xFF, 0xC0, 0x7F,
  0xFF, 0xFF, 0xFF, 0xE0, 0x3F, 0xFF, 0xFF, 0xFF, 0xF0, 0x1F, 0xFF, 0xFF,
  0xFF, 0xF8, 0x0F, 0xFF,
  0xFF, 0xFF, 0xFC, 0x07, 0xFF, 0xFF, 0xFF, 0xFF, 0xFF, 0xFF, 0xFF, 0xFF,
  0xFF, 0xFF, 0xFF, 0xFF,
  0xFF, 0xFF, 0xFF, 0xFF, 0xFF, 0xFF, 0xFF, 0xFF, 0xFF, 0xFF, 0xFF, 0xFF,
  0xFF, 0xFF, 0xFF, 0xFF,
  0xFF, 0xFF, 0xFF, 0xFF, 0xFF, 0xFF, 0xFF, 0xFF, 0xFF, 0xFF, 0xFF, 0xFF,
  0xFF, 0xFF, 0xFF, 0xFF,
  0xFE, 0x00, 0x00, 0x01, 0xFF, 0xFF, 0x00, 0x00, 0x00, 0xFF, 0xFF, 0x80,
  0x00, 0x00, 0x7F, 0xFF,
  0xC0, 0x00, 0x00, 0x3F, 0xFF, 0xE0, 0x00, 0x00, 0x1F, 0xFF, 0xF0, 0x00,
  0x00, 0x0F, 0xFF, 0xF8,
  0x0F, 0xFF, 0xFF, 0xFF, 0xFC, 0x07, 0xFF, 0xFF, 0xFF, 0xFE, 0x03, 0xFF,
  0xFF, 0xFF, 0xFF, 0x01,
  0xFF, 0xFF, 0xFF, 0xFF, 0x80, 0xFF, 0xFF, 0xFF, 0xFF, 0xC0, 0x7F, 0xFF,
  0xFF, 0xFF, 0xE0, 0x3F,
  0xFF, 0xFF, 0xFF, 0xF0, 0x1F, 0xFF, 0xFF, 0xFF, 0xF8, 0x0F, 0xFF, 0xFF,
  0xFF, 0xFC, 0x07, 0xFF,
  0xFF, 0xFF, 0xFE, 0x03, 0xFF, 0xFF, 0xFF, 0xFF, 0x01, 0xFF, 0xFF, 0xFF,
  0xFF, 0x80, 0xFF, 0xFF,
  0x3F, 0xFF, 0xE0, 0x7F, 0xFF, 0x9F, 0xFF, 0xF0, 0x7F, 0xFF, 0xCF, 0xFF,
  0xFF, 0xFF, 0xFF, 0xE3,
  0xFF, 0xFF, 0xFF, 0xFF, 0xE1, 0xFF, 0xFF, 0xFF, 0xFF, 0xF0, 0xFF, 0xFF,
  0xFF, 0xFF, 0xF8, 0x3F,
  0xFF, 0xFF, 0xFF, 0xF8, 0x1F, 0xFF, 0xFF, 0xFF, 0xFC, 0x07, 0xFF, 0xFF,
  0xFF, 0xFC, 0x01, 0xFF,
  0xFF, 0xFF, 0xFC, 0x00, 0x7F, 0xFF, 0xFF, 0xFC, 0x00, 0x1F, 0xFF, 0xFF,
  0xFC, 0x00, 0x03, 0xFF,
  0xFF, 0xF8, 0x00, 0x00, 0x7F, 0xFF, 0xF0, 0x00, 0x00, 0x07, 0xFF, 0xC0,
  0x00, 0x00, 0x3F, 0xF0,
  0x03, 0xFF, 0xFC, 0x0F, 0xFF, 0xF8, 0x3F, 0xFF, 0xF0, 0xFF, 0xFF, 0xE1,
  0xFF, 0xFF, 0xC3, 0xFF,
  0xFF, 0x8F, 0xFF, 0xFF, 0x1F, 0xFF, 0xFE, 0x3F, 0xFF, 0xFC, 0x7F, 0xFF,
  0xF8, 0xFF, 0xFF, 0xD1,
  0xFF, 0xFF, 0x03, 0xFF, 0xFC, 0x07, 0xFF, 0xF8, 0x0F, 0xFF, 0xF0, 0xFF,
  0xFF, 0xFF, 0xFF, 0xFF,
  0xFF, 0xFF, 0xFF, 0xFF, 0xFF, 0xFF, 0xFF, 0xFF, 0xFF, 0xFF, 0xFF, 0xFF,
  0xFF, 0xFF, 0xFF, 0xFF,
  0xFF, 0xFF, 0xFF, 0xFF, 0xFF, 0xFF, 0xFF, 0xFF, 0xFF, 0xFF, 0xFF, 0xFF,
  0xFF, 0xFF, 0xFF, 0xFF,
  0xE3, 0xFF, 0xFE, 0x07, 0xFF, 0xFC, 0x0F, 0xFF, 0xF8, 0x1F, 0xFF, 0xF0,
  0x3F, 0xFF, 0xE0, 0x7F,
  0xFF, 0xC0, 0xFF, 0xFF, 0x81, 0xFF, 0xFF, 0x03, 0xFF, 0xFE, 0x07, 0xFF,
  0xFC, 0x0F, 0xFF, 0xF8,
  0x1F, 0xFF, 0xF0, 0x3F, 0xFF, 0xE0, 0x7F, 0xFF, 0xC0, 0xFF, 0xFF, 0x81,
  0xFF, 0xFF, 0x03, 0xFF,
  0xFE, 0x07, 0xFF, 0xFC, 0x0F, 0xFF, 0xF8, 0x1F, 0xFF, 0xF0, 0x3F, 0xFF,
  0xE0, 0x7F, 0xFF, 0xC0,
  0xFF, 0xFF, 0x81, 0xFF, 0xFF, 0x03, 0xFF, 0xFE, 0x07, 0xFF, 0xFC, 0x0F,
  0xFF, 0xF8, 0x1F, 0xFF,
  0xF0, 0x3F, 0xFF, 0xE0, 0x7F, 0xFF, 0xC0, 0xFF, 0xFF, 0x81, 0xFF, 0xFF,
  0x03, 0xFF, 0xFE, 0x07,
  0xFF, 0xFC, 0x0F, 0xFF, 0xF8, 0x1F, 0xFF, 0xF0, 0x3F, 0xFF, 0xE0, 0x7F,
  0xFF, 0xC0, 0xFF, 0xFF,
  0x81, 0xFF, 0xFF, 0x03, 0xFF, 0xFE, 0x07, 0xFF, 0xFC, 0x0F, 0xFF, 0xF8,
  0x1F, 0xFF, 0xF0, 0x3F,
  0xFF, 0xE0, 0x7F, 0xFF, 0xC0, 0xFF, 0xFF, 0x81, 0xFF, 0xFF, 0x03, 0xFF,
  0xFE, 0x07, 0xFF, 0xFC,
  0x0F, 0xFF, 0xF8, 0x1F, 0xFF, 0xF0, 0x3F, 0xFF, 0xE0, 0x7F, 0xFF, 0xC0,
  0x00, 0x1F, 0xE0, 0x00,
  0x00, 0x00, 0x1F, 0xFF, 0x07, 0xFF, 0xFC, 0x07, 0xFF, 0xF8, 0xFF, 0xFF,
  0x81, 0xFF, 0xFF, 0x9F,
  0xFF, 0xF0, 0x7F, 0xFF, 0xF3, 0xFF, 0xFE, 0x1F, 0xFF, 0xFF, 0x7F, 0xFF,
  0xC3, 0xFF, 0xFF, 0xEF,
  0xFF, 0xF8, 0xFF, 0xFF, 0xFF, 0xFF, 0xFF, 0x1F, 0xFF, 0xFF, 0xFF, 0xFF,
  0xE7, 0xFF, 0xFF, 0xFF,
  0xFF, 0xFC, 0xFF, 0xFF, 0xFF, 0xFF, 0xFF, 0x9F, 0xFF, 0xFF, 0xFF, 0xFF,
  0xF3, 0xFF, 0xFF, 0xFF,
  0xFF, 0xFE, 0x7F, 0xFF, 0xE1, 0xFF, 0xFF, 0xCF, 0xFF, 0xF8, 0x1F, 0xFF,
  0xFB, 0xFF, 0xFF, 0x03,
  0xFF, 0xFF, 0x7F, 0xFF, 0xC0, 0x3F, 0xFF, 0xEF, 0xFF, 0xF8, 0x07, 0xFF,
  0xFD, 0xFF, 0xFF, 0x00,
  0xFF, 0xFF, 0xBF, 0xFF, 0xE0, 0x1F, 0xFF, 0xF7, 0xFF, 0xFC, 0x03, 0xFF,
  0xFE, 0xFF, 0xFF, 0x80,
  0x7F, 0xFF, 0xDF, 0xFF, 0xF0, 0x0F, 0xFF, 0xFB, 0xFF, 0xFE, 0x01, 0xFF,
  0xFF, 0x7F, 0xFF, 0xC0,
  0x3F, 0xFF, 0xEF, 0xFF, 0xF8, 0x07, 0xFF, 0xFD, 0xFF, 0xFF, 0x00, 0xFF,
  0xFF, 0xBF, 0xFF, 0xE0,
  0x1F, 0xFF, 0xF7, 0xFF, 0xFC, 0x03, 0xFF, 0xFE, 0xFF, 0xFF, 0x80, 0x7F,
  0xFF, 0xDF, 0xFF, 0xF0,
  0x0F, 0xFF, 0xFB, 0xFF, 0xFE, 0x01, 0xFF, 0xFF, 0x7F, 0xFF, 0xC0, 0x3F,
  0xFF, 0xEF, 0xFF, 0xF8,
  0x07, 0xFF, 0xFD, 0xFF, 0xFF, 0x00, 0xFF, 0xFF, 0xBF, 0xFF, 0xE0, 0x1F,
  0xFF, 0xF7, 0xFF, 0xFC,
  0x03, 0xFF, 0xFE, 0xFF, 0xFF, 0x80, 0x7F, 0xFF, 0xDF, 0xFF, 0xF0, 0x0F,
  0xFF, 0xFB, 0xFF, 0xFE,
  0x01, 0xFF, 0xFF, 0x7F, 0xFF, 0xC0, 0x3F, 0xFF, 0xEF, 0xFF, 0xF8, 0x07,
  0xFF, 0xFD, 0xFF, 0xFF,
  0x00, 0xFF, 0xFF, 0xBF, 0xFF, 0xE0, 0x1F, 0xFF, 0xF7, 0xFF, 0xFC, 0x03,
  0xFF, 0xFE, 0xFF, 0xFF,
  0xC0, 0x7F, 0xFF, 0xDF, 0xFF, 0xF8, 0x1F, 0xFF, 0xFB, 0xFF, 0xFF, 0x03,
  0xFF, 0xFF, 0x3F, 0xFF,
  0xF0, 0xFF, 0xFF, 0xE7, 0xFF, 0xFF, 0xFF, 0xFF, 0xFC, 0xFF, 0xFF, 0xFF,
  0xFF, 0xFF, 0x9F, 0xFF,
  0xFF, 0xFF, 0xFF, 0xF3, 0xFF, 0xFF, 0xFF, 0xFF, 0xFE, 0x3F, 0xFF, 0xFF,
  0xFF, 0xFF, 0xC7, 0xFF,
  0xFF, 0xFF, 0xFF, 0xF8, 0x7F, 0xFF, 0xFF, 0xFF, 0xFF, 0x0F, 0xFF, 0xFF,
  0xBF, 0xFF, 0xE0, 0xFF,
  0xFF, 0xF7, 0xFF, 0xFC, 0x0F, 0xFF, 0xFC, 0xFF, 0xFF, 0x80, 0xFF, 0xFF,
  0x1F, 0xFF, 0xF0, 0x07,
  0xFF, 0xC3, 0xFF, 0xFE, 0x00, 0x3F, 0xE0, 0x7F, 0xFF, 0xC0, 0x00, 0x00,
  0x0F, 0xFF, 0xF8, 0x00,
  0x00, 0x01, 0xFF, 0xFF, 0x00, 0x00, 0x00, 0x3F, 0xFF, 0xE0, 0x00, 0x00,
  0x07, 0xFF, 0xFC, 0x00,
  0x00, 0x01, 0xFF, 0xFF, 0x82, 0x00, 0x00, 0x3F, 0xFF, 0xF0, 0x70, 0x00,
  0x0F, 0xFF, 0xFC, 0x0F,
  0x80, 0x03, 0xFF, 0xFF, 0x83, 0xFF, 0x01, 0xFF, 0xFF, 0xF0, 0xFF, 0xFF,
  0xFF, 0xFF, 0xFE, 0x1F,
  0xFF, 0xFF, 0xFF, 0xFF, 0x87, 0xFF, 0xFF, 0xFF, 0xFF, 0xF0, 0xFF, 0xFF,
  0xFF, 0xFF, 0xFC, 0x3F,
  0xFF, 0xFF, 0xFF, 0xFF, 0x87, 0xFF, 0xFF, 0xFF, 0xFF, 0xE1, 0xFF, 0xFF,
  0xFF, 0xFF, 0xF8, 0x0F,
  0xFF, 0xFF, 0xFF, 0xFE, 0x00, 0xFF, 0xFF, 0xFF, 0xFF, 0x80, 0x07, 0xFF,
  0xFF, 0xFF, 0xC0, 0x00,
  0x1F, 0xFF, 0xFF, 0xC0, 0x00, 0x00, 0x3F, 0xFF, 0x80, 0x00, 0x00, 0xFF,
  0xFF, 0xC0, 0x00, 0x00,
  0x3F, 0xFF, 0xF0, 0x00, 0x00, 0x0F, 0xFF, 0xFC, 0x00, 0x00, 0x03, 0xFF,
  0xFF, 0x00, 0x00, 0x00,
  0xFF, 0xFF, 0xC0, 0x00, 0x00, 0x3F, 0xFF, 0xF0, 0x00, 0x00, 0x0F, 0xFF,
  0xFC, 0x00, 0x00, 0x03,
  0xFF, 0xFF, 0x00, 0x00, 0x00, 0xFF, 0xFF, 0xC0, 0x00, 0x00, 0x3F, 0xFF,
  0xF0, 0x00, 0x00, 0x0F,
  0xFF, 0xFC, 0x00, 0x00, 0x03, 0xFF, 0xFF, 0x01, 0xFE, 0x00, 0xFF, 0xFF,
  0xC3, 0xFF, 0xE0, 0x3F,
  0xFF, 0xF1, 0xFF, 0xFE, 0x0F, 0xFF, 0xFC, 0xFF, 0xFF, 0xC3, 0xFF, 0xFF,
  0x7F, 0xFF, 0xF8, 0xFF,
  0xFF, 0xDF, 0xFF, 0xFF, 0x3F, 0xFF, 0xFF, 0xFF, 0xFF, 0xCF, 0xFF, 0xFF,
  0xFF, 0xFF, 0xFB, 0xFF,
  0xFF, 0xFF, 0xFF, 0xFE, 0xFF, 0xFF, 0xFF, 0xFF, 0xFF, 0xBF, 0xFF, 0xFF,
  0xFF, 0xFF, 0xFF, 0xFF,
  0xFF, 0xFF, 0xFF, 0xFF, 0xFF, 0xFF, 0xFF, 0xFF, 0xFF, 0xFF, 0xFF, 0xE0,
  0xFF, 0xFF, 0xFF, 0xFF,
  0xF8, 0x1F, 0xFF, 0xFF, 0xFF, 0xFC, 0x07, 0xFF, 0xFF, 0xFF, 0xFF, 0x01,
  0xFF, 0xFF, 0xFF, 0xFF,
  0xC0, 0x7F, 0xFF, 0xFF, 0xFF, 0xF0, 0x1F, 0xFF, 0xFF, 0xFF, 0xFC, 0x07,
  0xFF, 0xFF, 0xFF, 0xFF,
  0x01, 0xFF, 0xFF, 0xFF, 0xFF, 0xC0, 0x7F, 0xFF, 0xFF, 0xFF, 0xF0, 0x1F,
  0xFF, 0xFF, 0xFF, 0xFC,
  0x07, 0xFF, 0xFF, 0xFF, 0xFF, 0x01, 0xFF, 0xFF, 0xFF, 0xFF, 0xC0, 0x7F,
  0xFF, 0xFF, 0xFF, 0xF0,
  0x1F, 0xFF, 0xFF, 0xFF, 0xFC, 0x07, 0xFF, 0xFF, 0xFF, 0xFF, 0x01, 0xFF,
  0xFF, 0xFF, 0xFF, 0xC0,
  0x7F, 0xFF, 0xFF, 0xFF, 0xF0, 0x1F, 0xFF, 0xFF, 0xFF, 0xFC, 0x07, 0xFF,
  0xFF, 0xFF, 0xFF, 0x01,
  0xFF, 0xFF, 0xFF, 0xFF, 0xC0, 0x7F, 0xFF, 0xFF, 0xFF, 0xF0, 0x1F, 0xFF,
  0xFF, 0xFF, 0xFC, 0x07,
  0xFF, 0xFF, 0xFF, 0xFF, 0x01, 0xFF, 0xFF, 0xFF, 0xFF, 0xC0, 0x7F, 0xFF,
  0xFF, 0xFF, 0xF0, 0x1F,
  0xFF, 0xFF, 0xFF, 0xFC, 0x07, 0xFF, 0xFF, 0xFF, 0xFF, 0x01, 0xFF, 0xFF,
  0xFF, 0xFF, 0xC0, 0x7F,
  0xFF, 0xFF, 0xFF, 0xF0, 0x1F, 0xFF, 0xFF, 0xFF, 0xFC, 0x07, 0xFF, 0xFF,
  0xFF, 0xFF, 0x01, 0xFF,
  0xFF, 0xFF, 0xFF, 0xC0, 0x7F, 0xFF, 0xFF, 0xFF, 0xF0, 0x1F, 0xFF, 0xFF,
  0xFF, 0xFC, 0x07, 0xFF,
  0xFF, 0xFF, 0xFF, 0x01, 0xFF, 0xFF, 0xFF, 0xFF, 0xC0, 0x7F, 0xFF, 0xFF,
  0xFF, 0xF0, 0x1F, 0xFF,
  0xFF, 0xFF, 0xFC, 0x07, 0xFF, 0xFF, 0xFF, 0xFF, 0x01, 0xFF, 0xFF, 0xFF,
  0xFF, 0xC0, 0x7F, 0xFF,
  0xFF, 0xFF, 0xF0, 0x1F, 0xFF, 0xFF, 0xFF, 0xFC, 0x07, 0xFF, 0xFF, 0xFF,
  0xFF, 0x01, 0xFF, 0xFF,
  0xFF, 0xFF, 0xC0, 0x7F, 0xFF, 0xFF, 0xFF, 0xF0, 0x1F, 0xFF, 0xFF, 0xFF,
  0xFC, 0x07, 0xFF, 0xFF,
  0xFF, 0xFF, 0x01, 0xFF, 0xFF, 0xFF, 0xFF, 0xC0, 0x7F, 0xFF, 0xFF, 0xFF,
  0xF0, 0x1F, 0xFF, 0xFF,
  0xFF, 0xFC, 0x07, 0xFF, 0xFF, 0xFF, 0xFF, 0x01, 0xFF, 0xFF, 0xFF, 0xFF,
  0xC0, 0x7F, 0xFF, 0xFF,
  0xFF, 0xF0, 0x1F, 0xFF, 0xFF, 0xFF, 0xFC, 0x07, 0xFF, 0xFF, 0xFF, 0xFF,
  0x01, 0xFF, 0xFF, 0xFF,
  0xFF, 0xC0, 0x7F, 0xFF, 0xFF, 0xFF, 0xF0, 0x1F, 0xFF, 0xF0, 0xFF, 0xFF,
  0xFF, 0xFF, 0xFF, 0xFF,
  0xFF, 0xFF, 0xFF, 0xFF, 0xFF, 0xFF, 0xFF, 0xFF, 0xFF, 0xFF, 0xFF, 0xFF,
  0xFF, 0xFF, 0xFF, 0xFF,
  0xFF, 0xFF, 0xFF, 0xFF, 0xFF, 0xFF, 0xFF, 0xFC, 0x00, 0x00, 0x00, 0x00,
  0x00, 0x00, 0x00, 0x00,
  0x00, 0x00, 0x1F, 0xFF, 0xFF, 0xFF, 0xFF, 0xFF, 0xFF, 0xFF, 0xFF, 0xFF,
  0xFF, 0xFF, 0xFF, 0xFF,
  0xFF, 0xFF, 0xFF, 0xFF, 0xFF, 0xFF, 0xFF, 0xFF, 0xFF, 0xFF, 0xFF, 0xFF,
  0xFF, 0xFF, 0xFF, 0xFF,
  0xFF, 0xFF, 0xFF, 0xFF, 0xFF, 0xFF, 0xFF, 0xFF, 0xFF, 0xFF, 0xFF, 0xFF,
  0xFF, 0xFF, 0xFF, 0xFF,
  0xFF, 0xFF, 0xFF, 0xFF, 0xFF, 0xFF, 0xFF, 0xFF, 0xFF, 0xFF, 0xFF, 0xFF,
  0xFF, 0xFF, 0xFF, 0xFF,
  0xFF, 0xFF, 0xFF, 0xFF, 0xFF, 0xFF, 0xFF, 0xFF, 0xFF, 0xFF, 0xFF, 0xFF,
  0xFF, 0xFF, 0xFF, 0xFF,
  0xFF, 0xFF, 0xFF, 0xFF, 0xFF, 0xFF, 0xFF, 0xFF, 0xFF, 0xFF, 0xFF, 0xFF,
  0xFF, 0xFF, 0xFF, 0xFF,
  0xFF, 0xFF, 0xFF, 0xFF, 0xFF, 0xFF, 0xFF, 0xFF, 0xFF, 0xFF, 0xFF, 0xFF,
  0xFF, 0xFF, 0xFF, 0xFF,
  0xFF, 0xFF, 0xFF, 0xFF, 0xFF, 0xFF, 0xFF, 0xFF, 0xFF, 0xFF, 0xFF, 0xFF,
  0xFF, 0xFF, 0xFF, 0xFF,
  0xFF, 0xFF, 0xFF, 0xFF, 0xFF, 0xFF, 0xFF, 0xFF, 0xFF, 0xFF, 0xFF, 0xFF,
  0xFF, 0xFF, 0xFF, 0xFF,
  0xFF, 0xFF, 0xFF, 0xFF, 0xFF, 0xFF, 0xFF, 0x80, 0x1F, 0xFF, 0xF1, 0xFF,
  0xFF, 0x1F, 0xFF, 0xF1,
  0xFF, 0xFF, 0x1F, 0xFF, 0xF1, 0xFF, 0xFF, 0x1F, 0xFF, 0xF1, 0xFF, 0xFF,
  0x1F, 0xFF, 0xF1, 0xFF,
  0xFF, 0x1F, 0xFF, 0xF1, 0xFF, 0xFF, 0x1F, 0xFF, 0xF1, 0xFF, 0xFF, 0x00,
  0x00, 0x00, 0x00, 0x00,
  0x00, 0x00, 0x00, 0x00, 0x00, 0x00, 0x00, 0x01, 0xFF, 0xFF, 0x1F, 0xFF,
  0xF1, 0xFF, 0xFF, 0x1F,
  0xFF, 0xF1, 0xFF, 0xFF, 0x1F, 0xFF, 0xF1, 0xFF, 0xFF, 0x1F, 0xFF, 0xF1,
  0xFF, 0xFF, 0x1F, 0xFF,
  0xF1, 0xFF, 0xFF, 0x1F, 0xFF, 0xF1, 0xFF, 0xFF, 0x1F, 0xFF, 0xF1, 0xFF,
  0xFF, 0x1F, 0xFF, 0xF1,
  0xFF, 0xFF, 0x1F, 0xFF, 0xF1, 0xFF, 0xFF, 0x1F, 0xFF, 0xF1, 0xFF, 0xFF,
  0x1F, 0xFF, 0xF1, 0xFF,
  0xFF, 0x1F, 0xFF, 0xF1, 0xFF, 0xFF, 0x1F, 0xFF, 0xF1, 0xFF, 0xFF, 0x1F,
  0xFF, 0xF1, 0xFF, 0xFF,
  0x1F, 0xFF, 0xF1, 0xFF, 0xFF, 0x1F, 0xFF, 0xF1, 0xFF, 0xFF, 0x1F, 0xFF,
  0xF1, 0xFF, 0xFF, 0x1F,
  0xFF, 0xF1, 0xFF, 0xFF, 0x1F, 0xFF, 0xF1, 0xFF, 0xFF, 0x1F, 0xFF, 0xF1,
  0xFF, 0xFF, 0x1F, 0xFF,
  0xF1, 0xFF, 0xFF, 0x1F, 0xFF, 0xF1, 0xFF, 0xFF, 0x1F, 0xFF, 0xF1, 0xFF,
  0xFF, 0x1F, 0xFF, 0xF1,
  0xFF, 0xFF, 0x1F, 0xFF, 0xF1, 0xFF, 0xFF, 0x1F, 0xFF, 0xF1, 0xFF, 0xFF,
  0x1F, 0xFF, 0xF1, 0xFF,
  0xFF, 0x1F, 0xFF, 0xF1, 0xFF, 0xFF, 0x1F, 0xFF, 0xF1, 0xFF, 0xFF, 0x1F,
  0xFF, 0xF1, 0xFF, 0xFF,
  0x1F, 0xFF, 0xF1, 0xFF, 0xFF, 0x1F, 0xFF, 0xF1, 0xFF, 0xFF, 0x1F, 0xFF,
  0xF1, 0xFF, 0xFF, 0x1F,
  0xFF, 0xF1, 0xFF, 0xFF, 0x1F, 0xFF, 0xFF, 0xFF, 0xFF, 0xFF, 0xFF, 0xEF,
  0xFF, 0xFE, 0xFF, 0xFF,
  0xEF, 0xFF, 0xFE, 0xFF, 0xFF, 0xCF, 0xFF, 0xFC, 0xFF, 0xFF, 0x8F, 0xFF,
  0xF0, 0xFF, 0xFE, 0x0F,
  0xFF, 0xC0, 0x7F, 0xE0, 0x00, 0xFF, 0xFF, 0x80, 0x00, 0x00, 0x07, 0xFF,
  0xFC, 0x00, 0x00, 0x00,
  0x3F, 0xFF, 0xE0, 0x00, 0x00, 0x01, 0xFF, 0xFF, 0x00, 0x00, 0x00, 0x0F,
  0xFF, 0xF8, 0x00, 0x00,
  0x00, 0x7F, 0xFF, 0xC0, 0x00, 0x00, 0x03, 0xFF, 0xFE, 0x00, 0x00, 0x00,
  0x1F, 0xFF, 0xF0, 0x00,
  0x00, 0x00, 0xFF, 0xFF, 0x80, 0x00, 0x00, 0x07, 0xFF, 0xFC, 0x00, 0x00,
  0x00, 0x3F, 0xFF, 0xE0,
  0x00, 0x00, 0x01, 0xFF, 0xFF, 0x00, 0x00, 0x00, 0x0F, 0xFF, 0xF8, 0x07,
  0xFF, 0xFC, 0x7F, 0xFF,
  0xC0, 0x3F, 0xFF, 0xE3, 0xFF, 0xFE, 0x03, 0xFF, 0xFF, 0x1F, 0xFF, 0xF0,
  0x1F, 0xFF, 0xF0, 0xFF,
  0xFF, 0x80, 0xFF, 0xFF, 0x87, 0xFF, 0xFC, 0x0F, 0xFF, 0xFC, 0x3F, 0xFF,
  0xE0, 0x7F, 0xFF, 0xC1,
  0xFF, 0xFF, 0x03, 0xFF, 0xFE, 0x0F, 0xFF, 0xF8, 0x3F, 0xFF, 0xF0, 0x7F,
  0xFF, 0xC1, 0xFF, 0xFF,
  0x03, 0xFF, 0xFE, 0x0F, 0xFF, 0xF8, 0x1F, 0xFF, 0xF0, 0xFF, 0xFF, 0xC0,
  0xFF, 0xFF, 0x87, 0xFF,
  0xFC, 0x07, 0xFF, 0xFC, 0x3F, 0xFF, 0xE0, 0x3F, 0xFF, 0xE3, 0xFF, 0xFE,
  0x01, 0xFF, 0xFF, 0x1F,
  0xFF, 0xF0, 0x0F, 0xFF, 0xF8, 0xFF, 0xFF, 0x80, 0x7F, 0xFF, 0xCF, 0xFF,
  0xF8, 0x03, 0xFF, 0xFE,
  0x7F, 0xFF, 0xC0, 0x1F, 0xFF, 0xF3, 0xFF, 0xFE, 0x00, 0xFF, 0xFF, 0xBF,
  0xFF, 0xE0, 0x07, 0xFF,
  0xFD, 0xFF, 0xFF, 0x00, 0x3F, 0xFF, 0xEF, 0xFF, 0xF8, 0x01, 0xFF, 0xFF,
  0xFF, 0xFF, 0x80, 0x0F,
  0xFF, 0xFF, 0xFF, 0xFC, 0x00, 0x7F, 0xFF, 0xFF, 0xFF, 0xE0, 0x03, 0xFF,
  0xFF, 0xFF, 0xFE, 0x00,
  0x1F, 0xFF, 0xFF, 0xFF, 0xF0, 0x00, 0xFF, 0xFF, 0xFF, 0xFF, 0x80, 0x07,
  0xFF, 0xFF, 0xFF, 0xF8,
  0x00, 0x3F, 0xFF, 0xFF, 0xFF, 0xC0, 0x01, 0xFF, 0xFF, 0xFF, 0xFE, 0x00,
  0x0F, 0xFF, 0xFF, 0xFF,
  0xF0, 0x00, 0x7F, 0xFF, 0xFF, 0xFF, 0xC0, 0x03, 0xFF, 0xFF, 0xFF, 0xFE,
  0x00, 0x1F, 0xFF, 0xFF,
  0xFF, 0xF0, 0x00, 0xFF, 0xFF, 0xFF, 0xFF, 0xC0, 0x07, 0xFF, 0xFF, 0xFF,
  0xFE, 0x00, 0x3F, 0xFF,
  0xFF, 0xFF, 0xF0, 0x01, 0xFF, 0xFF, 0x7F, 0xFF, 0xC0, 0x0F, 0xFF, 0xFB,
  0xFF, 0xFE, 0x00, 0x7F,
  0xFF, 0xDF, 0xFF, 0xF8, 0x03, 0xFF, 0xFE, 0x7F, 0xFF, 0xC0, 0x1F, 0xFF,
  0xF3, 0xFF, 0xFE, 0x00,
  0xFF, 0xFF, 0x9F, 0xFF, 0xF8, 0x07, 0xFF, 0xFC, 0x7F, 0xFF, 0xC0, 0x3F,
  0xFF, 0xE3, 0xFF, 0xFE,
  0x01, 0xFF, 0xFF, 0x1F, 0xFF, 0xF8, 0x0F, 0xFF, 0xF8, 0x7F, 0xFF, 0xC0,
  0x7F, 0xFF, 0xC3, 0xFF,
  0xFE, 0x03, 0xFF, 0xFE, 0x1F, 0xFF, 0xF8, 0x1F, 0xFF, 0xF0, 0xFF, 0xFF,
  0xC0, 0xFF, 0xFF, 0x83,
  0xFF, 0xFE, 0x07, 0xFF, 0xFC, 0x1F, 0xFF, 0xF8, 0x3F, 0xFF, 0xE0, 0xFF,
  0xFF, 0xC1, 0xFF, 0xFF,
  0x03, 0xFF, 0xFE, 0x0F, 0xFF, 0xF8, 0x1F, 0xFF, 0xF8, 0x7F, 0xFF, 0xC0,
  0xFF, 0xFF, 0xC3, 0xFF,
  0xFE, 0x03, 0xFF, 0xFE, 0x1F, 0xFF, 0xF0, 0x1F, 0xFF, 0xF8, 0xFF, 0xFF,
  0x80, 0xFF, 0xFF, 0xC7,
  0xFF, 0xFC, 0x03, 0xFF, 0xFE, 0x3F, 0xFF, 0xE0, 0x1F, 0xFF, 0xF9, 0xFF,
  0xFF, 0x00, 0xFF, 0xFF,
  0xCF, 0xFF, 0xF8, 0x03, 0xFF, 0xFE, 0x7F, 0xFF, 0xC0, 0x1F, 0xFF, 0xFB,
  0xFF, 0xFE, 0x00, 0xFF,
  0xFF, 0xDF, 0xFF, 0xF0, 0x03, 0xFF, 0xFE, 0xFF, 0xFF, 0x80, 0x1F, 0xFF,
  0xFF, 0xFF, 0xFC, 0x00,
  0xFF, 0xFF, 0xC0, 0xFF, 0xFF, 0xFF, 0xFF, 0xFF, 0xFF, 0xFF, 0xFF, 0xFF,
  0xFF, 0xFF, 0xFF, 0xFF,
  0xFF, 0xFF, 0xFF, 0xFF, 0xFF, 0xFF, 0xFF, 0xFF, 0xFF, 0xFF, 0xFF, 0xFF,
  0xFF, 0xFF, 0xFF, 0xFF,
  0xFF, 0xFF, 0xFF, 0xFF, 0xFF, 0xFF, 0xFF, 0xFF, 0xFF, 0xFF, 0xFF, 0xFF,
  0xFF, 0xFF, 0xFF, 0xFF,
  0xFF, 0xFF, 0xFF, 0xFF, 0xFF, 0xFF, 0xFF, 0xFF, 0xFF, 0xFF, 0xFF, 0xFF,
  0xFF, 0xFF, 0xFF, 0xFF,
  0xFF, 0xFF, 0xFF, 0xFF, 0xFF, 0xFF, 0xFF, 0xFF, 0xFF, 0xFF, 0xFF, 0xFF,
  0xFF, 0xFF, 0xFF, 0xFF,
  0xFF, 0xFF, 0xFF, 0xFF, 0xFF, 0xFF, 0xFF, 0xFF, 0xFF, 0xFF, 0xFF, 0xFF,
  0xFF, 0xFF, 0xFF, 0xFF,
  0xFF, 0xFF, 0xFF, 0xFF, 0xFF, 0xFF, 0xFF, 0xFF, 0xFF, 0xFF, 0xFF, 0xFF,
  0xFF, 0xFF, 0xFF, 0xFF,
  0xFF, 0xFF, 0xFF, 0xFF, 0xFF, 0xFF, 0xFF, 0xFF, 0xFF, 0xFF, 0xFF, 0xFF,
  0xFF, 0xFF, 0xFF, 0xFF,
  0xFF, 0xFF, 0xFF, 0xFF, 0xFF, 0xFF, 0xFF, 0xFF, 0xFF, 0xFF, 0xFF, 0xFF,
  0xFF, 0xFF, 0xFF, 0xFF,
  0xFF, 0xFF, 0xFF, 0xFF, 0xFF, 0xFF, 0xFF, 0xFF, 0xFF, 0xFF, 0xFF, 0xFF,
  0xFF, 0xFF, 0xFF, 0xFF,
  0xFF, 0xFF, 0xFF, 0xFF, 0xFF, 0xFF, 0xFF, 0xFF, 0xFF, 0xFF, 0xFF, 0xFF,
  0xFF, 0xFF, 0xFF, 0xFF,
  0xFF, 0xC0, 0x00, 0x00, 0x00, 0xFF, 0x80, 0x00, 0xFF, 0x80, 0x1F, 0xFF,
  0xF0, 0x7F, 0xFC, 0x00,
  0xFF, 0xFC, 0x03, 0xFF, 0xFE, 0x3F, 0xFF, 0xC0, 0x3F, 0xFF, 0xE0, 0x7F,
  0xFF, 0xC7, 0xFF, 0xFE,
  0x0F, 0xFF, 0xFE, 0x0F, 0xFF, 0xF9, 0xFF, 0xFF, 0xC3, 0xFF, 0xFF, 0xE1,
  0xFF, 0xFF, 0x7F, 0xFF,
  0xFC, 0xFF, 0xFF, 0xFE, 0x3F, 0xFF, 0xEF, 0xFF, 0xFF, 0xFF, 0xFF, 0xFF,
  0xC7, 0xFF, 0xFF, 0xFF,
  0xFF, 0xFF, 0xFF, 0xFF, 0xFC, 0xFF, 0xFF, 0xFF, 0xFF, 0xFF, 0xFF, 0xFF,
  0xFF, 0x9F, 0xFF, 0xFF,
  0xFF, 0xFF, 0xFF, 0xFF, 0xFF, 0xF3, 0xFF, 0xFF, 0xFF, 0xFF, 0xFF, 0xFF,
  0xFF, 0xFF, 0x7F, 0xFF,
  0xFF, 0xFF, 0xFF, 0xFF, 0xFF, 0xFF, 0xEF, 0xFF, 0xFF, 0xFF, 0xFF, 0xFF,
  0xFF, 0xFF, 0xFD, 0xFF,
  0xFF, 0xE1, 0xFF, 0xFF, 0xE1, 0xFF, 0xFF, 0xBF, 0xFF, 0xF8, 0x3F, 0xFF,
  0xF8, 0x1F, 0xFF, 0xF7,
  0xFF, 0xFE, 0x03, 0xFF, 0xFF, 0x03, 0xFF, 0xFE, 0xFF, 0xFF, 0xC0, 0x7F,
  0xFF, 0xC0, 0x3F, 0xFF,
  0xFF, 0xFF, 0xF8, 0x0F, 0xFF, 0xF8, 0x07, 0xFF, 0xFF, 0xFF, 0xFE, 0x01,
  0xFF, 0xFF, 0x00, 0xFF,
  0xFF, 0xFF, 0xFF, 0xC0, 0x3F, 0xFF, 0xE0, 0x1F, 0xFF, 0xFF, 0xFF, 0xF8,
  0x07, 0xFF, 0xFC, 0x03,
  0xFF, 0xFF, 0xFF, 0xFF, 0x00, 0xFF, 0xFF, 0x80, 0x7F, 0xFF, 0xFF, 0xFF,
  0xE0, 0x1F, 0xFF, 0xF0,
  0x0F, 0xFF, 0xFF, 0xFF, 0xFC, 0x03, 0xFF, 0xFE, 0x01, 0xFF, 0xFF, 0xFF,
  0xFF, 0x80, 0x7F, 0xFF,
  0xC0, 0x3F, 0xFF, 0xFF, 0xFF, 0xF0, 0x0F, 0xFF, 0xF8, 0x07, 0xFF, 0xFF,
  0xFF, 0xFE, 0x01, 0xFF,
  0xFF, 0x00, 0xFF, 0xFF, 0xFF, 0xFF, 0xC0, 0x3F, 0xFF, 0xE0, 0x1F, 0xFF,
  0xFF, 0xFF, 0xF8, 0x07,
  0xFF, 0xFC, 0x03, 0xFF, 0xFF, 0xFF, 0xFF, 0x00, 0xFF, 0xFF, 0x80, 0x7F,
  0xFF, 0xFF, 0xFF, 0xE0,
  0x1F, 0xFF, 0xF0, 0x0F, 0xFF, 0xFF, 0xFF, 0xFC, 0x03, 0xFF, 0xFE, 0x01,
  0xFF, 0xFF, 0xFF, 0xFF,
  0x80, 0x7F, 0xFF, 0xC0, 0x3F, 0xFF, 0xFF, 0xFF, 0xF0, 0x0F, 0xFF, 0xF8,
  0x07, 0xFF, 0xFF, 0xFF,
  0xFE, 0x01, 0xFF, 0xFF, 0x00, 0xFF, 0xFF, 0xFF, 0xFF, 0xC0, 0x3F, 0xFF,
  0xE0, 0x1F, 0xFF, 0xFF,
  0xFF, 0xF8, 0x07, 0xFF, 0xFC, 0x03, 0xFF, 0xFF, 0xFF, 0xFF, 0x00, 0xFF,
  0xFF, 0x80, 0x7F, 0xFF,
  0xFF, 0xFF, 0xE0, 0x1F, 0xFF, 0xF0, 0x0F, 0xFF, 0xFF, 0xFF, 0xFC, 0x03,
  0xFF, 0xFE, 0x01, 0xFF,
  0xFF, 0xFF, 0xFF, 0x80, 0x7F, 0xFF, 0xC0, 0x3F, 0xFF, 0xFF, 0xFF, 0xF0,
  0x0F, 0xFF, 0xF8, 0x07,
  0xFF, 0xFF, 0xFF, 0xFE, 0x01, 0xFF, 0xFF, 0x00, 0xFF, 0xFF, 0xFF, 0xFF,
  0xC0, 0x3F, 0xFF, 0xE0,
  0x1F, 0xFF, 0xFF, 0xFF, 0xF8, 0x07, 0xFF, 0xFC, 0x03, 0xFF, 0xFF, 0xFF,
  0xFF, 0x00, 0xFF, 0xFF,
  0x80, 0x7F, 0xFF, 0xFF, 0xFF, 0xE0, 0x1F, 0xFF, 0xF0, 0x0F, 0xFF, 0xFF,
  0xFF, 0xFC, 0x03, 0xFF,
  0xFE, 0x01, 0xFF, 0xFF, 0xFF, 0xFF, 0x80, 0x7F, 0xFF, 0xC0, 0x3F, 0xFF,
  0xFF, 0xFF, 0xF0, 0x0F,
  0xFF, 0xF8, 0x07, 0xFF, 0xFF, 0xFF, 0xFE, 0x01, 0xFF, 0xFF, 0x00, 0xFF,
  0xFF, 0xFF, 0xFF, 0xC0,
  0x3F, 0xFF, 0xE0, 0x1F, 0xFF, 0xFF, 0xFF, 0xF8, 0x07, 0xFF, 0xFC, 0x03,
  0xFF, 0xFF, 0xFF, 0xFF,
  0x00, 0xFF, 0xFF, 0x80, 0x7F, 0xFF, 0xFF, 0xFF, 0xE0, 0x1F, 0xFF, 0xF0,
  0x0F, 0xFF, 0xFF, 0xFF,
  0xFC, 0x03, 0xFF, 0xFE, 0x01, 0xFF, 0xFF, 0xFF, 0xFF, 0x80, 0x7F, 0xFF,
  0xC0, 0x3F, 0xFF, 0xFF,
  0xFF, 0xF0, 0x0F, 0xFF, 0xF8, 0x07, 0xFF, 0xFF, 0xFF, 0xFE, 0x01, 0xFF,
  0xFF, 0x00, 0xFF, 0xFF,
  0xFF, 0xFF, 0xC0, 0x3F, 0xFF, 0xE0, 0x1F, 0xFF, 0xFF, 0xFF, 0xF8, 0x07,
  0xFF, 0xFC, 0x03, 0xFF,
  0xFF, 0xFF, 0xFF, 0x00, 0xFF, 0xFF, 0x80, 0x7F, 0xFF, 0xFF, 0xFF, 0xE0,
  0x1F, 0xFF, 0xF0, 0x0F,
  0xFF, 0xFF, 0xFF, 0xFC, 0x03, 0xFF, 0xFE, 0x01, 0xFF, 0xFF, 0xFF, 0xFF,
  0x80, 0x7F, 0xFF, 0xC0,
  0x3F, 0xFF, 0xFF, 0xFF, 0xF0, 0x0F, 0xFF, 0xF8, 0x07, 0xFF, 0xFF, 0xFF,
  0xFE, 0x01, 0xFF, 0xFF,
  0x00, 0xFF, 0xFF, 0xFF, 0xFF, 0xC0, 0x3F, 0xFF, 0xE0, 0x1F, 0xFF, 0xFF,
  0xFF, 0xF8, 0x07, 0xFF,
  0xFC, 0x03, 0xFF, 0xFF, 0xFF, 0xFF, 0x00, 0xFF, 0xFF, 0x80, 0x7F, 0xFF,
  0xFF, 0xFF, 0xE0, 0x1F,
  0xFF, 0xF0, 0x0F, 0xFF, 0xF8, 0x00, 0x00, 0x00, 0xFF, 0x00, 0x3F, 0xFF,
  0xE0, 0xFF, 0xF8, 0x0F,
  0xFF, 0xF8, 0x7F, 0xFF, 0x03, 0xFF, 0xFE, 0x3F, 0xFF, 0xF0, 0xFF, 0xFF,
  0x9F, 0xFF, 0xFC, 0x3F,
  0xFF, 0xE7, 0xFF, 0xFF, 0x8F, 0xFF, 0xFB, 0xFF, 0xFF, 0xF3, 0xFF, 0xFE,
  0xFF, 0xFF, 0xFC, 0xFF,
  0xFF, 0xBF, 0xFF, 0xFF, 0x3F, 0xFF, 0xFF, 0xFF, 0xFF, 0xEF, 0xFF, 0xFF,
  0xFF, 0xFF, 0xFB, 0xFF,
  0xFF, 0xFF, 0xFF, 0xFE, 0xFF, 0xFF, 0xFF, 0xFF, 0xFF, 0xBF, 0xFF, 0xFC,
  0x7F, 0xFF, 0xFF, 0xFF,
  0xFE, 0x0F, 0xFF, 0xFF, 0xFF, 0xFF, 0x01, 0xFF, 0xFF, 0xFF, 0xFF, 0xC0,
  0x7F, 0xFF, 0xFF, 0xFF,
  0xE0, 0x1F, 0xFF, 0xFF, 0xFF, 0xF8, 0x07, 0xFF, 0xFF, 0xFF, 0xFE, 0x01,
  0xFF, 0xFF, 0xFF, 0xFF,
  0x80, 0x7F, 0xFF, 0xFF, 0xFF, 0xE0, 0x1F, 0xFF, 0xFF, 0xFF, 0xF8, 0x07,
  0xFF, 0xFF, 0xFF, 0xFE,
  0x01, 0xFF, 0xFF, 0xFF, 0xFF, 0x80, 0x7F, 0xFF, 0xFF, 0xFF, 0xE0, 0x1F,
  0xFF, 0xFF, 0xFF, 0xF8,
  0x07, 0xFF, 0xFF, 0xFF, 0xFE, 0x01, 0xFF, 0xFF, 0xFF, 0xFF, 0x80, 0x7F,
  0xFF, 0xFF, 0xFF, 0xE0,
  0x1F, 0xFF, 0xFF, 0xFF, 0xF8, 0x07, 0xFF, 0xFF, 0xFF, 0xFE, 0x01, 0xFF,
  0xFF, 0xFF, 0xFF, 0x80,
  0x7F, 0xFF, 0xFF, 0xFF, 0xE0, 0x1F, 0xFF, 0xFF, 0xFF, 0xF8, 0x07, 0xFF,
  0xFF, 0xFF, 0xFE, 0x01,
  0xFF, 0xFF, 0xFF, 0xFF, 0x80, 0x7F, 0xFF, 0xFF, 0xFF, 0xE0, 0x1F, 0xFF,
  0xFF, 0xFF, 0xF8, 0x07,
  0xFF, 0xFF, 0xFF, 0xFE, 0x01, 0xFF, 0xFF, 0xFF, 0xFF, 0x80, 0x7F, 0xFF,
  0xFF, 0xFF, 0xE0, 0x1F,
  0xFF, 0xFF, 0xFF, 0xF8, 0x07, 0xFF, 0xFF, 0xFF, 0xFE, 0x01, 0xFF, 0xFF,
  0xFF, 0xFF, 0x80, 0x7F,
  0xFF, 0xFF, 0xFF, 0xE0, 0x1F, 0xFF, 0xFF, 0xFF, 0xF8, 0x07, 0xFF, 0xFF,
  0xFF, 0xFE, 0x01, 0xFF,
  0xFF, 0xFF, 0xFF, 0x80, 0x7F, 0xFF, 0xFF, 0xFF, 0xE0, 0x1F, 0xFF, 0xFF,
  0xFF, 0xF8, 0x07, 0xFF,
  0xFF, 0xFF, 0xFE, 0x01, 0xFF, 0xFF, 0xFF, 0xFF, 0x80, 0x7F, 0xFF, 0xFF,
  0xFF, 0xE0, 0x1F, 0xFF,
  0xFF, 0xFF, 0xF8, 0x07, 0xFF, 0xFF, 0xFF, 0xFE, 0x01, 0xFF, 0xFF, 0xFF,
  0xFF, 0x80, 0x7F, 0xFF,
  0xFF, 0xFF, 0xE0, 0x1F, 0xFF, 0xFF, 0xFF, 0xF8, 0x07, 0xFF, 0xFF, 0xFF,
  0xFE, 0x01, 0xFF, 0xFF,
  0xFF, 0xFF, 0x80, 0x7F, 0xFF, 0xFF, 0xFF, 0xE0, 0x1F, 0xFF, 0xFF, 0xFF,
  0xF8, 0x07, 0xFF, 0xFF,
  0xFF, 0xFE, 0x01, 0xFF, 0xFF, 0xFF, 0xFF, 0x80, 0x7F, 0xFF, 0xFF, 0xFF,
  0xE0, 0x1F, 0xFF, 0xFF,
  0xFF, 0xF8, 0x07, 0xFF, 0xFF, 0xFF, 0xFE, 0x01, 0xFF, 0xFF, 0xFF, 0xFF,
  0x80, 0x7F, 0xFF, 0xFF,
  0xFF, 0xE0, 0x1F, 0xFF, 0xFF, 0xFF, 0xF8, 0x07, 0xFF, 0xFC, 0x00, 0x01,
  0xFF, 0xC0, 0x00, 0x00,
  0x03, 0xFF, 0xFF, 0x00, 0x00, 0x03, 0xFF, 0xFF, 0xF0, 0x00, 0x03, 0xFF,
  0xFF, 0xFE, 0x00, 0x01,
  0xFF, 0xFF, 0xFF, 0xE0, 0x00, 0xFF, 0xFF, 0xFF, 0xFC, 0x00, 0x7F, 0xFF,
  0xFF, 0xFF, 0x80, 0x3F,
  0xFF, 0xFF, 0xFF, 0xF0, 0x1F, 0xFF, 0xFF, 0xFF, 0xFC, 0x07, 0xFF, 0xFF,
  0xFF, 0xFF, 0x83, 0xFF,
  0xFF, 0xFF, 0xFF, 0xE0, 0xFF, 0xFF, 0xFF, 0xFF, 0xFC, 0x7F, 0xFF, 0xFF,
  0xFF, 0xFF, 0x1F, 0xFF,
  0xF8, 0x7F, 0xFF, 0xE7, 0xFF, 0xFC, 0x0F, 0xFF, 0xFB, 0xFF, 0xFE, 0x03,
  0xFF, 0xFE, 0xFF, 0xFF,
  0x80, 0xFF, 0xFF, 0xBF, 0xFF, 0xE0, 0x1F, 0xFF, 0xFF, 0xFF, 0xF8, 0x07,
  0xFF, 0xFF, 0xFF, 0xFE,
  0x01, 0xFF, 0xFF, 0xFF, 0xFF, 0x80, 0x7F, 0xFF, 0xFF, 0xFF, 0xE0, 0x1F,
  0xFF, 0xFF, 0xFF, 0xF8,
  0x07, 0xFF, 0xFF, 0xFF, 0xFE, 0x01, 0xFF, 0xFF, 0xFF, 0xFF, 0x80, 0x7F,
  0xFF, 0xFF, 0xFF, 0xE0,
  0x1F, 0xFF, 0xFF, 0xFF, 0xF8, 0x07, 0xFF, 0xFF, 0xFF, 0xFE, 0x01, 0xFF,
  0xFF, 0xFF, 0xFF, 0x80,
  0x7F, 0xFF, 0xFF, 0xFF, 0xE0, 0x1F, 0xFF, 0xFF, 0xFF, 0xF8, 0x07, 0xFF,
  0xFF, 0xFF, 0xFE, 0x01,
  0xFF, 0xFF, 0xFF, 0xFF, 0x80, 0x7F, 0xFF, 0xFF, 0xFF, 0xE0, 0x1F, 0xFF,
  0xFF, 0xFF, 0xF8, 0x07,
  0xFF, 0xFF, 0xFF, 0xFE, 0x01, 0xFF, 0xFF, 0xFF, 0xFF, 0x80, 0x7F, 0xFF,
  0xFF, 0xFF, 0xE0, 0x1F,
  0xFF, 0xFF, 0xFF, 0xF8, 0x07, 0xFF, 0xFF, 0xFF, 0xFE, 0x01, 0xFF, 0xFF,
  0xFF, 0xFF, 0x80, 0x7F,
  0xFF, 0xFF, 0xFF, 0xE0, 0x1F, 0xFF, 0xFF, 0xFF, 0xF8, 0x07, 0xFF, 0xFF,
  0xFF, 0xFE, 0x01, 0xFF,
  0xFF, 0xFF, 0xFF, 0x80, 0x7F, 0xFF, 0xFF, 0xFF, 0xE0, 0x1F, 0xFF, 0xFF,
  0xFF, 0xF8, 0x07, 0xFF,
  0xFF, 0xFF, 0xFE, 0x01, 0xFF, 0xFF, 0xFF, 0xFF, 0x80, 0x7F, 0xFF, 0xFF,
  0xFF, 0xE0, 0x1F, 0xFF,
  0xFF, 0xFF, 0xF8, 0x07, 0xFF, 0xFF, 0xFF, 0xFE, 0x01, 0xFF, 0xFF, 0xFF,
  0xFF, 0x80, 0x7F, 0xFF,
  0xFF, 0xFF, 0xE0, 0x1F, 0xFF, 0xFF, 0xFF, 0xF8, 0x07, 0xFF, 0xFF, 0xFF,
  0xFE, 0x01, 0xFF, 0xFE,
  0xFF, 0xFF, 0x80, 0xFF, 0xFF, 0x9F, 0xFF, 0xF0, 0x3F, 0xFF, 0xE7, 0xFF,
  0xFE, 0x1F, 0xFF, 0xF9,
  0xFF, 0xFF, 0xFF, 0xFF, 0xFE, 0x7F, 0xFF, 0xFF, 0xFF, 0xFF, 0x0F, 0xFF,
  0xFF, 0xFF, 0xFF, 0xC3,
  0xFF, 0xFF, 0xFF, 0xFF, 0xE0, 0x7F, 0xFF, 0xFF, 0xFF, 0xF8, 0x1F, 0xFF,
  0xFF, 0xFF, 0xFC, 0x03,
  0xFF, 0xFF, 0xFF, 0xFE, 0x00, 0x7F, 0xFF, 0xFF, 0xFF, 0x80, 0x0F, 0xFF,
  0xFF, 0xFF, 0xC0, 0x01,
  0xFF, 0xFF, 0xFF, 0xC0, 0x00, 0x1F, 0xFF, 0xFF, 0xE0, 0x00, 0x01, 0xFF,
  0xFF, 0xE0, 0x00, 0x00,
  0x07, 0xFF, 0x80, 0x00, 0x00, 0x00, 0x00, 0x7F, 0xC0, 0x3F, 0xFF, 0xE0,
  0x7F, 0xFC, 0x0F, 0xFF,
  0xF8, 0x7F, 0xFF, 0x83, 0xFF, 0xFE, 0x3F, 0xFF, 0xF0, 0xFF, 0xFF, 0x8F,
  0xFF, 0xFE, 0x3F, 0xFF,
  0xE7, 0xFF, 0xFF, 0xCF, 0xFF, 0xFB, 0xFF, 0xFF, 0xF3, 0xFF, 0xFE, 0xFF,
  0xFF, 0xFC, 0xFF, 0xFF,
  0xFF, 0xFF, 0xFF, 0xBF, 0xFF, 0xFF, 0xFF, 0xFF, 0xEF, 0xFF, 0xFF, 0xFF,
  0xFF, 0xFB, 0xFF, 0xFF,
  0xFF, 0xFF, 0xFF, 0xFF, 0xFF, 0xFF, 0xFF, 0xFF, 0xFF, 0xFF, 0xFC, 0xFF,
  0xFF, 0xFF, 0xFF, 0xFE,
  0x0F, 0xFF, 0xFF, 0xFF, 0xFF, 0x03, 0xFF, 0xFF, 0xFF, 0xFF, 0xC0, 0x7F,
  0xFF, 0xFF, 0xFF, 0xF0,
  0x1F, 0xFF, 0xFF, 0xFF, 0xFC, 0x07, 0xFF, 0xFF, 0xFF, 0xFF, 0x01, 0xFF,
  0xFF, 0xFF, 0xFF, 0x80,
  0x7F, 0xFF, 0xFF, 0xFF, 0xE0, 0x1F, 0xFF, 0xFF, 0xFF, 0xF8, 0x07, 0xFF,
  0xFF, 0xFF, 0xFE, 0x01,
  0xFF, 0xFF, 0xFF, 0xFF, 0x80, 0x7F, 0xFF, 0xFF, 0xFF, 0xE0, 0x1F, 0xFF,
  0xFF, 0xFF, 0xF8, 0x07,
  0xFF, 0xFF, 0xFF, 0xFE, 0x01, 0xFF, 0xFF, 0xFF, 0xFF, 0x80, 0x7F, 0xFF,
  0xFF, 0xFF, 0xE0, 0x1F,
  0xFF, 0xFF, 0xFF, 0xF8, 0x07, 0xFF, 0xFF, 0xFF, 0xFE, 0x01, 0xFF, 0xFF,
  0xFF, 0xFF, 0x80, 0x7F,
  0xFF, 0xFF, 0xFF, 0xE0, 0x1F, 0xFF, 0xFF, 0xFF, 0xF8, 0x07, 0xFF, 0xFF,
  0xFF, 0xFE, 0x01, 0xFF,
  0xFF, 0xFF, 0xFF, 0x80, 0x7F, 0xFF, 0xFF, 0xFF, 0xE0, 0x1F, 0xFF, 0xFF,
  0xFF, 0xF8, 0x07, 0xFF,
  0xFF, 0xFF, 0xFE, 0x01, 0xFF, 0xFF, 0xFF, 0xFF, 0x80, 0x7F, 0xFF, 0xFF,
  0xFF, 0xE0, 0x1F, 0xFF,
  0xFF, 0xFF, 0xF8, 0x07, 0xFF, 0xFF, 0xFF, 0xFE, 0x01, 0xFF, 0xFF, 0xFF,
  0xFF, 0x80, 0x7F, 0xFF,
  0xFF, 0xFF, 0xE0, 0x1F, 0xFF, 0xFF, 0xFF, 0xF8, 0x07, 0xFF, 0xFF, 0xFF,
  0xFE, 0x01, 0xFF, 0xFF,
  0xFF, 0xFF, 0x80, 0x7F, 0xFF, 0xFF, 0xFF, 0xE0, 0x1F, 0xFF, 0xFF, 0xFF,
  0xF8, 0x07, 0xFF, 0xFF,
  0xFF, 0xFE, 0x01, 0xFF, 0xFF, 0xFF, 0xFF, 0xC0, 0x7F, 0xFF, 0xFF, 0xFF,
  0xF0, 0x1F, 0xFF, 0xFF,
  0xFF, 0xFC, 0x07, 0xFF, 0xFF, 0xFF, 0xFF, 0x01, 0xFF, 0xFF, 0xFF, 0xFF,
  0xC0, 0x7F, 0xFF, 0xFF,
  0xFF, 0xF0, 0x3F, 0xFF, 0xFF, 0xFF, 0xFE, 0x1F, 0xFF, 0xFF, 0xFF, 0xFF,
  0xFF, 0xFF, 0xFE, 0xFF,
  0xFF, 0xFF, 0xFF, 0xFF, 0xBF, 0xFF, 0xFF, 0xFF, 0xFF, 0xEF, 0xFF, 0xFF,
  0xFF, 0xFF, 0xFB, 0xFF,
  0xFF, 0xFF, 0xFF, 0xFC, 0xFF, 0xFF, 0xBF, 0xFF, 0xFF, 0x3F, 0xFF, 0xEF,
  0xFF, 0xFF, 0x8F, 0xFF,
  0xF9, 0xFF, 0xFF, 0xE3, 0xFF, 0xFE, 0x7F, 0xFF, 0xF0, 0xFF, 0xFF, 0x8F,
  0xFF, 0xF8, 0x3F, 0xFF,
  0xE1, 0xFF, 0xFC, 0x0F, 0xFF, 0xF8, 0x3F, 0xFC, 0x03, 0xFF, 0xFE, 0x03,
  0xFC, 0x00, 0xFF, 0xFF,
  0x80, 0x00, 0x00, 0x3F, 0xFF, 0xE0, 0x00, 0x00, 0x0F, 0xFF, 0xF8, 0x00,
  0x00, 0x03, 0xFF, 0xFE,
  0x00, 0x00, 0x00, 0xFF, 0xFF, 0x80, 0x00, 0x00, 0x3F, 0xFF, 0xE0, 0x00,
  0x00, 0x0F, 0xFF, 0xF8,
  0x00, 0x00, 0x03, 0xFF, 0xFE, 0x00, 0x00, 0x00, 0xFF, 0xFF, 0x80, 0x00,
  0x00, 0x3F, 0xFF, 0xE0,
  0x00, 0x00, 0x0F, 0xFF, 0xF8, 0x00, 0x00, 0x00, 0x00, 0x7F, 0x80, 0x00,
  0x00, 0x00, 0xFF, 0xF8,
  0x1F, 0xFF, 0xF0, 0x7F, 0xFF, 0x87, 0xFF, 0xFC, 0x3F, 0xFF, 0xF1, 0xFF,
  0xFF, 0x1F, 0xFF, 0xFE,
  0x7F, 0xFF, 0xC7, 0xFF, 0xFF, 0x9F, 0xFF, 0xF3, 0xFF, 0xFF, 0xF7, 0xFF,
  0xFC, 0xFF, 0xFF, 0xFD,
  0xFF, 0xFF, 0x7F, 0xFF, 0xFF, 0xFF, 0xFF, 0xDF, 0xFF, 0xFF, 0xFF, 0xFF,
  0xF7, 0xFF, 0xFF, 0xFF,
  0xFF, 0xFF, 0xFF, 0xFF, 0xFF, 0xFF, 0xFF, 0xFF, 0xFF, 0xFF, 0xFF, 0xFF,
  0xFF, 0xFF, 0xF8, 0xFF,
  0xFF, 0xFF, 0xFF, 0xFC, 0x1F, 0xFF, 0xFF, 0xFF, 0xFE, 0x03, 0xFF, 0xFF,
  0xFF, 0xFF, 0x80, 0xFF,
  0xFF, 0xFF, 0xFF, 0xE0, 0x3F, 0xFF, 0xFF, 0xFF, 0xF8, 0x0F, 0xFF, 0xFF,
  0xFF, 0xFE, 0x01, 0xFF,
  0xFF, 0xFF, 0xFF, 0x80, 0x7F, 0xFF, 0xFF, 0xFF, 0xE0, 0x1F, 0xFF, 0xFF,
  0xFF, 0xF8, 0x07, 0xFF,
  0xFF, 0xFF, 0xFE, 0x01, 0xFF, 0xFF, 0xFF, 0xFF, 0x80, 0x7F, 0xFF, 0xFF,
  0xFF, 0xE0, 0x1F, 0xFF,
  0xFF, 0xFF, 0xF8, 0x07, 0xFF, 0xFF, 0xFF, 0xFE, 0x01, 0xFF, 0xFF, 0xFF,
  0xFF, 0x80, 0x7F, 0xFF,
  0xFF, 0xFF, 0xE0, 0x1F, 0xFF, 0xFF, 0xFF, 0xF8, 0x07, 0xFF, 0xFF, 0xFF,
  0xFE, 0x01, 0xFF, 0xFF,
  0xFF, 0xFF, 0x80, 0x7F, 0xFF, 0xFF, 0xFF, 0xE0, 0x1F, 0xFF, 0xFF, 0xFF,
  0xF8, 0x07, 0xFF, 0xFF,
  0xFF, 0xFE, 0x01, 0xFF, 0xFF, 0xFF, 0xFF, 0x80, 0x7F, 0xFF, 0xFF, 0xFF,
  0xE0, 0x1F, 0xFF, 0xFF,
  0xFF, 0xF8, 0x07, 0xFF, 0xFF, 0xFF, 0xFE, 0x01, 0xFF, 0xFF, 0xFF, 0xFF,
  0x80, 0x7F, 0xFF, 0xFF,
  0xFF, 0xE0, 0x1F, 0xFF, 0xFF, 0xFF, 0xF8, 0x07, 0xFF, 0xFF, 0xFF, 0xFE,
  0x01, 0xFF, 0xFF, 0xFF,
  0xFF, 0x80, 0x7F, 0xFF, 0xFF, 0xFF, 0xE0, 0x1F, 0xFF, 0xFF, 0xFF, 0xF8,
  0x07, 0xFF, 0xFF, 0xFF,
  0xFE, 0x01, 0xFF, 0xFF, 0xFF, 0xFF, 0x80, 0x7F, 0xFF, 0xFF, 0xFF, 0xE0,
  0x1F, 0xFF, 0xFF, 0xFF,
  0xF8, 0x07, 0xFF, 0xFF, 0xFF, 0xFE, 0x01, 0xFF, 0xFF, 0xFF, 0xFF, 0x80,
  0x7F, 0xFF, 0xFF, 0xFF,
  0xE0, 0x3F, 0xFF, 0xFF, 0xFF, 0xF8, 0x0F, 0xFF, 0xFF, 0xFF, 0xFE, 0x03,
  0xFF, 0xFF, 0xFF, 0xFF,
  0x80, 0xFF, 0xFF, 0xFF, 0xFF, 0xF0, 0x7F, 0xFF, 0xFF, 0xFF, 0xFE, 0x3F,
  0xFF, 0xFD, 0xFF, 0xFF,
  0xFF, 0xFF, 0xFF, 0x7F, 0xFF, 0xFF, 0xFF, 0xFF, 0xDF, 0xFF, 0xFF, 0xFF,
  0xFF, 0xF7, 0xFF, 0xFF,
  0xFF, 0xFF, 0xFD, 0xFF, 0xFF, 0xFF, 0xFF, 0xFF, 0x3F, 0xFF, 0xFF, 0x7F,
  0xFF, 0xCF, 0xFF, 0xFF,
  0xDF, 0xFF, 0xF1, 0xFF, 0xFF, 0xE7, 0xFF, 0xFC, 0x7F, 0xFF, 0xF9, 0xFF,
  0xFF, 0x0F, 0xFF, 0xFC,
  0x7F, 0xFF, 0xC1, 0xFF, 0xFE, 0x1F, 0xFF, 0xF0, 0x1F, 0xFF, 0x07, 0xFF,
  0xFC, 0x00, 0xFF, 0x01,
  0xFF, 0xFF, 0x00, 0x00, 0x00, 0x7F, 0xFF, 0xC0, 0x00, 0x00, 0x1F, 0xFF,
  0xF0, 0x00, 0x00, 0x07,
  0xFF, 0xFC, 0x00, 0x00, 0x01, 0xFF, 0xFF, 0x00, 0x00, 0x00, 0x7F, 0xFF,
  0xC0, 0x00, 0x00, 0x1F,
  0xFF, 0xF0, 0x00, 0x00, 0x07, 0xFF, 0xFC, 0x00, 0x00, 0x01, 0xFF, 0xFF,
  0x00, 0x00, 0x00, 0x7F,
  0xFF, 0xC0, 0x00, 0x00, 0x1F, 0xFF, 0xF0, 0x00, 0x00, 0x07, 0xFF, 0xFC,
  0x00, 0x00, 0x00, 0x7F,
  0xFF, 0xFE, 0x07, 0xFF, 0xFF, 0xF8, 0x7F, 0xFF, 0xFF, 0xE3, 0xFF, 0xFF,
  0xFF, 0x8F, 0xFF, 0xFF,
  0xFE, 0x7F, 0xFF, 0xFF, 0xFB, 0xFF, 0xFF, 0xFF, 0xEF, 0xFF, 0xFF, 0xFF,
  0xBF, 0xFF, 0xFF, 0xFF,
  0xFF, 0xFF, 0xFF, 0xFF, 0xFF, 0xFF, 0xFF, 0xFF, 0xFF, 0xFF, 0xFF, 0xFF,
  0xFF, 0xFF, 0xFF, 0xFF,
  0xFF, 0xFF, 0xFF, 0xF0, 0x3F, 0xFF, 0xFC, 0x00, 0xFF, 0xFF, 0xC0, 0x03,
  0xFF, 0xFE, 0x00, 0x0F,
  0xFF, 0xF8, 0x00, 0x3F, 0xFF, 0xE0, 0x00, 0xFF, 0xFF, 0x80, 0x03, 0xFF,
  0xFE, 0x00, 0x0F, 0xFF,
  0xF8, 0x00, 0x3F, 0xFF, 0xE0, 0x00, 0xFF, 0xFF, 0x80, 0x03, 0xFF, 0xFE,
  0x00, 0x0F, 0xFF, 0xF8,
  0x00, 0x3F, 0xFF, 0xE0, 0x00, 0xFF, 0xFF, 0x80, 0x03, 0xFF, 0xFE, 0x00,
  0x0F, 0xFF, 0xF8, 0x00,
  0x3F, 0xFF, 0xE0, 0x00, 0xFF, 0xFF, 0x80, 0x03, 0xFF, 0xFE, 0x00, 0x0F,
  0xFF, 0xF8, 0x00, 0x3F,
  0xFF, 0xE0, 0x00, 0xFF, 0xFF, 0x80, 0x03, 0xFF, 0xFE, 0x00, 0x0F, 0xFF,
  0xF8, 0x00, 0x3F, 0xFF,
  0xE0, 0x00, 0xFF, 0xFF, 0x80, 0x03, 0xFF, 0xFE, 0x00, 0x0F, 0xFF, 0xF8,
  0x00, 0x3F, 0xFF, 0xE0,
  0x00, 0xFF, 0xFF, 0x80, 0x03, 0xFF, 0xFE, 0x00, 0x0F, 0xFF, 0xF8, 0x00,
  0x3F, 0xFF, 0xE0, 0x00,
  0xFF, 0xFF, 0x80, 0x03, 0xFF, 0xFE, 0x00, 0x0F, 0xFF, 0xF8, 0x00, 0x3F,
  0xFF, 0xE0, 0x00, 0xFF,
  0xFF, 0x80, 0x03, 0xFF, 0xFE, 0x00, 0x0F, 0xFF, 0xF8, 0x00, 0x3F, 0xFF,
  0xE0, 0x00, 0xFF, 0xFF,
  0x80, 0x03, 0xFF, 0xFE, 0x00, 0x0F, 0xFF, 0xF8, 0x00, 0x3F, 0xFF, 0xE0,
  0x00, 0xFF, 0xFF, 0x80,
  0x03, 0xFF, 0xFE, 0x00, 0x0F, 0xFF, 0xF8, 0x00, 0x3F, 0xFF, 0xE0, 0x00,
  0xFF, 0xFF, 0x80, 0x03,
  0xFF, 0xFE, 0x00, 0x0F, 0xFF, 0xF8, 0x00, 0x3F, 0xFF, 0xE0, 0x00, 0xFF,
  0xFF, 0x80, 0x03, 0xFF,
  0xFE, 0x00, 0x0F, 0xFF, 0xF8, 0x00, 0x00, 0x00, 0x01, 0xFF, 0xE0, 0x00,
  0x00, 0x03, 0xFF, 0xFF,
  0x80, 0x00, 0x07, 0xFF, 0xFF, 0xF8, 0x00, 0x03, 0xFF, 0xFF, 0xFF, 0x00,
  0x03, 0xFF, 0xFF, 0xFF,
  0xF0, 0x01, 0xFF, 0xFF, 0xFF, 0xFE, 0x00, 0xFF, 0xFF, 0xFF, 0xFF, 0x80,
  0x7F, 0xFF, 0xFF, 0xFF,
  0xF0, 0x1F, 0xFF, 0xFF, 0xFF, 0xFE, 0x0F, 0xFF, 0xFF, 0xFF, 0xFF, 0x87,
  0xFF, 0xFF, 0xFF, 0xFF,
  0xF1, 0xFF, 0xFF, 0xFF, 0xFF, 0xFC, 0x7F, 0xFF, 0xFF, 0xFF, 0xFF, 0x1F,
  0xFF, 0xF0, 0xFF, 0xFF,
  0xEF, 0xFF, 0xF8, 0x1F, 0xFF, 0xFB, 0xFF, 0xFE, 0x07, 0xFF, 0xFE, 0xFF,
  0xFF, 0x80, 0xFF, 0xFF,
  0xBF, 0xFF, 0xE0, 0x3F, 0xFF, 0xEF, 0xFF, 0xF8, 0x0F, 0xFF, 0xFB, 0xFF,
  0xFE, 0x03, 0xFF, 0xFE,
  0xFF, 0xFF, 0xC0, 0xFF, 0xFF, 0xBF, 0xFF, 0xF8, 0x3F, 0xFF, 0xEF, 0xFF,
  0xFF, 0x00, 0x00, 0x01,
  0xFF, 0xFF, 0xE0, 0x00, 0x00, 0x7F, 0xFF, 0xFC, 0x00, 0x00, 0x1F, 0xFF,
  0xFF, 0xC0, 0x00, 0x07,
  0xFF, 0xFF, 0xF8, 0x00, 0x00, 0xFF, 0xFF, 0xFF, 0x80, 0x00, 0x3F, 0xFF,
  0xFF, 0xF0, 0x00, 0x07,
  0xFF, 0xFF, 0xFE, 0x00, 0x00, 0xFF, 0xFF, 0xFF, 0xE0, 0x00, 0x1F, 0xFF,
  0xFF, 0xFC, 0x00, 0x03,
  0xFF, 0xFF, 0xFF, 0x80, 0x00, 0x7F, 0xFF, 0xFF, 0xF0, 0x00, 0x0F, 0xFF,
  0xFF, 0xFE, 0x00, 0x01,
  0xFF, 0xFF, 0xFF, 0xC0, 0x00, 0x3F, 0xFF, 0xFF, 0xF8, 0x00, 0x03, 0xFF,
  0xFF, 0xFF, 0x00, 0x00,
  0x7F, 0xFF, 0xFF, 0xC0, 0x00, 0x0F, 0xFF, 0xFF, 0xF8, 0x00, 0x00, 0xFF,
  0xFF, 0xFF, 0x00, 0x00,
  0x1F, 0xFF, 0xFF, 0xC0, 0x00, 0x03, 0xFF, 0xFF, 0xF0, 0x00, 0x00, 0x7F,
  0xFF, 0xFE, 0x00, 0x00,
  0x0F, 0xFF, 0xFF, 0x80, 0x00, 0x01, 0xFF, 0xFF, 0xEF, 0xFF, 0xF8, 0x3F,
  0xFF, 0xFB, 0xFF, 0xFE,
  0x07, 0xFF, 0xFF, 0xFF, 0xFF, 0x81, 0xFF, 0xFF, 0xFF, 0xFF, 0xE0, 0x3F,
  0xFF, 0xFF, 0xFF, 0xF8,
  0x0F, 0xFF, 0xFF, 0xFF, 0xFE, 0x03, 0xFF, 0xFF, 0xFF, 0xFF, 0x80, 0xFF,
  0xFF, 0xFF, 0xFF, 0xE0,
  0x3F, 0xFF, 0xFF, 0xFF, 0xF8, 0x0F, 0xFF, 0xFF, 0xFF, 0xFE, 0x03, 0xFF,
  0xFF, 0xFF, 0xFF, 0x80,
  0xFF, 0xFF, 0xBF, 0xFF, 0xF0, 0x7F, 0xFF, 0xE7, 0xFF, 0xFC, 0x1F, 0xFF,
  0xF9, 0xFF, 0xFF, 0xFF,
  0xFF, 0xFE, 0x7F, 0xFF, 0xFF, 0xFF, 0xFF, 0x0F, 0xFF, 0xFF, 0xFF, 0xFF,
  0xC3, 0xFF, 0xFF, 0xFF,
  0xFF, 0xE0, 0x7F, 0xFF, 0xFF, 0xFF, 0xF8, 0x1F, 0xFF, 0xFF, 0xFF, 0xFC,
  0x03, 0xFF, 0xFF, 0xFF,
  0xFE, 0x00, 0x7F, 0xFF, 0xFF, 0xFF, 0x00, 0x0F, 0xFF, 0xFF, 0xFF, 0x80,
  0x01, 0xFF, 0xFF, 0xFF,
  0xC0, 0x00, 0x1F, 0xFF, 0xFF, 0xC0, 0x00, 0x01, 0xFF, 0xFF, 0xC0, 0x00,
  0x00, 0x07, 0xFF, 0x80,
  0x00, 0x0F, 0xFF, 0xF8, 0x07, 0xFF, 0xFC, 0x03, 0xFF, 0xFE, 0x01, 0xFF,
  0xFF, 0x00, 0xFF, 0xFF,
  0x80, 0x7F, 0xFF, 0xC0, 0x3F, 0xFF, 0xE0, 0x1F, 0xFF, 0xF0, 0x0F, 0xFF,
  0xF8, 0x07, 0xFF, 0xFC,
  0x03, 0xFF, 0xFE, 0x01, 0xFF, 0xFF, 0x00, 0xFF, 0xFF, 0x80, 0x7F, 0xFF,
  0xC0, 0x3F, 0xFF, 0xE1,
  0xFF, 0xFF, 0xFF, 0xFF, 0xFF, 0xFF, 0xFF, 0xFF, 0xFF, 0xFF, 0xFF, 0xFF,
  0xFF, 0xFF, 0xFF, 0xFF,
  0xFF, 0xFF, 0xFF, 0xFF, 0xFF, 0xFF, 0xFF, 0xFF, 0xFF, 0xFF, 0xFF, 0xFF,
  0xFF, 0xFF, 0xFF, 0xFF,
  0xFF, 0xFF, 0xFF, 0xFF, 0xFF, 0xFF, 0xFF, 0xFF, 0xF0, 0xFF, 0xFF, 0x80,
  0x7F, 0xFF, 0xC0, 0x3F,
  0xFF, 0xE0, 0x1F, 0xFF, 0xF0, 0x0F, 0xFF, 0xF8, 0x07, 0xFF, 0xFC, 0x03,
  0xFF, 0xFE, 0x01, 0xFF,
  0xFF, 0x00, 0xFF, 0xFF, 0x80, 0x7F, 0xFF, 0xC0, 0x3F, 0xFF, 0xE0, 0x1F,
  0xFF, 0xF0, 0x0F, 0xFF,
  0xF8, 0x07, 0xFF, 0xFC, 0x03, 0xFF, 0xFE, 0x01, 0xFF, 0xFF, 0x00, 0xFF,
  0xFF, 0x80, 0x7F, 0xFF,
  0xC0, 0x3F, 0xFF, 0xE0, 0x1F, 0xFF, 0xF0, 0x0F, 0xFF, 0xF8, 0x07, 0xFF,
  0xFC, 0x03, 0xFF, 0xFE,
  0x01, 0xFF, 0xFF, 0x00, 0xFF, 0xFF, 0x80, 0x7F, 0xFF, 0xC0, 0x3F, 0xFF,
  0xE0, 0x1F, 0xFF, 0xF0,
  0x0F, 0xFF, 0xF8, 0x07, 0xFF, 0xFC, 0x03, 0xFF, 0xFE, 0x01, 0xFF, 0xFF,
  0x00, 0xFF, 0xFF, 0x80,
  0x7F, 0xFF, 0xC0, 0x3F, 0xFF, 0xE0, 0x1F, 0xFF, 0xF0, 0x0F, 0xFF, 0xF8,
  0x07, 0xFF, 0xFC, 0x03,
  0xFF, 0xFE, 0x01, 0xFF, 0xFF, 0x00, 0xFF, 0xFF, 0x80, 0x7F, 0xFF, 0xC0,
  0x3F, 0xFF, 0xF2, 0x1F,
  0xFF, 0xFF, 0x0F, 0xFF, 0xFF, 0x87, 0xFF, 0xFF, 0xC3, 0xFF, 0xFF, 0xE0,
  0xFF, 0xFF, 0xF0, 0x7F,
  0xFF, 0xF8, 0x3F, 0xFF, 0xFC, 0x0F, 0xFF, 0xFE, 0x07, 0xFF, 0xFF, 0x01,
  0xFF, 0xFF, 0x80, 0x7F,
  0xFF, 0xC0, 0x07, 0xFF, 0x00, 0xFF, 0xFF, 0x80, 0x7F, 0xFF, 0xFF, 0xFF,
  0xE0, 0x1F, 0xFF, 0xFF,
  0xFF, 0xF8, 0x07, 0xFF, 0xFF, 0xFF, 0xFE, 0x01, 0xFF, 0xFF, 0xFF, 0xFF,
  0x80, 0x7F, 0xFF, 0xFF,
  0xFF, 0xE0, 0x1F, 0xFF, 0xFF, 0xFF, 0xF8, 0x07, 0xFF, 0xFF, 0xFF, 0xFE,
  0x01, 0xFF, 0xFF, 0xFF,
  0xFF, 0x80, 0x7F, 0xFF, 0xFF, 0xFF, 0xE0, 0x1F, 0xFF, 0xFF, 0xFF, 0xF8,
  0x07, 0xFF, 0xFF, 0xFF,
  0xFE, 0x01, 0xFF, 0xFF, 0xFF, 0xFF, 0x80, 0x7F, 0xFF, 0xFF, 0xFF, 0xE0,
  0x1F, 0xFF, 0xFF, 0xFF,
  0xF8, 0x07, 0xFF, 0xFF, 0xFF, 0xFE, 0x01, 0xFF, 0xFF, 0xFF, 0xFF, 0x80,
  0x7F, 0xFF, 0xFF, 0xFF,
  0xE0, 0x1F, 0xFF, 0xFF, 0xFF, 0xF8, 0x07, 0xFF, 0xFF, 0xFF, 0xFE, 0x01,
  0xFF, 0xFF, 0xFF, 0xFF,
  0x80, 0x7F, 0xFF, 0xFF, 0xFF, 0xE0, 0x1F, 0xFF, 0xFF, 0xFF, 0xF8, 0x07,
  0xFF, 0xFF, 0xFF, 0xFE,
  0x01, 0xFF, 0xFF, 0xFF, 0xFF, 0x80, 0x7F, 0xFF, 0xFF, 0xFF, 0xE0, 0x1F,
  0xFF, 0xFF, 0xFF, 0xF8,
  0x07, 0xFF, 0xFF, 0xFF, 0xFE, 0x01, 0xFF, 0xFF, 0xFF, 0xFF, 0x80, 0x7F,
  0xFF, 0xFF, 0xFF, 0xE0,
  0x1F, 0xFF, 0xFF, 0xFF, 0xF8, 0x07, 0xFF, 0xFF, 0xFF, 0xFE, 0x01, 0xFF,
  0xFF, 0xFF, 0xFF, 0x80,
  0x7F, 0xFF, 0xFF, 0xFF, 0xE0, 0x1F, 0xFF, 0xFF, 0xFF, 0xF8, 0x07, 0xFF,
  0xFF, 0xFF, 0xFE, 0x01,
  0xFF, 0xFF, 0xFF, 0xFF, 0x80, 0x7F, 0xFF, 0xFF, 0xFF, 0xE0, 0x1F, 0xFF,
  0xFF, 0xFF, 0xF8, 0x07,
  0xFF, 0xFF, 0xFF, 0xFE, 0x01, 0xFF, 0xFF, 0xFF, 0xFF, 0x80, 0x7F, 0xFF,
  0xFF, 0xFF, 0xE0, 0x1F,
  0xFF, 0xFF, 0xFF, 0xF8, 0x07, 0xFF, 0xFF, 0xFF, 0xFE, 0x01, 0xFF, 0xFF,
  0xFF, 0xFF, 0x80, 0x7F,
  0xFF, 0xFF, 0xFF, 0xE0, 0x1F, 0xFF, 0xFF, 0xFF, 0xF8, 0x07, 0xFF, 0xFF,
  0xFF, 0xFE, 0x01, 0xFF,
  0xFF, 0xFF, 0xFF, 0x80, 0x7F, 0xFF, 0xFF, 0xFF, 0xE0, 0x1F, 0xFF, 0xFF,
  0xFF, 0xF8, 0x07, 0xFF,
  0xFF, 0xFF, 0xFE, 0x01, 0xFF, 0xFF, 0xFF, 0xFF, 0x80, 0x7F, 0xFF, 0xFF,
  0xFF, 0xE0, 0x3F, 0xFF,
  0xFF, 0xFF, 0xF8, 0x0F, 0xFF, 0xFF, 0xFF, 0xFF, 0x03, 0xFF, 0xFF, 0xFF,
  0xFF, 0xC0, 0xFF, 0xFF,
  0xFF, 0xFF, 0xFC, 0xFF, 0xFF, 0xF7, 0xFF, 0xFF, 0xFF, 0xFF, 0xFD, 0xFF,
  0xFF, 0xFF, 0xFF, 0xFF,
  0x7F, 0xFF, 0xFF, 0xFF, 0xFF, 0xDF, 0xFF, 0xFF, 0xFF, 0xFF, 0xF7, 0xFF,
  0xFF, 0xFF, 0xFF, 0xFC,
  0xFF, 0xFF, 0xFD, 0xFF, 0xFF, 0x3F, 0xFF, 0xFF, 0x7F, 0xFF, 0xC7, 0xFF,
  0xFF, 0x9F, 0xFF, 0xF1,
  0xFF, 0xFF, 0xE7, 0xFF, 0xFC, 0x3F, 0xFF, 0xF1, 0xFF, 0xFF, 0x07, 0xFF,
  0xF8, 0x7F, 0xFF, 0xC0,
  0x7F, 0xFC, 0x1F, 0xFF, 0xF0, 0x07, 0xFC, 0x00, 0x00, 0x00, 0xFF, 0xFF,
  0x80, 0x7F, 0xFF, 0xFF,
  0xFF, 0xE0, 0x1F, 0xFF, 0xFF, 0xFF, 0xF8, 0x07, 0xFF, 0xFD, 0xFF, 0xFE,
  0x01, 0xFF, 0xFF, 0x7F,
  0xFF, 0x80, 0x7F, 0xFF, 0x9F, 0xFF, 0xE0, 0x1F, 0xFF, 0xE7, 0xFF, 0xF8,
  0x07, 0xFF, 0xF9, 0xFF,
  0xFF, 0x01, 0xFF, 0xFE, 0x7F, 0xFF, 0xC0, 0x7F, 0xFF, 0x8F, 0xFF, 0xF0,
  0x1F, 0xFF, 0xE3, 0xFF,
  0xFC, 0x0F, 0xFF, 0xF8, 0xFF, 0xFF, 0x03, 0xFF, 0xFC, 0x3F, 0xFF, 0xC0,
  0xFF, 0xFF, 0x0F, 0xFF,
  0xF0, 0x3F, 0xFF, 0xC3, 0xFF, 0xFC, 0x0F, 0xFF, 0xF0, 0x7F, 0xFF, 0x03,
  0xFF, 0xFC, 0x1F, 0xFF,
  0xC0, 0xFF, 0xFF, 0x07, 0xFF, 0xF0, 0x3F, 0xFF, 0x81, 0xFF, 0xFC, 0x0F,
  0xFF, 0xE0, 0x7F, 0xFF,
  0x83, 0xFF, 0xF8, 0x1F, 0xFF, 0xE1, 0xFF, 0xFE, 0x07, 0xFF, 0xF8, 0x7F,
  0xFF, 0x80, 0xFF, 0xFE,
  0x1F, 0xFF, 0xE0, 0x3F, 0xFF, 0x87, 0xFF, 0xF0, 0x0F, 0xFF, 0xE1, 0xFF,
  0xFC, 0x03, 0xFF, 0xF8,
  0x7F, 0xFF, 0x00, 0xFF, 0xFE, 0x1F, 0xFF, 0xC0, 0x3F, 0xFF, 0x87, 0xFF,
  0xF0, 0x07, 0xFF, 0xE1,
  0xFF, 0xFC, 0x01, 0xFF, 0xF8, 0x7F, 0xFE, 0x00, 0x7F, 0xFE, 0x3F, 0xFF,
  0x80, 0x1F, 0xFF, 0xCF,
  0xFF, 0xE0, 0x07, 0xFF, 0xF3, 0xFF, 0xF8, 0x01, 0xFF, 0xFC, 0xFF, 0xFE,
  0x00, 0x3F, 0xFF, 0x3F,
  0xFF, 0x80, 0x0F, 0xFF, 0xCF, 0xFF, 0xC0, 0x03, 0xFF, 0xF3, 0xFF, 0xF0,
  0x00, 0xFF, 0xFC, 0xFF,
  0xFC, 0x00, 0x3F, 0xFF, 0x3F, 0xFF, 0x00, 0x0F, 0xFF, 0xCF, 0xFF, 0xC0,
  0x01, 0xFF, 0xF3, 0xFF,
  0xF0, 0x00, 0x7F, 0xFD, 0xFF, 0xF8, 0x00, 0x1F, 0xFF, 0xFF, 0xFE, 0x00,
  0x07, 0xFF, 0xFF, 0xFF,
  0x80, 0x01, 0xFF, 0xFF, 0xFF, 0xE0, 0x00, 0x7F, 0xFF, 0xFF, 0xF8, 0x00,
  0x0F, 0xFF, 0xFF, 0xFE,
  0x00, 0x03, 0xFF, 0xFF, 0xFF, 0x00, 0x00, 0xFF, 0xFF, 0xFF, 0xC0, 0x00,
  0x3F, 0xFF, 0xFF, 0xF0,
  0x00, 0x0F, 0xFF, 0xFF, 0xFC, 0x00, 0x03, 0xFF, 0xFF, 0xFF, 0x00, 0x00,
  0x7F, 0xFF, 0xFF, 0xC0,
  0x00, 0x1F, 0xFF, 0xFF, 0xE0, 0x00, 0x07, 0xFF, 0xFF, 0xF8, 0x00, 0x01,
  0xFF, 0xFF, 0xFE, 0x00,
  0x00, 0x7F, 0xFF, 0xFF, 0x80, 0x00, 0x1F, 0xFF, 0xFF, 0xE0, 0x00, 0x07,
  0xFF, 0xFF, 0xF8, 0x00,
  0x00, 0xFF, 0xFF, 0xFC, 0x00, 0x00, 0x3F, 0xFF, 0xFF, 0x00, 0x00, 0x0F,
  0xFF, 0xFF, 0xC0, 0x00,
  0x03, 0xFF, 0xFF, 0xF0, 0x00, 0x00, 0xFF, 0xFF, 0xFC, 0x00, 0x00, 0x3F,
  0xFF, 0xFF, 0x00, 0x00,
  0x07, 0xFF, 0xFF, 0x80, 0x00, 0x01, 0xFF, 0xFF, 0xE0, 0x00, 0x00, 0x7F,
  0xFF, 0xF8, 0x00, 0x00,
  0x1F, 0xFF, 0xFE, 0x00, 0x00, 0x07, 0xFF, 0xFF, 0x80, 0x00, 0xFF, 0xFE,
  0x01, 0xFF, 0xFF, 0x00,
  0xFF, 0xFF, 0xFF, 0xFC, 0x03, 0xFF, 0xFE, 0x01, 0xFF, 0xF9, 0xFF, 0xF8,
  0x07, 0xFF, 0xFC, 0x03,
  0xFF, 0xF3, 0xFF, 0xF0, 0x0F, 0xFF, 0xF8, 0x07, 0xFF, 0xE7, 0xFF, 0xE0,
  0x1F, 0xFF, 0xF0, 0x0F,
  0xFF, 0xCF, 0xFF, 0xC0, 0x3F, 0xFF, 0xE0, 0x1F, 0xFF, 0x9F, 0xFF, 0x80,
  0x7F, 0xFF, 0xC0, 0x7F,
  0xFF, 0x3F, 0xFF, 0x80, 0xFF, 0xFF, 0x80, 0xFF, 0xFE, 0x7F, 0xFF, 0x03,
  0xFF, 0xFF, 0x81, 0xFF,
  0xFC, 0xFF, 0xFE, 0x07, 0xFF, 0xFF, 0x03, 0xFF, 0xF0, 0xFF, 0xFC, 0x0F,
  0xFF, 0xFE, 0x07, 0xFF,
  0xE1, 0xFF, 0xF8, 0x1F, 0xFF, 0xFC, 0x0F, 0xFF, 0xC3, 0xFF, 0xF0, 0x3F,
  0xFF, 0xF8, 0x1F, 0xFF,
  0x87, 0xFF, 0xE0, 0x7F, 0xFF, 0xF0, 0x3F, 0xFF, 0x0F, 0xFF, 0xC0, 0xFF,
  0xFF, 0xE0, 0x7F, 0xFE,
  0x1F, 0xFF, 0xC1, 0xFF, 0xFF, 0xC0, 0xFF, 0xFC, 0x3F, 0xFF, 0x83, 0xFF,
  0xFF, 0xC3, 0xFF, 0xF8,
  0x7F, 0xFF, 0x0F, 0xFF, 0xFF, 0x87, 0xFF, 0xE0, 0xFF, 0xFE, 0x1F, 0xFF,
  0xFF, 0x0F, 0xFF, 0xC0,
  0xFF, 0xFC, 0x3F, 0xFF, 0xFE, 0x1F, 0xFF, 0x81, 0xFF, 0xF8, 0x7F, 0xFF,
  0xFC, 0x3F, 0xFF, 0x03,
  0xFF, 0xF0, 0xFF, 0xFF, 0xF8, 0x7F, 0xFE, 0x07, 0xFF, 0xE1, 0xFF, 0xFF,
  0xF0, 0xFF, 0xFC, 0x0F,
  0xFF, 0xE3, 0xFF, 0xFF, 0xE1, 0xFF, 0xF8, 0x1F, 0xFF, 0xC7, 0xFF, 0xFF,
  0xE3, 0xFF, 0xF0, 0x3F,
  0xFF, 0x8F, 0xFF, 0xFF, 0xC7, 0xFF, 0xC0, 0x7F, 0xFF, 0x3F, 0xFF, 0xFF,
  0x9F, 0xFF, 0x80, 0x7F,
  0xFE, 0x7F, 0xFF, 0xFF, 0x3F, 0xFF, 0x00, 0xFF, 0xFC, 0xFF, 0xFF, 0xFE,
  0x7F, 0xFE, 0x01, 0xFF,
  0xF9, 0xFF, 0xFF, 0xFC, 0xFF, 0xFC, 0x03, 0xFF, 0xF3, 0xFF, 0xFF, 0xF9,
  0xFF, 0xF8, 0x07, 0xFF,
  0xE7, 0xFF, 0xFF, 0xF3, 0xFF, 0xF0, 0x0F, 0xFF, 0xEF, 0xFE, 0xFF, 0xF7,
  0xFF, 0xE0, 0x1F, 0xFF,
  0xDF, 0xFD, 0xFF, 0xEF, 0xFF, 0xC0, 0x3F, 0xFF, 0xBF, 0xFB, 0xFF, 0xDF,
  0xFF, 0x00, 0x3F, 0xFF,
  0x7F, 0xF7, 0xFF, 0xBF, 0xFE, 0x00, 0x7F, 0xFF, 0xFF, 0xEF, 0xFF, 0xFF,
  0xFC, 0x00, 0xFF, 0xFF,
  0xFF, 0xDF, 0xFF, 0xFF, 0xF8, 0x01, 0xFF, 0xFF, 0xFF, 0x3F, 0xFF, 0xFF,
  0xF0, 0x03, 0xFF, 0xFF,
  0xFE, 0x7F, 0xFF, 0xFF, 0xE0, 0x07, 0xFF, 0xFF, 0xFC, 0x7F, 0xFF, 0xFF,
  0xC0, 0x0F, 0xFF, 0xFF,
  0xF8, 0xFF, 0xFF, 0xFF, 0x80, 0x1F, 0xFF, 0xFF, 0xF1, 0xFF, 0xFF, 0xFE,
  0x00, 0x1F, 0xFF, 0xFF,
  0xE3, 0xFF, 0xFF, 0xFC, 0x00, 0x3F, 0xFF, 0xFF, 0xC7, 0xFF, 0xFF, 0xF8,
  0x00, 0x7F, 0xFF, 0xFF,
  0x8F, 0xFF, 0xFF, 0xF0, 0x00, 0xFF, 0xFF, 0xFF, 0x1F, 0xFF, 0xFF, 0xE0,
  0x01, 0xFF, 0xFF, 0xFC,
  0x3F, 0xFF, 0xFF, 0xC0, 0x03, 0xFF, 0xFF, 0xF8, 0x3F, 0xFF, 0xFF, 0x80,
  0x07, 0xFF, 0xFF, 0xF0,
  0x7F, 0xFF, 0xFF, 0x00, 0x0F, 0xFF, 0xFF, 0xE0, 0xFF, 0xFF, 0xFC, 0x00,
  0x1F, 0xFF, 0xFF, 0xC1,
  0xFF, 0xFF, 0xF8, 0x00, 0x1F, 0xFF, 0xFF, 0x83, 0xFF, 0xFF, 0xF0, 0x00,
  0x3F, 0xFF, 0xFF, 0x07,
  0xFF, 0xFF, 0xE0, 0x00, 0x7F, 0xFF, 0xFE, 0x0F, 0xFF, 0xFF, 0xC0, 0x00,
  0xFF, 0xFF, 0xFC, 0x1F,
  0xFF, 0xFF, 0x80, 0x01, 0xFF, 0xFF, 0xF0, 0x1F, 0xFF, 0xFF, 0x00, 0x03,
  0xFF, 0xFF, 0xE0, 0x3F,
  0xFF, 0xFE, 0x00, 0x07, 0xFF, 0xFF, 0xC0, 0x7F, 0xFF, 0xF8, 0x00, 0x0F,
  0xFF, 0xFF, 0x80, 0xFF,
  0xFF, 0xF0, 0x00, 0x0F, 0xFF, 0xFF, 0x01, 0xFF, 0xFF, 0xE0, 0x00, 0x1F,
  0xFF, 0xFE, 0x03, 0xFF,
  0xFF, 0xC0, 0x00, 0x3F, 0xFF, 0xFC, 0x07, 0xFF, 0xFF, 0x80, 0x00, 0x7F,
  0xFF, 0xF8, 0x07, 0xFF,
  0xFF, 0x00, 0x00, 0xFF, 0xFF, 0xF0, 0x0F, 0xFF, 0xFE, 0x00, 0x01, 0xFF,
  0xFF, 0xC0, 0x1F, 0xFF,
  0xFC, 0x00, 0x03, 0xFF, 0xFF, 0x80, 0x3F, 0xFF, 0xF0, 0x00, 0x07, 0xFF,
  0xFF, 0x00, 0x7F, 0xFF,
  0xE0, 0x00, 0x07, 0xFF, 0xFE, 0x00, 0xFF, 0xFF, 0xC0, 0x00, 0x0F, 0xFF,
  0xFC, 0x01, 0xFF, 0xFF,
  0x80, 0x00, 0x3F, 0xFF, 0xE0, 0x03, 0xFF, 0xE3, 0xFF, 0xFE, 0x00, 0x3F,
  0xFE, 0x3F, 0xFF, 0xF0,
  0x03, 0xFF, 0xC1, 0xFF, 0xFF, 0x00, 0x7F, 0xFC, 0x1F, 0xFF, 0xF0, 0x07,
  0xFF, 0xC0, 0xFF, 0xFF,
  0x80, 0x7F, 0xF8, 0x0F, 0xFF, 0xF8, 0x0F, 0xFF, 0x80, 0xFF, 0xFF, 0x80,
  0xFF, 0xF8, 0x07, 0xFF,
  0xFC, 0x0F, 0xFF, 0x00, 0x7F, 0xFF, 0xC1, 0xFF, 0xF0, 0x07, 0xFF, 0xFC,
  0x1F, 0xFF, 0x00, 0x3F,
  0xFF, 0xE1, 0xFF, 0xE0, 0x03, 0xFF, 0xFE, 0x3F, 0xFE, 0x00, 0x3F, 0xFF,
  0xE3, 0xFF, 0xC0, 0x01,
  0xFF, 0xFF, 0x3F, 0xFC, 0x00, 0x1F, 0xFF, 0xF7, 0xFF, 0xC0, 0x01, 0xFF,
  0xFF, 0x7F, 0xF8, 0x00,
  0x0F, 0xFF, 0xFF, 0xFF, 0x80, 0x00, 0xFF, 0xFF, 0xFF, 0xF8, 0x00, 0x0F,
  0xFF, 0xFF, 0xFF, 0x00,
  0x00, 0x7F, 0xFF, 0xFF, 0xF0, 0x00, 0x07, 0xFF, 0xFF, 0xFF, 0x00, 0x00,
  0x3F, 0xFF, 0xFF, 0xE0,
  0x00, 0x03, 0xFF, 0xFF, 0xFE, 0x00, 0x00, 0x3F, 0xFF, 0xFF, 0xE0, 0x00,
  0x01, 0xFF, 0xFF, 0xFC,
  0x00, 0x00, 0x1F, 0xFF, 0xFF, 0xC0, 0x00, 0x01, 0xFF, 0xFF, 0xFC, 0x00,
  0x00, 0x0F, 0xFF, 0xFF,
  0x80, 0x00, 0x00, 0xFF, 0xFF, 0xF8, 0x00, 0x00, 0x0F, 0xFF, 0xFF, 0x80,
  0x00, 0x00, 0x7F, 0xFF,
  0xF0, 0x00, 0x00, 0x07, 0xFF, 0xFF, 0x00, 0x00, 0x00, 0x7F, 0xFF, 0xF0,
  0x00, 0x00, 0x07, 0xFF,
  0xFE, 0x00, 0x00, 0x00, 0xFF, 0xFF, 0xE0, 0x00, 0x00, 0x0F, 0xFF, 0xFF,
  0x00, 0x00, 0x00, 0xFF,
  0xFF, 0xF0, 0x00, 0x00, 0x1F, 0xFF, 0xFF, 0x00, 0x00, 0x01, 0xFF, 0xFF,
  0xF8, 0x00, 0x00, 0x1F,
  0xFF, 0xFF, 0x80, 0x00, 0x03, 0xFF, 0xFF, 0xF8, 0x00, 0x00, 0x3F, 0xFF,
  0xFF, 0xC0, 0x00, 0x03,
  0xFF, 0xFF, 0xFC, 0x00, 0x00, 0x7F, 0xFF, 0xFF, 0xC0, 0x00, 0x07, 0xFF,
  0xFF, 0xFE, 0x00, 0x00,
  0x7F, 0xFF, 0xFF, 0xE0, 0x00, 0x0F, 0xFF, 0xFF, 0xFF, 0x00, 0x00, 0xFF,
  0xFF, 0xFF, 0xF0, 0x00,
  0x1F, 0xFF, 0xFF, 0xFF, 0x00, 0x01, 0xFF, 0xFF, 0xFF, 0xF8, 0x00, 0x1F,
  0xFE, 0xFF, 0xFF, 0x80,
  0x03, 0xFF, 0xEF, 0xFF, 0xF8, 0x00, 0x3F, 0xFE, 0x7F, 0xFF, 0xC0, 0x03,
  0xFF, 0xC7, 0xFF, 0xFC,
  0x00, 0x7F, 0xFC, 0x3F, 0xFF, 0xC0, 0x07, 0xFF, 0xC3, 0xFF, 0xFE, 0x00,
  0x7F, 0xF8, 0x3F, 0xFF,
  0xE0, 0x0F, 0xFF, 0x81, 0xFF, 0xFF, 0x00, 0xFF, 0xF8, 0x1F, 0xFF, 0xF0,
  0x0F, 0xFF, 0x01, 0xFF,
  0xFF, 0x01, 0xFF, 0xF0, 0x0F, 0xFF, 0xF8, 0x1F, 0xFF, 0x00, 0xFF, 0xFF,
  0x81, 0xFF, 0xE0, 0x0F,
  0xFF, 0xF8, 0x3F, 0xFE, 0x00, 0x7F, 0xFF, 0xC3, 0xFF, 0xE0, 0x07, 0xFF,
  0xFC, 0x3F, 0xFC, 0x00,
  0x3F, 0xFF, 0xC7, 0xFF, 0xC0, 0x03, 0xFF, 0xFE, 0x7F, 0xFC, 0x00, 0x3F,
  0xFF, 0xEF, 0xFF, 0x80,
  0x01, 0xFF, 0xFF, 0xFF, 0xFF, 0x00, 0x3F, 0xFF, 0xFF, 0xFF, 0xC0, 0x0F,
  0xFF, 0xFF, 0xFF, 0xF0,
  0x03, 0xFF, 0xFF, 0xFF, 0xFC, 0x00, 0xFF, 0xFF, 0xFF, 0xFF, 0x00, 0x3F,
  0xFF, 0x9F, 0xFF, 0xC0,
  0x1F, 0xFF, 0xE7, 0xFF, 0xF0, 0x07, 0xFF, 0xF9, 0xFF, 0xFE, 0x01, 0xFF,
  0xFE, 0x7F, 0xFF, 0x80,
  0x7F, 0xFF, 0x9F, 0xFF, 0xE0, 0x1F, 0xFF, 0xE7, 0xFF, 0xF8, 0x07, 0xFF,
  0xF0, 0xFF, 0xFE, 0x01,
  0xFF, 0xFC, 0x3F, 0xFF, 0x80, 0x7F, 0xFF, 0x0F, 0xFF, 0xE0, 0x1F, 0xFF,
  0xC3, 0xFF, 0xF8, 0x0F,
  0xFF, 0xF0, 0xFF, 0xFE, 0x03, 0xFF, 0xFC, 0x3F, 0xFF, 0x80, 0xFF, 0xFE,
  0x07, 0xFF, 0xE0, 0x3F,
  0xFF, 0x81, 0xFF, 0xFC, 0x0F, 0xFF, 0xE0, 0x7F, 0xFF, 0x03, 0xFF, 0xF8,
  0x1F, 0xFF, 0xC0, 0xFF,
  0xFE, 0x07, 0xFF, 0xF0, 0x3F, 0xFF, 0x01, 0xFF, 0xFC, 0x0F, 0xFF, 0xC0,
  0x3F, 0xFF, 0x03, 0xFF,
  0xF0, 0x0F, 0xFF, 0xC1, 0xFF, 0xFC, 0x03, 0xFF, 0xF0, 0x7F, 0xFF, 0x00,
  0xFF, 0xFC, 0x1F, 0xFF,
  0xC0, 0x3F, 0xFF, 0x07, 0xFF, 0xE0, 0x0F, 0xFF, 0xC1, 0xFF, 0xF8, 0x03,
  0xFF, 0xF8, 0x7F, 0xFE,
  0x00, 0x7F, 0xFE, 0x1F, 0xFF, 0x80, 0x1F, 0xFF, 0x87, 0xFF, 0xE0, 0x07,
  0xFF, 0xE1, 0xFF, 0xF8,
  0x01, 0xFF, 0xF8, 0xFF, 0xFC, 0x00, 0x7F, 0xFE, 0x3F, 0xFF, 0x00, 0x1F,
  0xFF, 0x8F, 0xFF, 0xC0,
  0x03, 0xFF, 0xE3, 0xFF, 0xF0, 0x00, 0xFF, 0xF8, 0xFF, 0xFC, 0x00, 0x3F,
  0xFE, 0x3F, 0xFE, 0x00,
  0x0F, 0xFF, 0x8F, 0xFF, 0x80, 0x03, 0xFF, 0xF3, 0xFF, 0xE0, 0x00, 0xFF,
  0xFC, 0xFF, 0xF8, 0x00,
  0x1F, 0xFF, 0x7F, 0xFE, 0x00, 0x07, 0xFF, 0xDF, 0xFF, 0x80, 0x01, 0xFF,
  0xF7, 0xFF, 0xC0, 0x00,
  0x7F, 0xFD, 0xFF, 0xF0, 0x00, 0x1F, 0xFF, 0x7F, 0xFC, 0x00, 0x07, 0xFF,
  0xDF, 0xFF, 0x00, 0x00,
  0xFF, 0xF7, 0xFF, 0xC0, 0x00, 0x3F, 0xFD, 0xFF, 0xF0, 0x00, 0x0F, 0xFF,
  0x7F, 0xF8, 0x00, 0x03,
  0xFF, 0xDF, 0xFE, 0x00, 0x00, 0xFF, 0xFF, 0xFF, 0x80, 0x00, 0x3F, 0xFF,
  0xFF, 0xE0, 0x00, 0x07,
  0xFF, 0xFF, 0xF8, 0x00, 0x01, 0xFF, 0xFF, 0xFC, 0x00, 0x00, 0x7F, 0xFF,
  0xFF, 0x00, 0x00, 0x1F,
  0xFF, 0xFF, 0xC0, 0x00, 0x07, 0xFF, 0xFF, 0xF0, 0x00, 0x01, 0xFF, 0xFF,
  0xFC, 0x00, 0x00, 0x7F,
  0xFF, 0xFF, 0x00, 0x00, 0x0F, 0xFF, 0xFF, 0x80, 0x00, 0x03, 0xFF, 0xFF,
  0xE0, 0x00, 0x00, 0xFF,
  0xFF, 0xF8, 0x00, 0x00, 0x3F, 0xFF, 0xFE, 0x00, 0x00, 0x0F, 0xFF, 0xFF,
  0x80, 0x00, 0x03, 0xFF,
  0xFF, 0xE0, 0x00, 0x00, 0x7F, 0xFF, 0xF0, 0x00, 0x00, 0x1F, 0xFF, 0xFC,
  0x00, 0x00, 0x07, 0xFF,
  0xFF, 0x00, 0x00, 0x01, 0xFF, 0xFF, 0xC0, 0x01, 0xFF, 0xFF, 0xFF, 0xF0,
  0x00, 0x7F, 0xFF, 0xFF,
  0xF8, 0x00, 0x1F, 0xFF, 0xFF, 0xFE, 0x00, 0x07, 0xFF, 0xFF, 0xFF, 0x80,
  0x01, 0xFF, 0xFF, 0xFF,
  0xE0, 0x00, 0x7F, 0xFF, 0xFF, 0xF8, 0x00, 0x1F, 0xFF, 0xFF, 0xFC, 0x00,
  0x07, 0xFF, 0xFF, 0xFF,
  0x00, 0x01, 0xFF, 0xFF, 0xFF, 0x80, 0x00, 0x7F, 0xFF, 0xFF, 0xC0, 0x00,
  0x1F, 0xFF, 0xFF, 0xC0,
  0x00, 0x00, 0x7F, 0xFF, 0xFF, 0xFF, 0xEF, 0xFF, 0xFF, 0xFF, 0xFD, 0xFF,
  0xFF, 0xFF, 0xFF, 0xBF,
  0xFF, 0xFF, 0xFF, 0xF7, 0xFF, 0xFF, 0xFF, 0xFE, 0xFF, 0xFF, 0xFF, 0xFF,
  0xDF, 0xFF, 0xFF, 0xFF,
  0xFB, 0xFF, 0xFF, 0xFF, 0xFF, 0x7F, 0xFF, 0xFF, 0xFF, 0xEF, 0xFF, 0xFF,
  0xFF, 0xFD, 0xFF, 0xFF,
  0xFF, 0xFF, 0xBF, 0xFF, 0xFF, 0xFF, 0xF7, 0xFF, 0xFF, 0xFF, 0xFE, 0x00,
  0x00, 0x7F, 0xFF, 0x80,
  0x00, 0x1F, 0xFF, 0xF0, 0x00, 0x03, 0xFF, 0xFE, 0x00, 0x00, 0xFF, 0xFF,
  0x80, 0x00, 0x1F, 0xFF,
  0xF0, 0x00, 0x03, 0xFF, 0xFE, 0x00, 0x00, 0xFF, 0xFF, 0x80, 0x00, 0x1F,
  0xFF, 0xF0, 0x00, 0x03,
  0xFF, 0xFE, 0x00, 0x00, 0xFF, 0xFF, 0x80, 0x00, 0x1F, 0xFF, 0xF0, 0x00,
  0x07, 0xFF, 0xFC, 0x00,
  0x00, 0xFF, 0xFF, 0x80, 0x00, 0x1F, 0xFF, 0xF0, 0x00, 0x07, 0xFF, 0xFC,
  0x00, 0x00, 0xFF, 0xFF,
  0x80, 0x00, 0x1F, 0xFF, 0xF0, 0x00, 0x07, 0xFF, 0xFC, 0x00, 0x00, 0xFF,
  0xFF, 0x80, 0x00, 0x3F,
  0xFF, 0xF0, 0x00, 0x07, 0xFF, 0xFC, 0x00, 0x00, 0xFF, 0xFF, 0x80, 0x00,
  0x3F, 0xFF, 0xE0, 0x00,
  0x07, 0xFF, 0xFC, 0x00, 0x00, 0xFF, 0xFF, 0x80, 0x00, 0x3F, 0xFF, 0xE0,
  0x00, 0x07, 0xFF, 0xFC,
  0x00, 0x01, 0xFF, 0xFF, 0x80, 0x00, 0x3F, 0xFF, 0xE0, 0x00, 0x07, 0xFF,
  0xFC, 0x00, 0x01, 0xFF,
  0xFF, 0x80, 0x00, 0x3F, 0xFF, 0xE0, 0x00, 0x07, 0xFF, 0xFC, 0x00, 0x01,
  0xFF, 0xFF, 0x80, 0x00,
  0x3F, 0xFF, 0xE0, 0x00, 0x0F, 0xFF, 0xFC, 0x00, 0x01, 0xFF, 0xFF, 0x00,
  0x00, 0x3F, 0xFF, 0xE0,
  0x00, 0x0F, 0xFF, 0xFC, 0x00, 0x01, 0xFF, 0xFF, 0x00, 0x00, 0x3F, 0xFF,
  0xE0, 0x00, 0x0F, 0xFF,
  0xFC, 0x00, 0x01, 0xFF, 0xFF, 0x00, 0x00, 0x7F, 0xFF, 0xE0, 0x00, 0x0F,
  0xFF, 0xFF, 0xFF, 0xFD,
  0xFF, 0xFF, 0xFF, 0xFF, 0xFF, 0xFF, 0xFF, 0xFF, 0xFF, 0xFF, 0xFF, 0xFF,
  0xFF, 0xFF, 0xFF, 0xFF,
  0xFF, 0xFF, 0xFF, 0xFF, 0xFF, 0xFF, 0xFF, 0xFF, 0xFF, 0xFF, 0xFF, 0xFF,
  0xFF, 0xFF, 0xFF, 0xFF,
  0xFF, 0xFF, 0xFF, 0xFF, 0xFF, 0xFF, 0xFF, 0xFF, 0xFF, 0xFF, 0xFF, 0xFF,
  0xFF, 0xFF, 0xFF, 0xFF,
  0xFF, 0xFF, 0xFF, 0xFF, 0xC0, 0x00, 0x00, 0x07, 0xFC, 0x00, 0x03, 0xFF,
  0xF0, 0x00, 0x3F, 0xFF,
  0xC0, 0x03, 0xFF, 0xFF, 0x00, 0x1F, 0xFF, 0xFC, 0x00, 0xFF, 0xFF, 0xF0,
  0x07, 0xFF, 0xFF, 0xC0,
  0x1F, 0xFF, 0xFF, 0x00, 0xFF, 0xFF, 0xFC, 0x03, 0xFF, 0xFF, 0xF0, 0x0F,
  0xFF, 0xFF, 0xC0, 0x7F,
  0xFF, 0xFF, 0x01, 0xFF, 0xFF, 0xF8, 0x07, 0xFF, 0xFE, 0x00, 0x1F, 0xFF,
  0xF0, 0x00, 0x7F, 0xFF,
  0xC0, 0x01, 0xFF, 0xFE, 0x00, 0x07, 0xFF, 0xF8, 0x00, 0x1F, 0xFF, 0xE0,
  0x00, 0x7F, 0xFF, 0x80,
  0x01, 0xFF, 0xFE, 0x00, 0x07, 0xFF, 0xF8, 0x00, 0x1F, 0xFF, 0xE0, 0x00,
  0x7F, 0xFF, 0x80, 0x01,
  0xFF, 0xFE, 0x00, 0x07, 0xFF, 0xF8, 0x00, 0x1F, 0xFF, 0xE0, 0x00, 0x7F,
  0xFF, 0x80, 0x01, 0xFF,
  0xFE, 0x00, 0x07, 0xFF, 0xF8, 0x00, 0x1F, 0xFF, 0xE0, 0x00, 0x7F, 0xFF,
  0x80, 0x01, 0xFF, 0xFE,
  0x00, 0x07, 0xFF, 0xF8, 0x00, 0x1F, 0xFF, 0xE0, 0x00, 0x7F, 0xFF, 0x80,
  0x01, 0xFF, 0xFE, 0x00,
  0x07, 0xFF, 0xF8, 0x00, 0x3F, 0xFF, 0xE0, 0x00, 0xFF, 0xFF, 0x80, 0x07,
  0xFF, 0xFC, 0x00, 0x3F,
  0xFF, 0xF0, 0x0F, 0xFF, 0xFF, 0x80, 0x3F, 0xFF, 0xFC, 0x00, 0xFF, 0xFF,
  0xE0, 0x03, 0xFF, 0xFE,
  0x00, 0x0F, 0xFF, 0xE0, 0x00, 0x3F, 0xFF, 0x80, 0x00, 0xFF, 0xFF, 0x80,
  0x03, 0xFF, 0xFF, 0x80,
  0x0F, 0xFF, 0xFF, 0x00, 0x3F, 0xFF, 0xFE, 0x00, 0x0F, 0xFF, 0xFC, 0x00,
  0x1F, 0xFF, 0xF0, 0x00,
  0x3F, 0xFF, 0xE0, 0x00, 0xFF, 0xFF, 0x80, 0x01, 0xFF, 0xFE, 0x00, 0x07,
  0xFF, 0xF8, 0x00, 0x1F,
  0xFF, 0xE0, 0x00, 0x7F, 0xFF, 0x80, 0x01, 0xFF, 0xFE, 0x00, 0x07, 0xFF,
  0xF8, 0x00, 0x1F, 0xFF,
  0xE0, 0x00, 0x7F, 0xFF, 0x80, 0x01, 0xFF, 0xFE, 0x00, 0x07, 0xFF, 0xF8,
  0x00, 0x1F, 0xFF, 0xE0,
  0x00, 0x7F, 0xFF, 0x80, 0x01, 0xFF, 0xFE, 0x00, 0x07, 0xFF, 0xF8, 0x00,
  0x1F, 0xFF, 0xE0, 0x00,
  0x7F, 0xFF, 0x80, 0x01, 0xFF, 0xFE, 0x00, 0x07, 0xFF, 0xF8, 0x00, 0x1F,
  0xFF, 0xE0, 0x00, 0x7F,
  0xFF, 0x80, 0x01, 0xFF, 0xFE, 0x00, 0x07, 0xFF, 0xF8, 0x00, 0x1F, 0xFF,
  0xF0, 0x00, 0x7F, 0xFF,
  0xC0, 0x01, 0xFF, 0xFF, 0x80, 0x07, 0xFF, 0xFF, 0xE0, 0x1F, 0xFF, 0xFF,
  0xC0, 0x3F, 0xFF, 0xFF,
  0x00, 0xFF, 0xFF, 0xFC, 0x03, 0xFF, 0xFF, 0xF0, 0x07, 0xFF, 0xFF, 0xC0,
  0x1F, 0xFF, 0xFF, 0x00,
  0x3F, 0xFF, 0xFC, 0x00, 0x7F, 0xFF, 0xF0, 0x00, 0xFF, 0xFF, 0xC0, 0x00,
  0xFF, 0xFF, 0x00, 0x00,
  0xFF, 0xFC, 0x00, 0x00, 0x1F, 0xF0, 0xFF, 0xFF, 0xFF, 0xFF, 0xFF, 0xFF,
  0xFF, 0xFF, 0xFF, 0xFF,
  0xFF, 0xFF, 0xFF, 0xFF, 0xFF, 0xFF, 0xFF, 0xFF, 0xFF, 0xFF, 0xFF, 0xFF,
  0xFF, 0xFF, 0xFF, 0xFF,
  0xFF, 0xFF, 0xFF, 0xFF, 0xFF, 0xFF, 0xFF, 0xFF, 0xFF, 0xFF, 0xFF, 0xFF,
  0xFF, 0xFF, 0xFF, 0xFF,
  0xFF, 0xFF, 0xFF, 0xFF, 0xFF, 0xFF, 0xFF, 0xFF, 0xFF, 0xFF, 0xFF, 0xFF,
  0xFF, 0xFF, 0xFF, 0xFF,
  0xFF, 0xFF, 0xFF, 0xFF, 0xFF, 0xFF, 0xFF, 0xFF, 0xFF, 0xFF, 0xFF, 0xFF,
  0xFF, 0xFF, 0xFF, 0xFF,
  0xFF, 0xFF, 0xFF, 0xFF, 0xFF, 0xFF, 0xFF, 0xFF, 0xFF, 0xFF, 0xFF, 0xFF,
  0xFF, 0xFF, 0xFF, 0xFF,
  0xFF, 0xFF, 0xFF, 0xFF, 0xFF, 0xFF, 0xFF, 0xFF, 0xFF, 0xFF, 0xFF, 0xFF,
  0xFF, 0xFF, 0xFF, 0xFF,
  0xFF, 0xFF, 0xFF, 0xFF, 0xFF, 0xFF, 0xFF, 0xFF, 0xFF, 0xFF, 0xFF, 0xFF,
  0xFF, 0xFF, 0xFF, 0xFF,
  0xFF, 0xFF, 0xFF, 0xFF, 0xFF, 0xFF, 0xFF, 0xFF, 0xFF, 0xFF, 0xFF, 0xFF,
  0xFF, 0xFF, 0xFF, 0xFF,
  0xFF, 0xFF, 0xFF, 0xFF, 0xFF, 0xFF, 0xFF, 0xFF, 0xFF, 0xFF, 0xFF, 0xFF,
  0xFF, 0xFF, 0xFF, 0xFF,
  0xFF, 0xFF, 0xFF, 0xFF, 0xFF, 0xFF, 0xFF, 0xFF, 0xFF, 0xFF, 0xFF, 0xFF,
  0xFF, 0xFF, 0xFF, 0xFF,
  0xFF, 0xFF, 0xFF, 0xFF, 0xFF, 0xFF, 0xFF, 0xFF, 0x80, 0xFF, 0x80, 0x00,
  0x07, 0xFF, 0xE0, 0x00,
  0x3F, 0xFF, 0xC0, 0x01, 0xFF, 0xFF, 0x80, 0x0F, 0xFF, 0xFE, 0x00, 0x7F,
  0xFF, 0xF8, 0x03, 0xFF,
  0xFF, 0xE0, 0x1F, 0xFF, 0xFF, 0x00, 0xFF, 0xFF, 0xFC, 0x07, 0xFF, 0xFF,
  0xE0, 0x3F, 0xFF, 0xFF,
  0x01, 0xFF, 0xFF, 0xF8, 0x07, 0xFF, 0xFF, 0xE0, 0x03, 0xFF, 0xFF, 0x00,
  0x0F, 0xFF, 0xF8, 0x00,
  0x7F, 0xFF, 0xC0, 0x03, 0xFF, 0xFE, 0x00, 0x1F, 0xFF, 0xF0, 0x00, 0xFF,
  0xFF, 0x80, 0x07, 0xFF,
  0xFC, 0x00, 0x3F, 0xFF, 0xE0, 0x01, 0xFF, 0xFF, 0x00, 0x0F, 0xFF, 0xF8,
  0x00, 0x7F, 0xFF, 0xC0,
  0x03, 0xFF, 0xFE, 0x00, 0x1F, 0xFF, 0xF0, 0x00, 0xFF, 0xFF, 0x80, 0x07,
  0xFF, 0xFC, 0x00, 0x3F,
  0xFF, 0xE0, 0x01, 0xFF, 0xFF, 0x00, 0x0F, 0xFF, 0xF8, 0x00, 0x7F, 0xFF,
  0xC0, 0x03, 0xFF, 0xFE,
  0x00, 0x1F, 0xFF, 0xF0, 0x00, 0xFF, 0xFF, 0x80, 0x07, 0xFF, 0xFC, 0x00,
  0x3F, 0xFF, 0xE0, 0x00,
  0xFF, 0xFF, 0x00, 0x07, 0xFF, 0xFC, 0x00, 0x3F, 0xFF, 0xE0, 0x01, 0xFF,
  0xFF, 0x80, 0x07, 0xFF,
  0xFE, 0x00, 0x1F, 0xFF, 0xFE, 0x00, 0x7F, 0xFF, 0xF0, 0x01, 0xFF, 0xFF,
  0x80, 0x07, 0xFF, 0xFC,
  0x00, 0x07, 0xFF, 0xE0, 0x00, 0x3F, 0xFF, 0x00, 0x0F, 0xFF, 0xF8, 0x00,
  0xFF, 0xFF, 0xC0, 0x0F,
  0xFF, 0xFE, 0x00, 0xFF, 0xFF, 0xF0, 0x0F, 0xFF, 0xFC, 0x00, 0x7F, 0xFF,
  0xC0, 0x07, 0xFF, 0xFC,
  0x00, 0x3F, 0xFF, 0xE0, 0x01, 0xFF, 0xFE, 0x00, 0x0F, 0xFF, 0xF0, 0x00,
  0xFF, 0xFF, 0x80, 0x07,
  0xFF, 0xFC, 0x00, 0x3F, 0xFF, 0xE0, 0x01, 0xFF, 0xFF, 0x00, 0x0F, 0xFF,
  0xF8, 0x00, 0x7F, 0xFF,
  0xC0, 0x03, 0xFF, 0xFE, 0x00, 0x1F, 0xFF, 0xF0, 0x00, 0xFF, 0xFF, 0x80,
  0x07, 0xFF, 0xFC, 0x00,
  0x3F, 0xFF, 0xE0, 0x01, 0xFF, 0xFF, 0x00, 0x0F, 0xFF, 0xF8, 0x00, 0x7F,
  0xFF, 0xC0, 0x03, 0xFF,
  0xFE, 0x00, 0x1F, 0xFF, 0xF0, 0x00, 0xFF, 0xFF, 0x80, 0x07, 0xFF, 0xFC,
  0x00, 0x3F, 0xFF, 0xE0,
  0x01, 0xFF, 0xFF, 0x00, 0x0F, 0xFF, 0xF8, 0x00, 0x7F, 0xFF, 0xC0, 0x07,
  0xFF, 0xFE, 0x03, 0xFF,
  0xFF, 0xF0, 0x3F, 0xFF, 0xFF, 0x01, 0xFF, 0xFF, 0xF8, 0x0F, 0xFF, 0xFF,
  0xC0, 0x7F, 0xFF, 0xFE,
  0x03, 0xFF, 0xFF, 0xE0, 0x1F, 0xFF, 0xFF, 0x00, 0xFF, 0xFF, 0xF0, 0x07,
  0xFF, 0xFF, 0x00, 0x3F,
  0xFF, 0xF0, 0x01, 0xFF, 0xFE, 0x00, 0x0F, 0xFF, 0xC0, 0x00, 0x7F, 0xC0,
  0x00, 0x00, 0x00, 0x7F,
  0xE0, 0x00, 0x08, 0x00, 0x0F, 0xFF, 0xF0, 0x00, 0x78, 0x00, 0xFF, 0xFF,
  0xF0, 0x07, 0xF8, 0x0F,
  0xFF, 0xFF, 0xF0, 0x7F, 0xF0, 0xFF, 0xFF, 0xFF, 0xFF, 0xFF, 0x8F, 0xFF,
  0xFF, 0xFF, 0xFF, 0xF8,
  0x7F, 0xFF, 0xFF, 0xFF, 0xFF, 0xC7, 0xFF, 0xFF, 0xFF, 0xFF, 0xFC, 0x3F,
  0xFF, 0xFF, 0xFF, 0xFF,
  0xE3, 0xFF, 0xFF, 0xFF, 0xFF, 0xFE, 0x1F, 0xFF, 0xFF, 0xFF, 0xFF, 0xF1,
  0xFF, 0xFF, 0xFF, 0xFF,
  0xFF, 0x03, 0xFE, 0x1F, 0xFF, 0xFF, 0xF8, 0x07, 0xC0, 0x1F, 0xFF, 0xFF,
  0x80, 0x0E, 0x00, 0x1F,
  0xFF, 0xF8, 0x00, 0x20, 0x00, 0x1F, 0xFF, 0x80, 0x00, 0x00, 0x00, 0x1F,
  0xF0, 0x00,
};

static const lgfx::v1::GFXglyph Anton96Glyphs[] = {
  {      0,   1,   1,  23,    0,   -1 },  // 0x20
  {      1,  16,  82,  22,    3,  -82 },  // 0x21 '!'
  {    165,  37,  30,  41,    2,  -82 },  // 0x22 '"'
  {    304,  49,  75,  52,    2,  -75 },  // 0x23 '#'
  {    764,  41,  84,  44,    2,  -79 },  // 0x24 '$'
  {   1195,  97,  83, 101,    2,  -82 },  // 0x25 '%'
  {   2202,  47,  84,  50,    2,  -83 },  // 0x26 '&'
  {   2696,  16,  30,  21,    2,  -82 },  // 0x27 '''
  {   2756,  24,  94,  28,    2,  -85 },  // 0x28 '('
  {   3038,  24,  94,  28,    2,  -85 },  // 0x29 ')'
  {   3320,  40,  40,  43,    2,  -75 },  // 0x2A '*'
  {   3520,  30,  30,  34,    2,  -44 },  // 0x2B '+'
  {   3633,  17,  26,  23,    3,  -14 },  // 0x2C ','
  {   3689,  24,  11,  30,    3,  -35 },  // 0x2D '-'
  {   3722,  16,  14,  22,    3,  -14 },  // 0x2E '.'
  {   3750,  37,  82,  39,    1,  -82 },  // 0x2F '/'
  {   4130,  44,  84,  47,    2,  -83 },  // 0x30 '0'
  {   4592,  28,  82,  32,    1,  -82 },  // 0x31 '1'
  {   4879,  43,  82,  47,    3,  -82 },  // 0x32 '2'
  {   5320,  43,  83,  47,    2,  -82 },  // 0x33 '3'
  {   5767,  46,  82,  47,    1,  -82 },  // 0x34 '4'
  {   6239,  44,  83,  47,    2,  -82 },  // 0x35 '5'
  {   6696,  43,  84,  47,    3,  -83 },  // 0x36 '6'
  {   7148,  42,  82,  47,    3,  -82 },  // 0x37 '7'
  {   7579,  43,  84,  47,    2,  -83 },  // 0x38 '8'
  {   8031,  43,  84,  47,    3,  -83 },  // 0x39 '9'
  {   8483,  17,  49,  23,    3,  -60 },  // 0x3A ':'
  {   8588,  18,  60,  24,    3,  -60 },  // 0x3B ';'
  {   8723,  26,  52,  31,    2,  -61 },  // 0x3C '<'
  {   8892,  24,  29,  30,    3,  -53 },  // 0x3D '='
  {   8979,  27,  52,  31,    2,  -61 },  // 0x3E '>'
  {   9155,  44,  83,  47,    2,  -83 },  // 0x3F '?'
  {   9612,  77,  90,  83,    3,  -83 },  // 0x40 '@'
  {  10479,  44,  82,  47,    1,  -82 },  // 0x41 'A'
  {  10930,  40,  82,  46,    4,  -82 },  // 0x42 'B'
  {  11340,  41,  84,  46,    3,  -83 },  // 0x43 'C'
  {  11771,  40,  82,  47,    4,  -82 },  // 0x44 'D'
  {  12181,  34,  82,  40,    4,  -82 },  // 0x45 'E'
  {  12530,  33,  82,  38,    4,  -82 },  // 0x46 'F'
  {  12869,  41,  84,  47,    3,  -83 },  // 0x47 'G'
  {  13300,  40,  82,  48,    4,  -82 },  // 0x48 'H'
  {  13710,  16,  82,  22,    3,  -82 },  // 0x49 'I'
  {  13874,  40,  83,  45,    2,  -82 },  // 0x4A 'J'
  {  14289,  42,  82,  45,    4,  -82 },  // 0x4B 'K'
  {  14720,  33,  82,  38,    4,  -82 },  // 0x4C 'L'
  {  15059,  64,  82,  72,    4,  -82 },  // 0x4D 'M'
  {  15715,  40,  82,  48,    4,  -82 },  // 0x4E 'N'
  {  16125,  41,  84,  47,    3,  -83 },  // 0x4F 'O'
  {  16556,  40,  82,  45,    4,  -82 },  // 0x50 'P'
  {  16966,  43,  92,  47,    3,  -83 },  // 0x51 'Q'
  {  17461,  40,  82,  46,    4,  -82 },  // 0x52 'R'
  {  17871,  40,  84,  44,    2,  -83 },  // 0x53 'S'
  {  18291,  36,  82,  38,    1,  -82 },  // 0x54 'T'
  {  18660,  40,  83,  45,    3,  -82 },  // 0x55 'U'
  {  19075,  43,  82,  45,    1,  -82 },  // 0x56 'V'
  {  19516,  66,  82,  68,    1,  -82 },  // 0x57 'W'
  {  20193,  44,  82,  46,    1,  -82 },  // 0x58 'X'
  {  20644,  42,  82,  43,    0,  -82 },  // 0x59 'Y'
  {  21075,  37,  82,  39,    1,  -82 },  // 0x5A 'Z'
  {  21455,  26,  94,  31,    3,  -85 },  // 0x5B '['
  {  21761,  37,  82,  39,    1,  -82 },  // 0x5C '\'
  {  22141,  26,  94,  31,    2,  -85 },  // 0x5D ']'
  {  22447,  42,  43,  45,    2,  -63 },  // 0x5E '^'
  {  22673,  31,  11,  35,    2,    6 },  // 0x5F '_'
  {  22716,  22,  20,  30,    3,  -93 },  // 0x60 '`'
  {  22771,  41,  72,  46,    2,  -71 },  // 0x61 'a'
  {  23140,  41,  83,  48,    4,  -82 },  // 0x62 'b'
  {  23566,  42,  72,  47,    3,  -71 },  // 0x63 'c'
  {  23944,  42,  83,  48,    3,  -82 },  // 0x64 'd'
  {  24380,  41,  72,  47,    3,  -71 },  // 0x65 'e'
  {  24749,  23,  83,  27,    2,  -83 },  // 0x66 'f'
  {  24988,  43,  83,  48,    2,  -71 },  // 0x67 'g'
  {  25435,  42,  82,  49,    3,  -82 },  // 0x68 'h'
  {  25866,  17,  89,  23,    3,  -89 },  // 0x69 'i'
  {  26056,  20, 101,  25,    2,  -89 },  // 0x6A 'j'
  {  26309,  45,  82,  47,    3,  -82 },  // 0x6B 'k'
  {  26771,  17,  82,  24,    3,  -82 },  // 0x6C 'l'
  {  26946,  67,  71,  73,    3,  -71 },  // 0x6D 'm'
  {  27541,  42,  71,  48,    3,  -71 },  // 0x6E 'n'
  {  27914,  42,  72,  48,    3,  -71 },  // 0x6F 'o'
  {  28292,  42,  83,  48,    3,  -71 },  // 0x70 'p'
  {  28728,  42,  83,  48,    3,  -71 },  // 0x71 'q'
  {  29164,  30,  71,  33,    3,  -71 },  // 0x72 'r'
  {  29431,  42,  72,  46,    2,  -71 },  // 0x73 's'
  {  29809,  25,  83,  29,    2,  -82 },  // 0x74 't'
  {  30069,  42,  71,  48,    3,  -70 },  // 0x75 'u'
  {  30442,  42,  70,  44,    1,  -70 },  // 0x76 'v'
  {  30810,  63,  70,  67,    2,  -70 },  // 0x77 'w'
  {  31362,  44,  70,  44,    0,  -70 },  // 0x78 'x'
  {  31747,  42,  82,  44,    1,  -70 },  // 0x79 'y'
  {  32178,  35,  70,  37,    1,  -70 },  // 0x7A 'z'
  {  32485,  30,  94,  33,    1,  -85 },  // 0x7B '{'
  {  32838,  15,  95,  21,    3,  -91 },  // 0x7C '|'
  {  33017,  29,  94,  33,    2,  -85 },  // 0x7D '}'
  {  33358,  45,  17,  47,    2,  -55 },  // 0x7E '~'
};

// const_cast because GFXfont predates const-correctness; nothing
// writes through these, and the arrays stay in flash.
inline const lgfx::v1::GFXfont Anton96(
    const_cast<uint8_t *>(Anton96Bitmaps),
    const_cast<lgfx::v1::GFXglyph *>(Anton96Glyphs),
    0x20, 0x7E, 145);

}  // namespace fontdata
}  // namespace tabulous
